,shuffle_seq,pdb_plus,partition,prediction
110,QSQARDGKEMHAPTHGHEETSLTVQKDQTTAKLDPPVRHGAESISGRPDQPHTTVFDDDKKNGSPVLSTKKGELSEDAGKAYKKATGSGIGGGTPTSIGEGEAGGNKNDVGSKKSGLSSAGDDDANQKFQSESAKPIPNHTVSDKAGKPGVRVKVGKFVSIQRYSEKKEMSGLAGGVTSYAGPAQRPPPHTGATGIEPRPLGPEKVVPVLDGVKTQPATPDSEASTEIQLGDSRKSDVKVKSKSNGRPHNIPPHPIPTPMASQAQTGSKNGPVKDRPIEPRAKLTPTAGCLAIINKGDSELVDPEDPMSAKEPGGSKEQYSLTTKKGVYIAEPVEHPDAHDAVSGSGTPQTADLEEPKEASKQLSKGKMNTGKKLTPCKRVPATPPGGDITQGERSVKTGT,1.0,train,999
124,TGDRGPGNSGRQRQSGPGKPSNYGSMSGSDGNGEQMGPSGSGQFNSYSGRGLAGQEMGAGQGGSYGAGGSYGYGPPNDGGGAGSSGDVYSINGYTGGTTGFYNQGFKGGYGKSGGPGYSCQGPGNRDISRKGGHGGTCTSRSYPGPNQGGGSGGGKRQGRNGFQAPGGIQNQQSIGWNGGSGWGRGCEQIDQSRPGYQGSYFQSGSGPGAGPMSRREYSGRGSDSGPSPGSQGDTGNSYGFTYGGSRGSSGQGQGQSYGGQGYSYNQGYSTGQTSGGQQDGSQGYFGDMDGGRDGNPRPPHYSGSRTGRGWDQGGKTKLGGMQRGNRGDYPSQYYSQTGQAPGYNGQGYSSFGSSGFSQGVIDRSGDGTAIARICSNARYDASQGANQQYGGSGRKGQKGGVGGSDNRQNRGYGTYEKQSSQSGQKMEVNQQSQFSSSGGSTYPSDTFKGEGGGGPYGGSDYLDDEGGGQNAPGFQRDSTGKRNPQQQEYTVGG,1.0,train,999
1253,PTHVLLLENYREFQYEVDMLSLTPMPVAAGEQIGEAAKQMFGASGSHITRAVLPDQSLQANLPFPEMYAEDRATFLLLKPVLVIAANLDHFFSASEIPAKGIKLIEETIEKEVRSTFVTDLLTLHLDPNKAQVAVALK,0.0,train,999
1746,DGEKEANTIASFVYKKSFKNQSIAHFITDEVFDNPNCSTSIPFSLALDTMDTIQHIKYNLMYVSNYPNILQEENANYRILIKSIIKIAQFEFIQNLENIITGKAKVIFFQTEIQDAEQDRVISESSECLNFTCKNTG,0.0,train,999
213,GAGFRMGGWFGRGGRRSGGGSYRQFRGRGGPGGRGGRDGGDSFSGGGRGRRKRCGRNGAMDQGGRGGGDNNYDNGGEGHEGYNGPYPKGFEMYQGPRGGMTPGRGSRRNGKGDCRRRCAGGHDDGEPGGRCGPGDGDGGQGGKGNGNWPGRRPGGP,1.0,train,999
159,FRNRVYGSEIIGYFAKADGRKKELMQDSFQAHYETHLVVADGFFPSKHELVTNREYVIQFHKTGEGGCADAMHASLGAHVYYNPQENDSFRNNAETAVNPTVRKISALTQKYVIERKGGLKMEYADGSFGKTKQENEAQNPLPDLNKNISSQDFNRFNGVAHRYFMKALIQASSTPSIQAFMKKIEGEYNIEGQIMLRQENISHISHGAKVQDVYNTQMDGLSKGDGIEEAYINAEEQEVQRPGLKGSKAKKALAKLIDGLGPANALSGNVELFMMKHAPPLTDPNVPQQRVSLNREGDETKKDMAPPAYPEHTASAKGLDFQSQSGRLEMQIGYMPRFHRAANVSEAGGYNQNVDWEPDVAVSASYVCQSYALNPVLQKTIYTIGLNHDQDQLSFSNGLQGAFPKRRKEYPAPTKRKGIFYDGGDVFIELEYDEGAFEAHSDKNMQVECALHSQEFDTFLEVSKREKFTMNSVKNVSNKLPRLALVPQGQSNFSKNKIPFMAHTAATQPSDAKNEADPGGI,1.0,train,999
152,DLTSDNEEILLWGEEAKTLAIVDLKPSDASNCREWKEDKEKRKLVPSHKEKAKKCQAARAVLREKIDWEKGGMVCHDNTFLPEMKKEEEDSVSNEPNNRIFYEDKMTFKGKMKEGPFEKKESLFSESGKRIGKKNKTVQTSSYKEVIVEQWSRAYSIERNDRVEDSYKLMAGDNYFL,1.0,train,999
102,SNLEKGVHTIRSNKIIGVPKKNPLQQTSKDQVGLKGDKGPPKKGLGIGQSYNDVGHEEILALSSSDMGFTNSKKVVIGGQDKLKVPEHPGVHVKKVTCP,1.0,train,999
131,VLAGEYPKHFSKTLKRNEICYDQWGKSYKFGLDPYIGILPIPKYACITGATRFALARTAGLAMTAVNTLTAGLDSATAMTTEGTSATNYLMIRNIFDDLEALVCHDDAPNPMEKNLVPFITQQSAGRPCQGGCKMNCGGAIGSNRLGIKTIPLVNIYLPYYRSEHAIEGVTLDHITVSNLDGVNTGLRHGVLGWAAARNKFPFANTSESNTPDDGFGKACLRASNNLIVSLLEIEKKIQVLRIVLMFRPASLPWIVNCIIIALIKSPFKVIDIRAFKSAFVWQSVGRVTLSLGTYISFQSMSLTHESRARSNARYAAKCSALCKPYLTRDQLAEVLTVARVGDPCTFAQVALVADLRRKPLNGRGSFPPLMWWIAPDLLKEILPCLIGPVSGVTCEFSCVEKTGVWLLPVARVSLAAVFLLL,1.0,train,999
1445,RNFVCSEFSQQLLHFTIADFVLSVGGLRHAYRSVDKSRKGICNPKDISPLYFEFAAKMQTVVQTASVSNKLQVNPNAFYVSLKVVDLATPGQVGSFSSMDLDHFLIEFRVGDVHAEPSFPMSYIREDNSVVILRTEGKLRELVLEKVKGMGSLDPKMDLLVDEAQ,0.0,train,999
1197,NATDAVNANVAIVMYPGLIMVQNLQAPLDIAEGQMALVFGSVAAVAIAADIKMSEYAAILLLAREALTANSDHAPVAHCIKQATATGGKQSRAAGEIAAQRVPNETIAGARYLTVSAVKVVVIPDSLGANGAKTSGEPPFYDIPGVLIKTMAHGLYIIRDIFFISLGQNATVKVVRQALRYTQSKQAFAGMLIVGEKTVEVSGSALLTTNVTLPPQAYGGNLSMAEALEPRNKFFDAEQMCVKMIKSGLGILEMDSDRTHNDMPSYLVMAERVRLAKVTYAVAIIIAGAAVKEAPSSMDAIPGEGLVAEPGG,0.0,train,999
1547,ITKKVENANFIFYGYLITIQETKKELILIDYNTLKGIPIEKNSVVKSREIPKSIAFLPKVIILQGAEKLNIRLAEEKNTIKQPSIPTKASSKSKKIIFAYKPENSTSEVRLIWKEYQECKEIGGIPVWSSKNSGSGTRPQKITPIINPYKYEQEKNNLNKNDVIKQEKDAPNINEEKELETEKGIKNVNLKYSTGNPILHITKMSGAFNGGGEIKVVGLERATQEELFELCKLQDGYYDKGKSIKVIFLKPAKLWISLITKMLQLAKCGIEIFMNTMNILNLVKFLKKSSSKKQKEELFKKSPILDTNNGIDTLKTKVAMESFPSLLLGNLKEGETTIQDYAEKNHILEMSIEGTDEWERYLKVFMGLVDKGIFKFGLTKVPKSIKNYNTTKKSIYITVEKFKVENEKTVTLLEAEELSERIWYI,0.0,train,999
136,KYVWESNDRDKSFTWDMKSISQHRETGNGKAVAAANHGIGGNMFPIADEFYHQSNTEAVIADQPVVTPAGGAIEGKNYRPPKMSTRGQFSYRQSFQDPQVKKDVLQLYQTVFAGYISEQPPNGVIAPQNSNEGYPVGKYEIQEGKEGPKQQTLPYAMCNDWAQKAANCPGNHSYSYSPFLRFDEVFTTRIGFVEQPKVNKRLSVTSRGQKNYGVAASSSENWNSFSLSYTQSTDKQCYSAPIGVVVLGGYLYFKWKGQEFSMQSRQTPQGQCNTHEHYTMDPQTNAPIIDVVATQAAIVMNQFGTQPVLNSPILEWVMSKGVRMCMERIGTQAGATGWLIHTNQVMQWMFWAWLGQMGGSQCDDAVPGMRGTNPGSGQTGMQTLHF,1.0,train,999
1402,EERAAEVTAVPGLAGDAFAEDATNAGAPGADSHVSWVMVTDIFPGDDLLGEGLVGYVFEDRKEGDLLHRNLLAASGVDLARLAAGVD,0.0,train,999
914,GILRAKIRYSPPYVVKGYNKRLAFKDLFEVIYYFIAIHVYTAFTNQKFDFTGFTSSKSPRPISYKGAGIGKGNPYWVLYMFDSAGSIANKTDDVGMTDAPFVISIEDFKRATEIGTVNGVVEDEIFSAKYFYLDEDRSESAYYFKDILPANERFNSPDQKVLDLAYCGVNAHFEPSDKDSDLSPYHKNYKASSVESAKGKGIRKLFCCTFIDIGEGNGANRFIDNPF,0.0,train,999
1686,IVTIEVNEELGSDQAAKFVPGSPLLIEPQAIHLMTEAIYVSVARTGKCVLCQVLMWRSKRGGKHTGLMPALEIIVGYSCEITSPDLGD,0.0,train,999
113,SPPGGALPGVLVGGSAAPLAVAYAAGLSVAPAGPFIVAVPVGVAAAIVAGPPVPLGAPAGLGPGGGVPGVAGAGDFLHGFPGVAARGAFAFAPGAKGLGKLAFGAGGTGQAAKSAGGKAGGAGSGAGKRPFPPVVGGGPPVASGEAITAPKGPPGKPPGGVGVGGGVGGLFKYSVPGAGLGEVVALLRGLAYSIAGGAPAKKVAFVKVPAPPVGAGALVIFVAVGYVIGGAVTGGGPALGLGGYGAIGGFGLVVVRPGGGMIKPVAKVAGVAGGQVVVIGATAGGGRGPPPAGPGVLAVAGKARGGAGAASPAVGVFGLGGKAAGYAGARALPGAAAGYDALAGGVAASACGVGARGGPAPLGVVGLAGKYVGVAGGAGLPPGAGVLPLGKVLKPALAGLAPAYGGVAGPAGGGGGPGVGGTAPGPKVAGGGAAPYVGGLGGAVLTPGGPPQAIGAVGKALAGGGLQYAGGAGEGGAGLGGVDGIAVLPIGVLGPIPLPKGGLAAVKLKPPEGGGAGAIAGGYAVPVLGPGGLALPVGGRGGVKPVGTAVPTFAYVAPPAVHAALGQQVGPGGPAVRGGVAGVPSVGGGGGKGPAPPGVPKYSVAASKGGCGGGPAGKQGIVFPAPRPGGVVVGPAPYGVPPVLAVQAPAVQAAAFPKGAPAAIAGKRGAGGAAPAEGAVAAPVAGAPIASAKAPLTGAPAPVAAAVLLAAGAGPAGVGKGGVAGGAVAGAGTGAAAPPPPPLGKGLAGGGGGKGGGVLASVFVVAGAAGPGPAKAGTTGVPAGVL,1.0,train,999
100,ASMGGITKYGKDGPHQPGHYQWTKTEYGQCTGYVSGIRNVGGDQSCVEAGGNARVGMQGGWQKNVKGMTTRQNSGMHPYVWHGPSSNMGAWGPEQYPAVGGRKRGPGFYRKGSNGEMYTNWEGPKYYSQPQFIMQWMGLVPKQYIMGRDYRGEAVSFGESAHGEPSAQGHEDGNRGGLNDNGHGPIGQWTGTRNGKYTHPRGTPHQHTP,1.0,train,999
1187,QIEEVKKNGILPSRKIIEKDVQVISDTVFKDTVKVVKFVVGLNKSDANQTDIDKADVKMVTELGDVEISETLVRITEVVIRLPDREFGGAVIKKEIVAILLTKGSGIFFFMRIAEIRILHLLDLLYILLFENSELKKEMSADIGDDGNPRV,0.0,train,999
235,DDRPCTPHYQGPFPECLHPLRLRHFGYNHDTGWRLDRENPTIRLRYGAVVDPFFERRTRVFVDFQLTLKEFFYLELMRLTLSNIKATQFDAPDESVDKYLLTVNLCFSGWFLLVNKFILALLLKRLEPALIEPAPDHIIYKPSASGLLFKPQLLVASMGNVKLAPPTWMLALAKLSAQSKILDVFLPSTKQIITFVTHVKPANITGGGVHRLKTAEEAAIHTVVEMTGELVHGKESSNYLVDLRKVGGKYYYSKEPQTVVIFLIKGVAEKILWPDQEIADREIVLSAKKGSQDRHDMV,0.0,train,999
141,SKDFPDGGQNGHGKYASSRIEAAGVAFFKQIRGYMKEDYVGPRGGGQGDSSGYGGRHGFYGEDAWLSGFGSSPGFSGMSFCKGGHTGVKRVEPGKQSNLGHGISDGSGSGDGLNMGLNAIKGGPVVRYAHESSFAGGGKGGQISKETNGLLFGGVHTGYPYKVEAGDGVGSYGGGRVNGDEKEQEGVGGRNRGNHAGGFNPGSVFYGESGAGRGSRGAGAKGCGATQSGQSRQTSSKGGVERSVTGFGVGYGKDKNIHGGCLGLELSQASDTYGKFGAVFNGFGKRVSGVRYDAAYSAGVARVLY,1.0,train,999
214,LQRISRTAPATSVHAPHVDLPLMTLMAMIFAPSYKVQVVPAQPQRMVSQAMHPKGTMLQIALMTAGPDDMGTTSNVAFVITYLPAERPHDSTGKPQTPLPAQQRPPMGNTPIPPRADGNESTYKGQYARQAMTGLGAGPEMLRQNGSPGPPQVLLGQTAPGSDGGHPMMLMYAGSMTPHSPPKQKPPQSKPMMSMPTFHQHITIPAMHISATPSPDKQVAPQIPTPFELEPGTNDSFLPFTGQGNTHLVRMPTPTPPKAPLILGPPGRSPSMSPPDGSHGIGKVGSGLPPPDLTGQRPQMQGGTPPPPHTGDGPGAGPSVPSGPGTLGPRSMAIQKRPVIFPASQKYGASASMPTPRQQD,1.0,train,999
165,TAEMYPPLHKPAVGSTGMRSSASLSVSSHPSDRATNVESPSSDKENEHISRRQGSSDGSANISAVSSSNSILQSEFLPFSNENHAVEHAVPSIPVLSSDMPPPGRASYELSSDSGTAQSFTGSQIVPLDYSVEIMVASTTLILGTLEMPHPENGVTTNQSEESYYHASYASNDDLGDSKNKESNEYQDREGESKDTDSRHLDSFEVLRATKKYTLLNLVRDSKAESSSIEDTAAAPADETYMGTNEFLTINSILQSPPSREMEKKMELSDEMISLGTKRDSSNTTVQAGDSFDFRLSSILKASLRLPHPEPGGDSQSSNEQKAKKMPSLLILVKYEVDRIGEKGTAPTSDETNEDSQPKRIVKEKPPVSNFLRSTLPAYSDSLREARDRKPLGDYLLLQFTSYHASDTKVRNYTSSSSLFRSEATIRSLNLSAFETARYLIYYSLNPNFDRD,1.0,train,999
193,DGVDRQSRMVQNGSGSTVFVGGNRIHGGGPGGFGGKLGSQMEKVSNAGGFAGGFYSVGVGFKIDHTEGQSLGGEARGSRTGHMYTASIGNIFGFITHARKDNNSSKNLFSFKSRFKPDYEEGGLKDFTKSGVSTSRSASNMGFSKNPYGSNSKDDSSYPKFSVGRNVTYTQSGGPEFGHGRGCSGGFYKYEGKSRFGGATGHEEGEHPRSMGLVDDRNYGERISNGLGRRERGRKPDQQDVGWTPRPRFEVGLCDYEAIGAGGDHKRIRVQYMGNRVQSFDQNENEYGGAGGRFGTKLGSFGVESESKAVD,1.0,train,999
792,GTGPGGILCKGGIVDDTGDIMVEVRVTGVSKNKPSEINEVIKIDTMLKVVRQGELHLFASGRPAVNHPGVNPAEGNIHANVYDVIIELKVALLEITGIDTYKLYDFIEVEVEIDRTTLTHIYEGPGGLKIKMIHEVLVEVKLKAGVITIPDMAIGDLTAAIKFSNDLGDKHEKNQGDGSAYACKLILYAISIAFIMMIKGTEPKSIIGEGVMQVNAMEIFAHEGAGIGLKMGVKKEVKMVEKPLKKEITLLIEKLAFKLRINLKEGARGHDVSNLIGAAGIG,0.0,train,999
678,RLIITLKYRIPILAGLRVFADVEKLLEAIVAHTTKNPGYFFAKFLPTRVLDWGMAILDGNSVSGLNRLVAIAPELGAYLADAVRVAKEPFGLLVELLHGKYAADVLDVINIKEEFKHRDALIMSVLVGSDVPYRGSLGMAKYNGFEERTCQAPEKKFKKIDIRGRNLKEVTETDKTFTFVITHTPALKSEIIFAEFSYDGFYAGKSTKGKSGKIAPRELAVIGETLVYQERGGEEVPTGRVVSNDRSE,0.0,train,999
361,DRIHKTLAFTLVITVLLAIPTSLKGGSILINIEIISEKQRETWIRLNVKIRKPNTNYISYPLLALNVNIYEQLWDNEMIFKSFEVDVPDYTETSQANGSTSDEKMEGISYIITSFGDERKMKFLRPTRKNMKDRALPDGRAWGESVEGPEILEFALLPVVESILSKRIHKNFDDNPSKSVHTYKKPTIWPIR,0.0,train,999
1624,NPDRPKDTLSNQEWSEALAGGVGGATAEEDVDLGAAFTPQPFGIVLTLATTKMGGHVRPSRVKSLPELSFPPASAIMVTRLGGIGQLAHYSATPGPDSGTLIFHAAVHLAFPGGPVRDTWGALADGLRVAEFGMAYADPYERVHPSQTVPLSYFALPVAAYNSQPWYYDTRVVSNP,0.0,train,999
741,SSAVEGVGAVARTDAGRLQLGWLYMKFGDIVFGWDAHLVKGGDITLQNCLDTGTDDEPLCRHDSCQPGVQLSKGIVVLINPTSANTDSAGELVHGHFEQFMSCVLTLDQGAMDLLKTFSSEPRGHACNLTVVNQVRDILNQGPLDWALHLVNRQRDIEAEKDNAIATEHSETIALYEIVSGDLLLRVLSRRIDITTTGLHETAGNQPLVFKGALYLQGGFGDRTVKLTYDNFRIAESGLKDIESDPAQEVAAPGELMKCLPALAAYQLMVELYGGVPIDGGEIQITLQWLKGDTTPGGATFQKAMPGIPKPAVYPADANVTAVSNSKRKGMGGDYDNAESGTVSGYLEHCTLVTLT,0.0,train,999
155,DFRQIRFRGGLDELGGVPGVRGVERSVMGGGVGSNSGRVNPFEDVFRGVEGLMVPKMLVRHKNFLVGGPHIPGRRKGGVPVSITSRTRVLHDKKSGGKSRKIDDGAKPGPLGTIGREDGGVVLRETPFRLVVGEGRPTEPDAGDSHADKAAGYAGGLGGGTGNGKAGGGRRENGGSRIRCFVGAGRMPETGFYGGVGRYGGSAGEKFGGSKGRVRYKVGGTHKVGVAPASKIGGGHNGAVNGPLGAGRKLLLIGRECGARGDVVQGVFVFMGVGGLGYEGSVNAERAFNRVDIQRRDWSSPGEGIEGFANRQAHARMGDDAFKEKRVGKGYEGGVISGDAAHYSVGYGRSPF,1.0,train,999
85,NGSTQGYPQYGQSGTQDGSSYGQGYQQYTSTGGGGQQMSGNSNSYGSYSTYGPRQSAQSSASSGPGSYQSGSQTGQGSGSSSSNYYSGSPSTAQQYSSQYPSSQGSGQQQYSGGGGSGPSYQGGGQSSGYGGQGSQNDSTSSQYYQQQQYSGGQSQDQYGGDSGYPNQQYGPGQGGSSAQQSGSQYYNYGQQSGSGYGQQTGPTGDSPSYPGG,1.0,train,999
218,LVVQIQQPANQATVQQMQMANTACQQILQLNVLQHIPNLKQKQRAGHANLAKNAMLSIPAQPAFIIQVAQSNPRLNINNKQLNDATRTSNNANELNLNERPQLNQNQVDQNILQQRQKNEASKAQPIQPKSQYKIIAKTMNRQVLYAKINQQVCAPRPANQQAQNFIEPLNKIKRAVQQLNARDIQDQNAMQKTNEAFQYLFENMANAPERQITFASAQNIQPAQDKSEMTRTFVVSKALRILPDIQAANPIQQARQALANPSIRLQDAQTQWLAASEQAHKFNQIQTDINRKQKNQQFKGEEAENQASTQQQVQANSPNNTSLLTAPNLQQQQGTTNQVNQAEFRQNNAQVQEKFNINAGQQELNVEKQTVDHQYPSQVTQAKRVQRQQMKNFNGNVPAKLQNMTEAQNKFQKKAQQMNAQKNSNQQQSARKNGVGERAQQSANNKKNQVSVLSLQQADAQMQLQSMQPKTTKSNALNNLLKLKYWMQQNDLQNLLITSGQEKMAYTNQEGQFAVTNRQAENGNIKVANQQDTKHPIGNPLNIAAIQLVQQLQFNPNPIQQATLAQASQKVLQLDNHQQQTAKQQQEHKVAAQAQSMSGPGQLAIMLGQSNYAIASQNYRTSVANQILAEASNDQTNAQNSQIAV,1.0,train,999
177,LCLGRSRAIVLLKLRGDRLGISKNDENVRCLITMKGAINAFNAGPVDHGACVNIYNSCLTADDQQTFISATQLCRPFLRGASLWPNAWKCSWLKVCCWISTRNYAEWTYNSNKAGWRGDGALARAGNRCVSRGNNLLSGTNDMMSVF,1.0,train,999
1275,TTPFKDTMLTAVAAALVVAFSQDALWHEKVEQSFAGNDFGLDQGDALVREHEVLQPAGVVFTAGAPLDMATLRPLEIDRFV,0.0,train,999
162,QGNIQQQASENKPQRLQAADQVGYMTKKRAISGMKEANEVKNIKQNLRSGGPMTPDELQKGDANHHFAVTTEDKKEQEGKGQRSLERNSGQRVQFSNSMAMKGFRFEVQQGQDAQISYGNGLYYTTTAGGRVATYFNAMLVMENGAFLEHHNDKQEPRYEVYFDSPFMVMAGPKRFFTSVYSLGKKNYEWAAQSHLYLQAQQDVMCDEPKHEAGLVTAYVFNYNHKYLIIVLNNRRSAPLPDAPIVAKTSTVLQTDCTENIYLVGETEEARMKAPMEDDMYIQAENTGSALSLDSAELAEGPLGLGAEEQVASKQLEPKYQAQASEKPKLVASGYHKHRSKPPLEDAPEGHVPEAQKNKQLDRKEPIPLKEQPKRRADNVDSQYVFFFLEQSDKKGLSRRVKKHNIGGEHQKFADRLFNAFPNDQITEIGSLGEEANKPFLQHYKAEASFSYGIKMCGAQVTPEKEAISDFNFMNKSEFIQNKRAVTISYQPSVIAQEPANYPQDSVSASGESTGARLH,1.0,train,999
143,QILDTPGGRKEVLEDNREGNVPGPKVIGNEQEAGTSVQGYKYKDVMSYHLGTDLPADGMKVSGNGYQVQIGGNDQLGLGAQKKNGLIVNASGRESLRELSIGGLGMYIRVDYEGGRIRGIGGIKGPLYEDREHPAGRVGGSERTGKMFFRLRAILWADENGAFIPYNDLTFGQVAYMMGNASLSQDSSLNNIKISLGPRGEAGGRERRLALYTAEGFIRGKDRKEDLPLEDGFSGRQRSNLQFPPDGVPRNLILDSGIRSDGLSASNLQQNVGGERVEGALGSEGGNMSKRGGGGYACHIARNEMQDRNTRPMEWRYPGANQSGDQTPIEGAACYSENGDSYSSRPTFCGADTQQGRVSGSNGMHTGADAHNMYGWGSGDVNNNGHGGWQRHDGNITRRPSYGLRLTVAFGFNFAMFAPAFGRRPDGTNGGGKGFGANLYGDAGWGSNNDRYARAGVSRNGESRRGDGLNLDQLNSRVYRVALEEGGQPEEFGDESVGGRGGQRGGQPDVYGNGIEIDRDRVIQWNITEERSAQGRVGRTQRDLSGDLEDSRGRQRDVRLLWSDKSVLGEAQHHTQDSQGNGRVNGRTYGNVGGFDPLFTQGDMIGGEKDGNGYRSDGTLYGNQAGTLNRANGLHSLGIQGKITRGYSGDAASLCFYKDDGRGFYQRKNRISFLLATTDRDGLNSVGYVPGLDERGKPQAYRDIDGGN,1.0,train,999
808,DLLAEMELVLRVAGEFLKGGKGPRVKVKTRVARGVATAFVVRGFPDELEFALGNSAELNELPEPQPELVGVDPLAGLKEGLSYRGEPARLVLDAFFRDLELSLSDTARKVGDVILGGSRERADWLLGEESAETGVVGARVPLGGGHPGATSGAGVLKLMTKWLV,0.0,train,999
158,SRTMVNAGDAHDSESVLFQSLTMEPYSTKNRNCAFHEDVAAIDAEHRDKSLKVKYKQEYLSKNIKLNDAAGVDALKARVLAKEERTVGELAKVIKREESQLTGEYFTVQHKFTTAVEDSKGQLAHKTEYNTEHVKEIQINRDFYKQGAQGFDKHKISLEATRADSQYVVNLGGHECNQHFAFSVQMLVHEGALGSVPGGINSGASISFSGSGKKLEQVKLQENKGEGEEESVAMQGHKHTKEEEIQNRLGILQSQGKDSQFAEPLKTLFPQYSSSDEDCQLKYFNYQESQILSDSHDKPFKANSYKDYSLSNVETDIGEHITYYVALIDQTNAHSTRLELRSKVFTAYPVLPKLENKVEFNDDHKLPAWPQQTRRKILILYENRNYRNNEKPDSAQLKQSKVAYLAEYFSNANIMDSEGKAFEAVFLDDAVQGLEEKIIRIGAMRRSKAKFGRLFGFIAAIEQEENALYFAPHDDPPEEQMKITSGEEEQLKGAKMNAGAAQQSTIISGDLKA,1.0,train,999
184,AYNLLTIESNVQGIDIISNRLNAQTMVVHRRSMMRNEFQFGKYNGNNPPIQESDPQVEYSTSQLMMYDIAQAAIGNNQNPSQQTCHNQNNGCLPATFTFPVGVAHSADSDPSYASQFENDFHVDGFNLNINGPDISSKQQNSRIKSKSIQNPVLDHSNGQQKRGNPPVQRMNFYQPMEIQANAQVRSRDDDNANSGNFQMNGGECPEAMQMNHYSLQQKASPLAPPLGGYKIMTWGEDAPVDGGSNQEERQYDPPQQQWQPDTANQFLLNNMEDRMFPQQFNGQVLAPLWIDRQQVSVGNFVPRDMAKSHNETQQVFQTTGKNGIMQSFRNQVNFQNQEQSKKAANDEQPSEAQKNNQYTTVEFTGAIPQQLYLIDIFGMIGQDLINANEAVHGIVDQQNVNTLSNEAIGGVRMQGGMQYRNAVRASLSQEQAPVIAGNDDQNMMPNWFKNGN,1.0,train,999
174,SRTGRPPQALPEMLRDGDFHYNPRNNIMSSWWKVQIPAGGQGDHLASATQGRGQQGSLEGSSNVLDPQRSEDHQSGAPEPQRNDRAPQPNMLKNQGAPLASAAPKSLPQVVIQSAGQNASAAEDGKRSTPARNQGRGGMPTQSSVGGERPPNGSGGPPEKPELPPTKFPMGRPWMSVKPYTMLDPVAQRGIQGCTIHADLVRSFGGPVDPSMSSMYAIEMAEASQGAFLDAPATVPKAQTLARSNPGLSFATRGLGQGVQHTQIGRQPAVTREQLRSQPQRIGPVERPARDGPGPGGYVPPHAPRQQPKPPNMAVRAFPHAAHPFSSAQPHAHAPDTGKQQGKGVPGNIAAEPLKFVDPGLRKACIVSTTSGKPLPGACVLYSKEAPAASRSFGKSRGTPKRPAPPARSQQQAPQAGNKAPLPGSSLGGHVTMVSSLMVVSPDLVQDAMYFASGGAPYGTDKEPSGDKDQNTAPRFQVVGSGSLAPGRGPAQDDQLRPHPHQPGQTRGQRLAAPEQLTVPKASSKPPKGKRADQHKGQNVVQVVPPILRESPLPYKGISGFPDSQHSGNALSPLLGKPRTDFQPPSARPIANKTAEHVTTTLQYLGTLIPPYKSIAVSFAQYSNAEQFQGPWQFSGDTQVTFVGPDIHTGGDQGPDPYAESSLPPAAVLKFVTYAQKTSPAQPNVPVSLLPILLGIPVPIFGPAA,1.0,train,999
1116,LGSSEEKRRDAPAVEAVSLTLKTTLERLGFGGKAAIEESGAADDGDLSTANQFAGKKAMLTDLYNIAPAGAAPGYDVFQPLARGLVFLMDAHGHIPTGVFAMLGPVVGPSARGLHAQPTGMADVRYFHLVYHGSDGMQTLRTRPKKDRLVPGQDEGKKALLAILTDAYLPLVGAKVLPDFTYVPMLREDVTCLAGAVVDGDLGHSMTEEEVLEKRMPRSMVPKRDESGRKLAALMAFISIARCVFANIAEGPTFSTLPKARFGSFDDAYRGIAATLAMGTGGRACADQFAIYPLVQWETIREVEVVVGIGKIQFWSLLIMLNAGNGNTRATAVLSAN,0.0,train,999
825,PNAIVFVEKALYNAPVSQTISLSEGASEYPSPLKTDATRIYTQLPKAGDQWCTQPSSRGAVQLPASPTVTLDSNGMLLKRDQAENPVVRTIIPPLAVTSKTVIAITQALMQEGVDLASGFLPIRFTLDSVTFANQATSVMKLKSTTAASNYTPPIAAAPVIEINLILGIAPKSPPRYSSKQTVHALIT,0.0,train,999
639,SNATAWSIISTITLSTSCYIHSNPHLSTLAQTSMFPKVSECYHVSKALFAELVLTKAITLIDCLATYKDISSNMNMFQNLCKASRLNLAPWCELVLGRLMKSNTKFASGADDGYKYDSSPNKNSLNGGVTNTHKTRASVSHSLGSTMLNACLIHSMLANGQSMGIQLDVATIQLHTRYAQFNMAIPLVGPDNDILEL,0.0,train,999
219,QQLDTKQDFFYKDKMEFGEEDGGHASGSFETHEKYAKKSDYFERVQGKSVARKCWENVLSKFKGSYFKVVQQAGTFMGQGFDQEEGQRVAVQFKDCDDQAYHVGEAVKMGRSERASSRKKDGKKKSYVGDQVRHEDFQQASYSKYDGKKEHVTGEAKEFGVDGVSYGYVSRTDVIGGHQDAGSQDKYGKGQTGGSKQVYLGKQGFDGGFKKKLEQFGQRDYVLGSHQSDKQVGDKDVSSDYKGGKHG,1.0,train,999
108,PSKSGAQTSSKSTVQRTGGSIKFSPSKKQKPLDPKIKGQAVRIKSTNHGTHEKMKSGSTGNGPGQPKDDGTDPELPLGRAYSTATSPQFGDANSTKISQKGKPELKGPYRGMDQPDPDQALTGKPKDPTVHDSSEGKRPSVKKARTTSTNEKPPVPSSAGPGRSLVKQVIPGSLAAVAHKHGFIAAGGVGETESYMCMAANQGPEASEVGAHIANKTPMQNPPALPKKGKLVLLPVRDQSVLSTDSDAKASVELKRAGPKDGGGNGEVENVAGDRDHGAEAVQVTKMGKKNSKDYDRPSRDDLGTHYLKGPQSVDKGTTHESGQKVPLGHILIAISNKVTSGPKSIKPLLEEDEIKRGTGTVSGVRPVEPTSDIDSIDHCSV,1.0,train,999
722,DRDELVSVMPTGVVGHWPLVTAERELGVYVLLNLQAPRASATGSSCEERQLDLLKTLTATLRQALKRAPLPDPDGRVLAAVFGALVPGGYPLLQHQPRTHIRRRPREVDGHLQPLSNEELSIGVKYDQVVVWVLPAYFLAAAIYYAVPEEDSEGFDEGAALKTRVVGFGDAAAYEDIDVGLTADEIARQYLDVGEVVPGDSDKKLWAFTGRKYEIVLTFGRYTEWALVTSTVELPYQVEVPDKRKRISAIYVLPLPAT,0.0,train,999
172,YSLMGGGGPYYKFGGGNNGGTIYYVWYAGWSGYWANQVWANFPLLGVGNHNYDLAFYYNRKGDYPVNLN,1.0,train,999
186,NDVDHDWGSSEGQQIINFVSEGIQRDFLKLSSGAAFLSIEDISVAPRISKLDDNMENTAQDRDNNVMMATWEFSSYATQHKPYPSDVSCDKQANPTSRTAKAREAIMDKPLIVKPRCPFYTENEPGVVEMRRPGLSDNKKESGMEGMPPVSKFVIESGGDRCNTGGGGGQFFVQRLGMGPVFVNSSRGQFRVCEAGIQDKSSVMLSTGQGGERVGRRVQGGYLNMNIEKFSTTSVNNGKSLDNWAYQKSLAEAPNGGGTLMSSRFNFFVMGLVSMDHEQGFNEQGCAQGNPVLAFQQGMSASTSSSPLRFGGALGSEDKNDMESMQTYDVSGFSTGQAGVGWMQFNGKDACEAAITIFALAKFKNGGAPYGGQNGLLGKGLFEKYNRLDGVIRGWGGVMRGQSNNSAHHNQWGS,1.0,train,999
1298,ALDGFVYVPLVNTPLIILDFESDHVDDVNAIRYGIDDIKVQVETAEVSSEGVVRNSKERPLPNVTHAEDDENVEAYLFDVGAPVSYPGILTFKEFTVDAGAADVYALAMDLGPEVIIKRMLGTRLDAAAAIAALEAIAESIDGPGVTVDGLALFRRWPKLVGLWDGEHEEKSKTSVVEEYTIGFPSEPRDSGTTLDSPYSLLQTVEPGHMGVDAVIFHGEAVFTHFEAGWYYRFSAIRPENNAPHLEMGFTTEPGAGPEQLIEFRVEDLDPDQLLGVPQVEPVMGSHKVIEGDFSFREAQVTKGDKGSCTFKRPRGHPRADTDARVAEKLSSEYEFLPTPMMRVTHDEVHDHGFEGL,0.0,train,999
125,RNNGPYGGPGTVEGPQRPPRLSGFGQSDGTGDSTRGEVYQSPGGRGRSSEDLGGSQGFGFGTINQGMKGSRANGYGGYNSSGASKDGGGQSDPYGGFGFFKSGRSKDGSSVGGRIYQQKGSIGDGSASGGRSDGSSLEQHQDGPSVGIGQGKSFPGAAMRPESGGGQPDSGGGQHDKMYGYQSQTPQQTRAGQQGQTSQTSEGIGGGGGGQRYYGDNDGYSGGNSGQKRQGYSYGQGGRCGQTRPNSWTRMSAGYGSYGSMIGRNYGGYGCYSQNDGVGQDCSSGMGPSGDSIGCRQGGGYYGPNQPGYYQQGDPRTGNYGSAGNNQGGGPGGRGYWGRGIGQSGTGGQGGAQTFSGYSNDRAYGKTNGSYGDYSNGGRPGSSGYTEGSTASGPFDKNGYNSQGSGGGQRGGMFGGWQTQYPFYPPESQGQRGSNSSGGQDQGGGSSTNSQPGQRKSSAYPQSSRRYGGSGNRDTGGESQYGQGSDAGRKNKGNFGGQGQ,1.0,train,999
205,GAFGFSGGSNAMGINQNGSASMSAGSQGGFSYPGAGANSKLANASMAGELMFGSSGNMNAGSQWGNPGLSPGNNRGMGFGGQSQNWIGSGGSRQMGNWQLAGSMGNGGSRRNQNGQNASSFNGGGGNGEMQSGGDNAMPQFFSSARQN,1.0,train,999
646,KDKLAKVIKKVASSAGSSATAGKRMKDRQEIIKVPPSKIFPAIFAVDFVMVQYMLGSLIQGPLIGSGSESNPVEFSAKQDFAGNIFNPMVATKEGTLAYSGMDKGKSQRKVINNSIIKTLLWNGDLAFFFDLRAEQLNVSKDGVNAGLAITPMKGSLLQAVDYTQEAVISIYYSRSTTCQDTDREGGTQPASELSIVALGLVYKERLGADNIYVARLALYPFLRPAAVHHVYENLWDRKIRIDQVGPITVIMCPEAKILDDVTEAAPAFAFKALHFKNRFNIETAAWDDHAGSPQRKTKAIRIRVQRADKKKLGNIGDGGMGGFYYEFTANTSYGVKLNVAQRVTSNATGELARTFSIKHYELQMMIQNNFSLGQHKNTLGYSSSEGIYDDLMPSGAVIDQGGDVRALDAVGFEGCAKNGVEQEVLILSIGEIPDINFIAKGEGGDLFQDSTPIVKGTGDQEGCSISKVDLTFNWFTHLGRETDGGSTDEPHLFPQFLGAEVSPAIVVASVINRDFRLFALTYRSSDTVVMGCEREKARFRDLSPEKFEIFTPIVIIIPIGA,0.0,train,999
715,LGAKFLNVQELKALGMDVLSIAHQLYKDDKGEPVGEGAKTTQEALGANVLCTVGANKDWDDENDAKPLSHLLADILHKYHLLLIKVCDPCTYLLEATVKGAESLMKAGKDGIFRPDRE,0.0,train,999
905,ATEPEGIDKFVREWAVEIQSIEGIHYNIERKLPVEELSKNYIVLEVVIAISFDVEITVYCLHNWNVVKYEAASNRKVITVEGGARIEKPASAILDRLSVKHLYLLYVKLLNAEIYVDRIAMENKNIFVLFDVEVEAENRYLRIDLIIMAQVIGDVGNSLKSLGQEGDLGESIKPAYANEVGAMQSIPASICIKIYVIYGGQPIVEIPPCKILKPVYAREIKGTEHGMNDRKGNERILTLGAFSYDDQPVLKASVVLRRVPTFKHKNRLPNGSAADIQPNAAS,0.0,train,999
1283,IHTKKPMILRKKELIVVGRIEIKKCDVILNLKLIAVKNEKPVTIIMIELVHKKYERPRDFNIDREGLLFGVVREDGKGAALIVKEQTGELYPVGK,0.0,train,999
1631,QEMACDTSMEPLDGTINKDLWKRSDLLPNKVNGDMQQKIVVKTKVMNFTKFIILSNLGPKVKSNNYPCEKKIWVVSIIEPLDPIDWEDLELKIEFSQGSMISINE,0.0,train,999
1254,GGEDMNDSEGDDVFHHVKVVSVKVCVTKALMQQQDGSDVKAEVDAKEAEVKSVALIDYAGLTAQCSVIE,0.0,train,999
1671,GFCSAVIEMYFTRVAVGSAGIHNPAIMLATDTRVKDARSIPNFVVGPPEGEDALGEVFVKKKRVDKFNPFMVQVPTFGLGTKIDDQKLRYETAELCGHDKKESMALDALDPQNKLPLQESCCRSACHT,0.0,train,999
154,GFSGMGFRGGGGDPGRGFGGGRGGGFGFGGGGGGRRRYGFEGGGGGRGGSRGGPGGRRGPNRRDRGGGRGSGSFGRRFGGGGGGGSRGGGGRGGGDDRDR,1.0,train,999
115,RSGFSRYYDGGSSFGGGPFYSYSFGNFGRGSGAYGGSGGGNSMGGSYNNRGGSGNGGFAGGGGYGSSGKQPNNGDFGNQSNRFGGSGGGRSRSGGGGGGSRKQDYGFSPGQGFGNGFDRGMGAGNSNGGFSNNSR,1.0,train,999
1499,FIDGNEPTLIENPKLGIQAGGTEFGEGRKTPTDEAWTQCVQGKIKMMDHGKFRPKAKVGFVKPGEAPPYPRVHRSSPIIMLQLPQRL,0.0,train,999
130,RQTGFKPYACSVAATRQRPGPKGPMSSQQYAGVTDVDLTYSAGQSSETSPTMGGPGSFGQVEVYGPCYRGNPDKGNSLPRSGGMGQQQRGPPMPPQKGGTSGPGLQGDRDPTYAPGEDSPFGQSRKQGFYQGQRYGPTEGAEPGEDMMAGPGSSPAGSGAGGPPNWKPGGTLPTGDPPMTGRVPRRGGQGDDYYPSGDGDTSDSNVPYREGQSPGRSVRQVRHSPPTPTQPPDGGRPGIRYYRGDGSAAYGDQRAGFNGDYQGVQTLGDGLATSQGKQTMYKGLGQRTRYGGQYQPPGPYSHYQPRMAVDGDAQPFRYDDQMTPDGPDFPNKRPAGQAQNSYPRQDFMYRKFGCSYPPGGNPPYPGQQNLSQGMYQTAGTAGPKRYYTYKSGGAPGQGPPSGMMGVSTPAETTGDQSERGTGQMSFQGSGRAKQPGYRGRPGAGADGQGTTPVSWPPPSPSQELGTLGRGPDGMFRYGGGQRSFGYGISSALRPQGAYRESRGGQMPRGQIKGAVQTSGNQGATGQPRQYYKAGYGCEGPKGMGQSGYTRGNTLSTTKGYGFERQASWTDSSPYDARTQDAGNFTPAMGCKTGYGPGGGYGNAMSSTQLGSTSTMFYLVSGHQGSQPNARGPSNGGPESTNSNHRESTAQDSPGGA,1.0,train,999
216,MSGFLAQSIAANFNSNSPQAGMGLSADSKGRQSRAGSNGSEFGWGGNMSMNQAGNAGNSFRGPGAMGNNGGSAQMGSGQNSGWANNSFLNAGNGQGGSQSNIQWGNMGGGGGMGMRQNAMSGQRSSSSPSSGGAYQFLGGGGENGNPFF,1.0,train,999
1157,MSFLYEGKDCSSSEQFEHPKFVIAPLNEKVLTSVERDDELDHEEMPLGLWVVQIELVLPTQSGNRPNNPTSPILDPAKRGLDFNNPALRFEFIILINEKVPTLLQLAYVSCGYIPKVKIGYFHVNLFIGLDTVFYIKLLHAPMGTGEGYYATSTYMILVIGEGLSEVSGIPEQISTIKAREIPTMYGLKEDFERPHYHLHFKKEACVAEYLVEIHCKLGKRTGVHIENEEFEPDSNQSDEDTIEGTLAGV,0.0,train,999
91,TSSTSPTPPSSSPTNYPPESSSSYYPGPPSSSSSPPSPQPSPPSFNSTYSSYYSYSSSTPPPSNPPQYSTYSPSKPYYPSSTPNSSSPSPYSYSYASSTSPPAHTTSSPYSPSPSSYSEPTSTSPSSTSTSYSSYSYSYSTPSPPEYPSSTPYTPPTAPTYSGPYSTPSPDSPSTSPSSYRPSPPTSPTTKP,1.0,train,999
1478,LVVERCAFVRYRVLLRRGLVIAAHPFAGSGLLGPLAMASGLREPPTLESAYAALHGGVWRAGFHVLLRRGFGGNAEHTCARMAFENAERELKLTQPGLRRKAERPRLQYTEPPVPTPKLPHEWSNLLIPFMGAYLAKTVRKPAGGPDHPLFGSVLPDSGDCEREVRYCTARFARGGLELAALRLVYAAHHGYPLLKTVSWRFEGSEADPRQLTLDLTER,0.0,train,999
732,LLLQSLEYRFLTIIYEAKPDPKPTRVGPAWGKQNPMSADNGKDCGKFRAPMRMKKGDCNEDVAGYCTVRFDIPPAGGVFTLHVMIAGVTTEEFMAGVMQHISAATGEAACHDLIMGGVGWAVEMSRVKGVGELKALSAVTNNKKGCDIRHQYEYSVGDMGKAQHPTHLHDTALPVEADHSTAIFSEGMIGGRYHSKLGRQICTDELGSACYIGGLGNLLLKEPGIPTGQNVVPGIYDLVMAFHTLRREDDLDVWSWGISSIHMQWPVQWGLMCKVEPSWFSVTAKMITNGDIAFTEIHARFHGPELQRYCYAQLKSGLDFGLDESVLPGAVLFDGHHTRSVQLGADPDTLADERHVELLVSFKNPLCKGTFANMIPSGRWNMPTTRQNKHFEYDGMEYIGDLIIF,0.0,train,999
120,SGGSNAQRGGYASQQDSESQHSYQYKSASGMIGNAFGYVGVQGEGRSGPKSKGGGSYLGYPSANSYKKRRGQMGYYQFGPGYISGSKSGGGYSQGGGYGSYGGGSQSQFNYSAEQTSGGSPSNGTGGQSTGSSGEASQQQNYTGGSGGQRYGGGQDRIRTADGNPQTDYPQSPQGQGISNFSRGGGGQPSGQGQQFGSTQQQGQSPGTVGRSGGFSSPASINNEGGNTGSSYSSQTYQGGDPGQDKDSSGSEPNNSQIGYGGGQTQYRATPQDTGTQGDSRYYSYRGSGDSKSGESGQSSTNGNDSYPDNPITLSQQLVGYQFSQPVGYGWDIGGPGTQFGDQSGSSKYGYMDYKMQGGTGSSDGYQGGQ,1.0,train,999
175,VDEKKRSYAKKCSDCQSTRCQATEPDKTTHLKRLPKVRTSSQSHRDELLRQSPLPKKQEPQPDLQDQSSESVVDVDNSAKYINEASAALPRQMIKSHLDIFSLWKSEQLVHSVETASRPAESCQNPADCPVYDSGMLDHSNREDSSFRESSKPLHSKLSSTSLNNVTPPIHDSPALAPQKSEDQLAVEPEDCGGYQASDSQSITQLRFSSKFAVCFEHASKWKPIQPGPSKSSEPIATPLERRSIRVYLSCLEGSEKRSDLRGGSYFKMEPLDREDVKEPEVLLEENASGDQLERTYYRVSGNSSNHASSNISRVTKFPPLPYLPSFSSLQLINAASSYPGDGIEGNDFLRNAVEFEAELSRPQFQDESTEMITENFSNSPYLSPTKAVDIGSLGKQFCVYVENRALEVVNPEAGLPDQVCVLPGTARPTENSLDRAQR,1.0,train,999
1528,KSPVSEAQQKPAARVKRAVHARTFRAHPTLEPGAVWWDGSRGAKEDFNVKMPTGNIRILNRKKELKDKFRFEKKIEVKENGLGNTPNIIRDKE,0.0,train,999
354,SFSRMLLSTKVGYDASNNVAVQNLLASDAPITFAADVVDTLPQTIDNAAYILYQEAYQKAWKLQNTKGKDFLADEKDSPR,0.0,train,999
109,GVGHYTLKSPLSPTVPSGQTLGALTPTKSGKIMGTDSKTEMENTVTVSPESGPEPPGRESQEPEPKRGRGNTDHHARGRIGKKAGDKTTADAEGTDTSTATKVSFHAESAKSEASDLNTKPDPRHSPADSLGDPESETATPQSDSLRGSKKQGDKPQVAMKEPKPALDGAGDVIYTVAGPQPLAPKPKPIAVGKGSKAPGRVEEAPLVKGAAIKQPDDTGRETAASTRSGSQGGARAPQDGYTEPSASATPLTTDLPAHSESSASIATEIEFSQPSMKDKPDVEPTDAQDPTTDGAKERAVSESMGVLHQPERYG,1.0,train,999
106,DRSFAPASPTGANPSRGPPQEIGGEAIAITPPPQNQIDSLTAASQIRTPTTDAQSEQTKENLQNQGANNPKMQVPPIFPTVPLLFNGKSQIGSLLTFANGPQSIQQLGSLYMRPERRQFGQPMSLPKLFGLTGMNLNAALDAGTAALSGIQMTSFKDSMYATQSSPTEQNITGRPNMLNPDGEQPLHENHQLSNISAQEQPTGRAANLAGPANLLMTNRDPTFQLHKLFRAGASQSQGVRNQKSSPVQPLQAMVSEMDMQMSTNQVLSGVMTPFAGQLQPWTAILEELGALNGEGTENIQLEPTSVQTNVQNSMARMNVMSTASLPVSLAGSAAGMLIYNFGPGLIKTNKNERGMMMQGAGAKFQDSPSSGLGAPLALNPIAFAIQLPSGSINVAMPLVMSEMGGPNRQAPPGPTIARPQPPSLQPSPILAVQAGENSIDPSNEHSIAPQQAEFAATRPSLTAPATTIPVQIMAPNILDDEQGQNMPSLLSGTSQTFQEMTMGVTNQIPIGLGQQGTLGPTPQSPQLRYSTSSQSPTQMEPGLPRINLQSQEFVKMFASSSLPENAINESMAVGSSQSLAGGISPISMGETERTATPAAIVLSSITSLRQVNSGSQIQNQSPTP,1.0,train,999
1616,KAALASVWDTGMAPLTKQCAVPHPSRRAGYTGIEPPNTEHRAPTVRFPGPPDVVVKVLAHKLIRPLIPSWWCLEVEGNEDTNEFGAEDREEPNVKVSWAMLAKQLVLLGACSSEDATYIDALNFIAMKQEKSEALTESLFPHHLDKPLKTAPLARVIKGVVGELWKSGWSLVLQWPGGYEAIVSSTENDVANAPVHFFPRSYQHIHG,0.0,train,999
979,SLTLWKRGEGVASVSDMGDIYQLAAKDNFSVPPIRDSPADDTMVMAKTVLNTGQEQERAVIPAAEKTVRTVNTWVQGNQVKVLSGWWKILATKTTDGPSGKPPKTWVAKPETGTFFLGVTKLVEVSSFTSPSPKDSLSSTGADAGDPAGVAVTVSMGEYTFGRVVYGATGTEAMTVMTRAVANAAVSATYTINERTTAPTDGVVIAGDTAGAFRVSGLDVQSAYSNNDKDPDGAWQSFEVTVKTGT,0.0,train,999
176,TSGDNAAFMGLDYNGADYHANAHMSLHLAAAYHLHNQAHELYLQYARPHHHGGGHYAFPQGAHHHAYHGGGASAHAYDSATDFAHNLGPEYEGHHVLLGGHAGEVYFPGGGAQAAHAANADHAGAFTHLLHGPGHADTGHQGVTGYVGNGGAGYYHLGRNDGGLGPQAHEYNALA,1.0,test,1
608,FTSSTANTDLASITEKDLEEYIKNLLIETEFLNIQQVLILLNFLSGIVDMPIYEGIYDYTVIIQSEIDSYDSYSVVVLVKETVEIQDIRSMERLLEAYINKSSESDSIKCRSTIGLIKFLLDCIENFQFILFHKIEVLFDLLVKQKIDQEVIQSIDLLRTNYELVIEKRLFFIEYPLGEVLVQLPVRINLSDLKDTMAQLKPYKLIQVDIFLSDEMKNE,0.0,test,0
157,GHLSIFKAYLKNYASDFPILQKVYFNDNFKGLAGMPLEEMLIYQDPVSPKKLGLSHPKKEIAFADGRLKEADDGVMGDMHTEQILISEVGIDVATNDQIGNAKKIMLGHQGGIKKSFIAYRVGFENQFAEERASEQPADMRQEVSQRAIPQNELKAVGYLLQEYGGRTILESTKDVNIANGKGKCEQLNFEAPKHQKETSDFFFNQSYKLYHPLELFETQGANAAFVEGGDHFRYESYMYKRALSVQNELGRNQMHLHMVFDPQKASAKMNTQASSLGKEKEFIQYLFTAFTSRAYGHKVHTQQYNVLVRAYYNLNPRPNPELFLGANALYESMHEEENKESPRSDAEAVPVQGKKPPPPNNANSSTATHSVYFPSQDPAPAVDGSMLTRKQMDGAVNKAADPHEAINNQIIIAIKGPSHAESLTKEGAYSRQQAGSHLGADRGPQQGSMLSVEASGQATDKNEDEDQAIQENHATQKQQQFNGERRSKQYKKAYNEWGVCESGLMFPEDLSQ,1.0,test,1
88,DQQKSQTSDSAQGFKNSVLSSSSEIPSSLSQESPGGKKSTHHKKSKAGNQHKKAPKSSPGSSSEEKQHTPEKSTASSKHMPGGNPGSKKGSIDKLSSGHRSGTLENSPTDSPHKSIGGKQQSKSGSTKSSGDLGGTMPLGFDTDSKTSIQVSPKPLVPETKASSQKSDSKDSGKGKSSSRSGQEGSRKPEGLPSRPSGSSRPKSSHHPKSSMTSSNLGPSFNKSTSSDMSTPGGKSMSHSSYEIKSSSKSNTRTPDPVDKHTSGDRKQSPGDVVDKTMSSHSNTLKKKSPKIPSDKDVQEKSGSPSVRLMGASKSSRSSMYSSVSSGSSYKSSKLHPQSSGSSSHMSSKPGGTVLTINVPPGDIPLESIPESLSKSASSYSPDPSQPHGKPNGKTGLSSNSFSLGSKLRPPAMRLEKGIHKISLLSTTMKSSVGSASSKVYDEMSGDPPADSGSSAGKYKSSKPIVEWPKSSSSASRPSKSNSGLTGTESDKKPKSSPKPPMGIGMRSTSAGSNHILHVSNETTSKKPCDSSNRPDSSGGSISSRHSIGTKGGIVSASGKKSPGPQSSNRDNEMQDPSRIQSSGKGTTDESGGSSGMKPKSTRSSSGGIPGKHSKPSGTSSDSGKEL,1.0,test,1
90,DSGGNPRSGGSSGGRGRNNYYGDEGRPGRRENGNAGDGYGSSGNGGGRFGNGDGDYSRRAGRDGAANSNDGGGGGDGRYGASGRNGRRGDNNDGGDGNYGLYGARNNNGDRGGRYGNGNDQDSGQNGASEVGDYDGDRNSGGGNRNRGRGYLGYGGANGRRARGGHG,1.0,test,1
166,ASQPIKYMTQVWPWTDFKIAGYGPLSLKWGPLDLMIARYFTGLGRALGRDFGPFVILETLALDTVGKLTVIVLAIGLAGDLVVAYELTLGGVLFAGSSSYLATQTLFWEMMYAATTGLLGELVYGSVRRLYVAALGVTYGFLADTLIKFGTYLGATNAYAWMLSAAMIVSFGISQIALLADGMAMNTPAGSEVFVAVEFNVLLPEDSFKIIWLDVERTPPSAPSLAITALRAVVLGGSDLIWEMAWEELKTMLGPPIFVVVL,1.0,test,0
842,EVEPLDKDLFDRNSTSQEEYNMTQFIPLEDIQGKPQCYMFEDGLVQVIILDQARQADIQGVHNKKHTASMGKREKRVREAGTPVNKGTMQKGDTF,0.0,test,0
568,TAPYFCALLAHVFWITTMHKMLFFPNYFVLGGPMQGICTYIGTTEPFPVVNKTPTKAYLVPCLYPYIFNAEIITIGSIAMRYAQTPFPQVQKNIFVIGCMTAPMPMFYFVCYAISLTTIFNVIEAVQVAIYSTEYLLHVVGFFDPYYQGHMNTMVTLLKARFLIEGEVLAEATNRVFCPNRGLYFFMELGEFSFKFATFSNMYSLIQVLHDLSLSEAAEGFPGEKNGYIKWLVQGDVAFIWVSGCACGGGNGILPVALLFMQIMELSNFMTKAFGATQVSWVALTPHTAMVETVFLKSCVDGVSTRSQNFFRLEVAYSTNDWAPTTNAAPCVLYMEEKVPAIIFVQGR,0.0,test,0
117,SYQSSQQQSGYYYQGGGSGGPSGGSQSSGGDPQGGQGQDSGSSGQNGMGQYSSYQQGYNSTGYSSSPPQQQTTQGYSSYGGSSGDSGGQGPRQGYYSSYPPGYYGYSYSSNSGYSSGGGGTGSAQGGQPGGSYYGQSQSGTSSQQQQSGGQGSSSGQGQTQGGQRRSQNTAANQSQSGYSRGGQGQGNTPGYYGGGNYSTPGGGQQGQQGQSYTSGGNYGQPGADYSSSSGDGSSMY,1.0,test,1
230,TVGTLAITKPVRILEMRAYGTVRGPKIVLDERRRKRLKVIEDSRLPQEEIGQARHVFWYRYYIPLRSSPIPGSKKGVNVDYEITCGTHFRIGSKDMKPLVRRGVEAKGEYIIDRDAGAIERRLLPVVVGDRGPRLRLE,0.0,test,0
86,SLHHLYAGAQMYDPQEAQILARPQPQPSAHRPSQSQLSPTVPPPAHDQPRFPLLAQQPRRRPAPQPPSAEAPAAHKMAPPPPDKLKHRREQRATKQVPKLQSQPEEPPIEEPSASPQLPQSKPPKKEHAQLRPNPESRQKQIPQHPQKVAVSQSFGPPDPPAHLQHQHSKLIRKQSQDPQRVVVSAQQEKEKHQVPEQAQTPEASENELKKSPPPELKKSPPPSQMQDSEPKHLEKEHRPLEALPPQSSQKALPQPPKPHPTPQTPVKSASELLIDRRPGAPQKAAQEIPPAPAHPLDQAQPPPRRSPTPEKPHIQSQPQRPRTPPAHSSLQSPQAQVPQHSKDAAQESDQPQPPPQVPRESQDMMPIQPMQKRSMMVPQFRNQHRQKPFPMSSMTQESQAQKHAPPPRQQEEEQTQEPHQEQSLEQPSSSAKSLVAAAFINSHKARQNTHQPDEPPQSFPPGQLTQQSPPLQPVGQQVQLNQVLIPFPPPHKSALEVLQVLEVMVQPQARQQVSPHKQPPKHTMPKGTPQPPSDLTVELQPPPWSKGTSDRTFEVIGSLMPPHQPKFPQAPPPPELAPPEPFVQRPQPPPSMQPSAQSRSHPGPPREPQRAEVQEHGVAQVQTIGMKAQQRLVLLRRPSKAKHPQAHIPKEPSDPPVPPRPEMCGLAIENRHQPMQP,1.0,test,1
1652,KAATMKFKNELRTVVEECYSTTSTRESERIQYPEFEYMHYYYARKTFKNRLLHTGQGRDIFTKPKKLGAHLKKTELRKGFHAQEASTG,0.0,test,0
760,WKVPESQIRSMSGGELFEKSVMGNLRRADRNMILEKYMRGKEVFQRKVAEPNV,0.0,test,0
358,ALDQGKEIETGSTLPAGAGATARRRGQVMVDDKFAVQDMGTGRLTKETMELMGVLTHVLGGITEEYNQGITAAELNLVGVHANARIEIVIGDADLMGVNVQNEVRIKTNTVMKSEVLVRDDCETTNFLVKLMVETEDEKTTKQVTVVFISTSFRTDTAKISNGYKRIELAEVTAIRFDCHITAPVELVEHIPEAQDKSNFKRINLNFEHLVDIKSMIRLAFDKRLLGRGNDIKQLFKVALKALPIYPKNVEIKEVANLSVIRVSDRVDEMTLAKSACGEGTLDGSKVLLISLDTIGQNEGSAGVDFTKINQDNFGLMERIECLYLTGIVGKKGMIVGSNLTGSSGGEMLSVAVAPADCANKVPTIADIAIKNDRIRDNEPAVMCPGMTGKAGIHPHASPGTLVGAHFNETVTVDKVSRSASVAELEDKEKKRQNLANGPGQAKMKLEAMSAMYSLMSAIKLGGLTIEAVV,0.0,test,0
97,KNTEKLPCIESFSNPTVPQSFGAKKEAHESEWEGLGQKLKEFFPHVIELINAIQPDYRDYSVGMKRMSKPKMFLKMEPGAAPDKWKVEDNSAEEEDKLEVSVVGVKKGIPVSAQVPDAVGSKSALHENDEALMNETAQMSETLDDETVVQVEDDRLPFCMDEVTALDDDKQGDPPQGGDDSDLKRLKAGERLLLNDGSMKVKDAYLPDQSHAEGISFKGSSVGEKKDLKADQIDSSATAYEKRPIEDESNKKIPDEDKRPGSEDDDDIKQSGDQSGETNDVTSALHQKKEKRCTSS,1.0,test,1
951,YFVLFTDKPGHLFVPEHETNSFQGTVVPPTRKDHSAGYVTVVPRVVVFNDSLNEGVLENYRYGYYREQPL,0.0,test,0
170,PTRLVFFGTENCAYRVVKGLASQAAQMAGSNENNDYIYSGGIAFASMFQIHTSQDGKLLRSLAFVPQSHQWPMGRTVIARGEHDLLRLSGFSGLGMLYYDVTSLHPGFYLEVLSSKVGYEMFESKHSEKHGGLGEVPAYGEMFGFAYDSRGGVYREANGNSGRTRGVGFMGDSNSTAPRSSIYKDRDMAEQALPQEQEGGKDRGMEYDGNHSTEHRGAAPFGAERQHATSNDEHGDKFLKEGMGNTKYAHKASIGVSETNDFGASQPRTVGGGSVDILMVRPDDGELSDGNAEEPGFRRIRPGNNGGGYVRTQFLYVPIQGVSRWYRQPQGFDGQTCEYVGFFLYRSIGNMENEERMRSYMFYSEVFYRYLRDSALKDISTRRAVKSGSSGMMRLDPISKCFGESDGAVMSYGKPPTGYMVKHAGNSGGYFEDFGAGGEITVEGSGCCD,1.0,test,1
200,SNSNPELGQSLESSPSNPSMTFFQNTPRSQALSPSNKGDTLETKEKVALRNSNWMSSANEYKFNNVSDALPGSQKPISVCVMRWWASSNLSYQNQEAQNMADKPEPFQCPEFVNNNYMTWACTNTTQPEKNVYSEKQQSTKPVTSTKCQPQAMYLPMTKSQQTLSSSLNLSGSSRGHSVLCYQLKASKDMWTWSYDLKSFVESTQCTRKLQSCPASTDPNLQQPQWNVELHWQQQQSEKLNLDCAMGGLVPQFPIWGDEQMTSYYECSNPDSIVRFMQPTSNMLKPANWHQQSTDKIPIQWTNPV,1.0,test,1
123,GSDKRYGGQTSRKGSSFSAQQSGPGVGSSQRNGGRGGSRTGNIKGSGQGQQGIPSGPGGYAQSAGSAGVRDGPNGYGQGGGKTDFGSQSGNGTAGTCNNVYKYPSFYDGFGGPQNMDSGQQYASQGGSSPRTGGSQSNYSWQSSQKYMGPYQNGTYRDTKFGGSNGYSRGYDGGSSGSGRDLPMSNQASNQSGSGDNGYRQDGPYTCNEGQTPGYYSMSGQFGSLKTLGNGDGGQDGWRCDQGTIGYEYNQNGPQPPPCSGQGGIGPFGGGGYSSAQDTGSQSSARGIGGNSYAAGSGGYMSGGPGEGSQSSSQYENGSQTPQGSVVGSRQQGWTYQKRSGPSYGSQYGYRQGEGGGPPIQYQTKEGYNGGYGTFGDGQQSQGYNGQKGFEGSQGFQQNPQGRYGSGGQSIGDTARSNMGGFHSKKEGGRQRTSGGRGSAGGDRSGGDSPEIGD,1.0,test,1
133,LGYTDSPILPIFVKAKNDSLGTKLVPSNGFNVSAKGRTDDLVYEATKSVEGPVGKVEDQEEDDEGSGTLSGAEVDTDFQRQFPSTCTSPTSTLKFSGEEKKLGEFGAYKTDSWKRLQSSRKRSDVVLDAPLGAPSQGKRVQSAIDQSVTVDNLEKFKEDAMSGSSGAREMNNLGLPLGVNSYDGIAGVGKLADGKGESKFEDLELLQGYSGGILSVSGEATAAVRRTIELAETKSGLETDAAGTLQVVRGQSLQEAVDEVSYKDEMEVILSIIIDLMSDWEPKDNPLGEGKLRVSEFRAVVRLSRVAAGIPGLNNFPDIGIRIKNRVWGGKNLSNVFSAHVQDDLNISDHIATLDTNDQYVVGGDLLIWKFDPGFSADSLAQKKRDQPLILKCMTVYALSPSQVILSVPGLDDGENNFAKGKDESGSYKQSLGSGDSDVANIRFFADSEAMPKAACLLPADYQCFDFAFALEATSGQKLNRKGRGQRGVVYTKGDQGDVIMTLKGNRELPNDGFAKRTGAIWVANALQLDQKNQYKTIIQPGVDEVTDSIEPINRAGCMLAKTNTVSRVVDCIDASYLFKGEEFPLVLKKQYETRLSLDQSFHNEGGAIPHIASFMLPGGESGKPELRSDENKSVVLSGFQLEAAPPVVAEEYTDKGDDAIAFEFLLLEHISGQKKSHGLADKSVEASLDLAVAHAKGRAPSNNNTVLGSLGVTGGSMPEFGLGPQTFQL,1.0,test,1
771,KGADLWIRDAPTTEQLKSGWSALGWITIVSGVVWTLRSHDHSWVEFGSAGPEDKGIKAVVMFAPDLALNDKNGEVPCVNNGLDLSLLGQCPSDDAEGPDDKRPALSPLPYSLHAEGHEIPVIGGFNDALAYFFTWAAKNHLKLEIPAFIEGGDPVAPHDILKVAQSARIPIKQNTGALVPTKMDLLGDEAPHGSTAQLLECGLLVHSLDPKAITAADDGPITIAACAAHMPKTAGPIEGEARMSRSTFFKGNELYEFGDWGDT,0.0,test,0
203,HSMNGNNNMRSMQNPNVNDRNMNPIQNPPMNQGQYGINNLFMNNIAGMTMMRVNRGQSLSPYQNGRQNNNIPGSNAPNYSNQPGMQPQGMSR,1.0,test,1
92,VRLPQSELVLETKVEGQNDREMMDEDLSGIETYLDPDQDEFDEPLKYNLKEAFDIKEHEVHERSANAEVETGVPSTKVDKKDLFAGGLDDLPKDQQEAKGPTDMHDSCAGARNGSAVGGGPEAGTAKHSKIKLDKPSQQSEDANVDLIHKLEVSDGPKSKSSDKDMVTPKDRPKIKPNDDYSEAEKLMGETTSDVVEDQDALIFEGASEGSSSEGLPQDVENKRFVDLDKSDEKSPKPMGSKCAP,1.0,test,0
245,FGVYYKTSTLDINRRLEYKGMTLSWHPRNDVDVCAKKRAFKTLELNKQAVQVNRTIEFNTIIVDAGKDGYAYMYILEFHRVMRVKLYGIFLLTIATEDMAVRCECGEAGGMMMMKAVQKGQKPGDTAGTPIAMSPDGVIDGPPQIVGQLADCIEKIFSDLPQAMRSLSSMVINDGCALTLLIREYMSTMMPDDPMLFLVATQAFF,0.0,test,0
217,EGVPNEGMKPEHKLSDRFPGSQDQSPQAEENPDDLLECVSNGLVPPQVESDSCIKYIHPSPQGGPPNEESGITRKQCGEWLPTAVKNSDALTENPHEVKEGFSITSKTLILCPPSPASAPKLILRSRSDSTPESQQSSLKQPCSVESQSGVLRPSTQSERPRTHVSPGSISQLPTSSLKAEMSESVLRDDESSKLIPLESTSSGLIANVSNKGLNSGFIGASESTEPESSVPTPKAETRSSVTSLG,1.0,test,0
1188,IMISYKKPANMPPVHESSIRAKINQCFRPANFGTRYAAAVNDPFCPATLTDRYWQQLGLRQCDTPWFDYDHLAGMLNTPISKIDLIIKATDLNQSLPIYSYLERVVEIDEWGSGMHKPTNLCPGPPVKDPILKAHFPTRIDFSLSDR,0.0,test,0
204,QLITILGGQNVETFNGPQEMIPIQQDALPSPVAVGPMTDGGLLIFLANPVIGLGLSTPTIEMGPPATLTGIAPMQLLIAQSMAQPQAPESYSPVNPRIQGRPGAGGPEVDISQSIANGAPRNFPQAIPLVSQAMQMNMMQNGTATNNPATLLQAGIPFSPSFGQVNPTQEPPNLMRGTTMNQGAAVSAFSGLPQELRQALMNSPTSAQLSQLRPALPPGQGFPTSAQGPEQMASALQPSGLTQPLQ,1.0,test,1
585,VKKGGITEIYDAMEQKNGDADLKVTVMMPVLDAHMNVIGVQDLFEVSGRSLGAEVSLFILLLESRDTAMTADIDSLMILIAGAAGEKADMRFAEISDGGRTFIAILSAEHVVVRGGHNALLFRIGHLKPRNMIPTRLDDDDIKAIAGLLATGVAQLAYDINVLDRYDQSEGLRERRTYILGFGKGGGLMTLHGVAPESLGGQAASAKILDLAGYAARRGADAAIFRMQVIVKPARQCKSR,0.0,test,0
104,RRKDETLAHVKDRAILFSSQGPSKVVKEGEQIQGAPVKGKHFPPQMLAVQTSKFGKALAAKITNQIAEIEAVPPIGQLQNSKATSPLDHPFEGSKAEDESVISITN,1.0,test,0
1163,WSPRESLPPAKFAGVDEHIKMPVEGGAVPDADPAEVMIVAVSKDDAVEGVSLTAMLEECASANVTTEEYGTRLDTVVYEVSVIENSGAKYLVGVGTALIEDHTTYCGYDTNRPPEGDYTAQLPLELVYTAEEIALLTTVDDVNLELEGLQVMVEAVLGERDDLEIPVGSLANEEGSLAYLFLKVGVDAYGETMVVFDLFVPSCGNGEAFAGGTSCDVTDIALETGVVYEAKGRGYFGALLCIVQDSGESRPAECELFFKKEKRVEYYQLYAFEDPDEHDLTAADENAAMAQVGLELPVDDPILKEANVVEVLVDQI,0.0,test,0
1257,RIKQKASPPTRPTTQHLYRTKKSQTGDELCGSLCRQGTWKCVEQRFCSCRTHYQGHKCKPPFRPAMEKSCPDPRQSPTQKPVGVGP,0.0,test,0
682,MALAHLENLGTCTAGVSQTALLFRRGTPKRPYDVVPARSLPWPSVDKIDSDNRRLDCAFQHYGMHAAQLQLTCYSAAPKAWLAWRSGWLWARTTRAMGFWALLPALYPELPPIQDPTAEEIVVQTQKGLGGAGYAQVRYEADCARAGIMDALVVAHNIFPLVDLAPMGGELIAILAWMDRAYPILVFATKIRELPKFELLRQEDIVRQLISFAMRNGSTNAQGANGYAGLQPARYQLLVYPFEVDAADGKATVAASRYQPGERFLTLILWWLKPMEYERAGP,0.0,test,0
666,REQPHFKRRDDAISGDPVEPHVTTSYIDASQITKPFTIVLGPEDGAETNMFANILEREEPRYYVKYFTNTNVDADVPPSKKARAAQQDTFAIEFALKDDVIMDTPDHVPIIYCPAWESNKTFSAFDSLIFATLKVARHSYLSNVSRHAAYFDDRVGGKRLVHIESINSDLDIVGFNHEDVLNTETVVPTLGDNRVRIPLKKYLIIKNGCVNPLDDEEINGDMVDCFLKMVIVQSHRCFESQVINHNRPYIEWEFEEHRMPLLEVPWFIIYTHQHGQHKMAPSITERKYKFYLSVAGQKGHAHKEPNAINQETEAMGARPREFVFNFILFDWSYQIKVRCTNDGCTRTEGLTEEKDDYDTHKLFEEEKEWFDKQMCGQHPELNVNFLSGVYKSTTAVSHVEVSPDGEHSRHMMATRHAREFPSERPNADVPISLLAEVMSRHNTDKNLPMLIELESRILGGFELLFREVLRWIELLGPCVQMQILGGTGHSIYDKYWTTEYGEDHEDHAGVAIQDAEYYKNNEPHHDALGKTFLRLKIGGEFDDFLRLIGISDMSDLQDKSKSLTHASDADSGRIAHRHITDKSPTRLYGYVDHSVNLFHLGSLNSGLEFVLGNMFMVKNSVPLQGY,0.0,test,1
834,DLNLGYTAIFRGLKARRQKGDLKLDEVMRPGGLAQRLKLAVERAFCGSRGTAIAESAAKPQDKLMGSFFHIIDRSVCGAAYQNISIGLIKVAFSTMKRKKGMEHFEEAFGYFLYTLNEHVFEGAGQFEIYAGIAAETREDYLLEALLRGFDDRIHTLSGVFQAVVVPVPIVYLDIKLPVAGKEDLAIIDEHLREGENSYGPIESDTAQTETLA,0.0,test,0
528,GERKHDGPEYGLLDGDMVEGGGLPLMTFKLAGKDLALGAAEPLPASAYETIAFEALAGMYAWTLVPGAHLTEADLYPGVNGAILFAPEFLPVFMTLSNRMYSFEVGHLSIMLAALRYKTDYRRAESGGYELVIELFHLPIVGEAEHALPPRAGAEVTANLAVYGGFVKGRELVGGAGHLRGRFRTRVGSHAVGLIKPARLALFAFMRGALVIAYEGHLSIFPGFVYNDLITLSYLLSTETVTFTAVGPKKGRHGELLALPVPTAAYKALPGLVIESGNLLKLGRLYEPLGRGSVEDGGVEATIQRPLVSKERKPVPRVVNAKRREREAASFVRFSPEPLAGEGKDLLKWAENLNAPVFFEKQDGTRVYNRWTVVIGKGKAPVRTARVEATEGVKTFPLYDVEVLLQYDTAKDAGERLELVDEAE,0.0,test,0
340,PYARKLLGMLGYYRLKVLCHKPETELCDDGEARKGNFYCQCVKETRILWDMGILAALLELNVIAILA,0.0,test,0
1565,LVSSGSYLMEPVDYGESVTKSETEFEWKRVSEEFGKTGKGYYQAGSDDGMISKLAFSASAKGTNTVNVVNLPQRFPAAKGIKEVLENKMDFDDETGTRIY,0.0,test,0
211,ENGSGQNTIQTPAGTQVIIVTAIPLAAEPTQGQGPRSPPEEDSMGVPQTPPQGSILQPGSGGATNSIQGPVGQLLGNTPRMIAVQSALELAEALRNPIGGATLPTAGAPIFQGTSMTGPVQGTPMLANQQNFPTILLLGVSGPFRQLGQPAIPAGSSAEIVPPFGAPVAFPGIAL,1.0,test,1
145,EANMGEFGVGLYGGCYGVGINKKGVGYKSRFGRPRESYTDCGEGGGNQDQSKVRKMEHQAGDGGRMFGRFKGPRRKPFPVGRGYVGGGGKGYTEGHGAVESLRDVFFESYYFVYRDISGYERGMGRPELNGGRGSNHSKYQGGRSGGMYPSVFGYQASDSDERGGAQPEEGGKFPQRSPQEQGKLRKGGTRGGRFDLDKKVTNYGTASITRERGKYDGRSVGRGSSFNGQGTRGGALGGSNEVCTGDRYFEKGGGDDGPGKYGNDGEGCGGSVGSYGSNYGGYGLEHAKGKDVGGGVFTFGTNNPHKDGGGDPPVGDYMWSNGINFRNGGKFPRTYVGPGGGQHDIFGEGDIGGSIHGGGNEMENSGLGRGGFSGTVQ,1.0,test,1
89,KYKTLVVSWLIKFLRSCTDSSLSNKGSLGTGFVSDKDLAEAKGSPVAFEGSRKGQEGLGFRVMGYSACKASQQKNMNKDWNKGEGVLANEKYPDDKVATQARGWELGEHGANGGVDRESLSPSCNINPAGGLSGVASSAERTPFDVSSVPNFPQFKIESSRYQSGVGPLGLIAKTVVESTRGQLYPDDDMFRGADDQGEVQGPILGFSSRDFVRRLAPEYPDVKFPTSGVQNVSKRRVVKQSSVVLDSESEIQNAQGLLPKIDLKVRENGLESSQLSFRGLGHNIKDGGQGKSGTTDDVLGKGTFIEATVDEGHVGEQLADVGANLASQAGTAFGSGMGDENSFMTQSGETTISSDATDNGSVSGSPPKYQGKGSSLAETLIESSNLDRGDKTLERQNLRSFRHTIVSLTAESDLEGENVATPQQVEVILVKWTGQSYQRGAIGGADALGQELTREQVTPYVPYTDILGIVIPLFAPDGWIKVFKPQAGNESEVGRDCPLKPGAESLATSPYYDGF,1.0,test,1
1128,VNHMCVSILLIQGPWLWREEMAATDKHLDETQRASCLMGAMLFAHEVQLLDSAQDPFTYQGPIVQIEHAIKADALKRIACDPLEQGRHSAVARLWAHAQRALPSIQERWSARFFYLSRAFYALLAKLTDGLRVNLLETFAEATESTHHGRDPGDQKDDPCWIAYEPGRRYKDLRRNRYRSMQGHFYVMTIIHYTYQGIWQAADFLLFWTLALHVTIAKMGSYNDQKEHAKDWLAHADRNSGVPYERNSPTA,0.0,test,0
1335,AKSFAAWSVASLMELATVVAWGTLSEGAEAVESGDPMTVDELGGGVYQDDLERIILIDTCFADINRGVGPMMQGGIDAGVAVLARWVDVVVRVRCFTRAVFLGEVPPYHSGARAHVIAGISMEIGGSAAAVEADGPARVMLEWGGLAKAAQFKAEKICEIHIWDREQRGGEDSRVEGA,0.0,test,0
198,QQSQTPVLRFNGAEEDSLILVQSTKLYHSGYQGPNSMRSLNNRSRFPSDLGKQRSASLASQDKRKLKSGGDEDFNENNSMRNRHDSSNENDTFKNSSVICNTFYSAISNSNQDVMTDFSTTGRGDSAAVTLKLPGIVKNMSDFGCGDPAQSTSQSGSFSNRFDVEIGAVDQSYGENRNGEFLSEANDQSHYEKQNNSGRIMKALQKPGIQRQHNKSPVESTKVKESSTMDFTFTSVDNSRLLVQRKISVFASGLPVGALSRSLSESQLRKEPSTVNQRDFGRWNCRHPSLKANSRRDVHVISASNETTVDTNLSAMNFKNSTSNNISDKNRPAETNKSGDVARSSQSRGSSLELGFHPIHLDGGGNANKSKSAKSGKKGVNSKEASPKNKQHQNFNSQPAQPMKRRTSKQQENDLFPHNWSEEKSAHSRSSEDETLQPRSTHRHRMQPLHSGKGQTLPSAHSLKPSTRIQIKHQSRKRINSPIRARQSSDSVFLNFNSCGMDYVRDQSEQARRKTDFVSSSGKPERTRQFHVQPSGNNNASAST,1.0,test,1
189,GDFGGPSQGRNGGRVARRRYANGFSNAGLKDKSFQGSPNGRVTGPSVVSDGKHVFRGKYFSDSTHTQTSARRGSGCKGYNGQEGGIKGKTQVKGGESGIGTHSRSYFFRCYDPQGGAYGFLSHGYEGMSEKNRDGGKFSERRGHFQDNKGEGSPTDPTSEVLAFGGVFNMKGNGIFGQVRGKFGSSNVALFSDGGGRKVTMMSQTPQSFDGFGEGDGFDKVKDQHTRGRACPSDKWGRNPGRDMRADLLIAVGEVSGGYNGIVGYILVFPHEAHSGTMKEGEGEGSYEYLFNDVDEVRYISFNNENSGNEFGSSTGIKST,1.0,test,1
105,ELTLPLFQTSQQGTQALIWAESPMSRSVPRTYGEAGSFMNTSGGIAKPAMSQRSSPSLSPPPIGPSGVRMVLPQSLGRVTTGIALPTAKMSGIGDTSGPPTPLGVLRPVASNQQSAENPSRGTPGESDANGNPRLLLSRDFVMELSSNQTQGPVSPMDIIIPQFGMGYFLQTDDQMKLKEIITPATQIAGSTIGIPKVNSGPIELMMLLGNPVAEAISEQEPPQQALPFLMGSRTGLSHTQMGSLNASRVSNLNVSEHRQQMSQTATINPMQNTNQLPLGVQSLLAISAQQPPTELASSTEANHSPGSRLLEIQGSLQFPQNSTPVTTTPIPTAMAPTMLDTANEIAAGTEQIYIQPQTPVGMISDSGKELNEGGLISMSVNLPTYGQMTQEPGALLQLGSLFGTQQMIQRSPQQPSSTLAFPPATQPGANEGNPPTQDFSSNSIPPAMMTLQNQSAFVQMADPRLQITNAMSIIQPFEQNPAQNRGNSVNNGSTNGAGPLAQAPPAKSGMSSEAPAKPQGSPNLNGNANQNSQQAIAFGMSEPAMHNAKSAAIKFAMRVFQTLASSDPMKATQQ,1.0,test,1
683,GLVPDNDTFARDKTLKIIIQHLTFNSNPGTKLASDVSVSVVFLVDQNQQYGFVVVDRAAQEFFEYSLMIPKIYQGQCMAGWGDYGSANFSMIAIPFATSPNPDYANNANQGVDVGKDMVPIDAIMGIHARGAKKEVLIAFRLTIQDDRTEAGDGLVGPAGAKDHKWEQMSREGTAALTEPGIILVSGVIQETYVKRPYQCKVITDLQATEYGNKATGTADGAWEALSQTKGQIKESIVAGGNGSKIGELYALGGIKKKCPQGSGKSLGDSDDALLLYVTDALVGVALKQRKYLLATCLHVDFLFLDFDLAGGAEVVCWQIIAFVSKNQTKDIATIPGAGEFLHEHYTKEGLVETSPPDRPLRLREYHMLDTQPVWQEYNREAVGGSKSDADDKIVNIES,0.0,test,0
196,EGLLVGEDSNSFRVHLGDAVSVRESPKDDEEMDLDGGSEIRLNRKGPRVGTPSLEQKLLWSVASFEAAEEKGAYPPLYSQNAEGVPLKLKARRARVSDWPSRAKPSENLPRRCQRPPYEYKKCAFLASCLMEDIPRTHKTEPRKEYRATEIVPISMRRKSRGVEKPKPQVAALTSLIDKLLLHAMDGEVVAIAETSDSRISEWPSSRAGPIGSLPPSLLKPPGQRKVQSASDLDQPADWLITRVPVSPDEIKQILDGAEKLGYEVLGENPLTRPNPLMFSKKGDLPLQASGKAEDGCPRNLGEMTMPRRRPPPQPIYQAETSWEEETSSDRGVPQGDRGYKSRENKPEKGVVIGNRREQTDSSFESRDEEKNVSHCHLSHPIDPMSRPPTNTKQHRTAVRIAGSLQRPLTIRRKQILVTVPSLTLGQQGSSRTYYKLRDALDQRGLVVESLGENSLVASIREQDRKPPPAVEQSSQVPGSAFDKRPPAITEPLSDISSPQGVDPGISHDSHKEPVCRRLPFELLPSVALQCEARRSEIGLNQREPGAVATRLSRKLDLQSCQVRRKQGKAVSAWVKASRGNVRETPKDLNGMRMRRVQHYDGERDRTQGETPPVERWKHMKGVPEAARQQKEATRLHPGRSTGSKQWPRPREQSDTQSRQSNKPASRQEQLEMKPYHWVRHLAPRTTSQPSMERRKTFEAGHESVYEATSAPSTSPCLPLERVAPDLVSPRDDIREEPRQIADASRICKPRESRDREMDKKRCVSEKIHRVGPRYLSYHSPDLKDQGSNKLQFSMRVFSSRRPTGSELQRSKELLEETSVINRTSVELSSSYSMTRDAVQGVPLERGKEKPQQEGPREQRPLAYSPPVIPMPTHAPAANFDPSEDPTGKGLHSHPVHRIAEMHYTQLSEGHKTGLAQPRPTMYSRMESSSSKREDPVPLVTATVPSRASDSPQEDPLPSPPLISPLTYTESGKGMRVPPQILARCCHRMLESELSCEEEGSVDEQVSAQGVRPYEVSSGRSTKPKSRLSGGPHEAGFEVRKPVSAGFQRPEPSTDLWAQRDLYKGTSGFSPERQHAIIKEPARSVHFRAGSTTQEGTDIQSSQDTPSQSPVTQQHERGQLPRPAAPSVDGPLTTAGEVQIHEPDNFEESSDVNAKYQRIKLQDSGEASWALDRETASKKTGPELLDRYSHLEDMDQPDKSKGSMGAKRARVRHLFKARKKPKIGRTVRGHSEDKVAKSVHSVDVSQDRLETSTMFRELDGQSKEPLYGSCKQIVHIGQNETKPWLGLTAIMSARRGKAPPGTIEAPHLQRDPAGEKVRFLKSRCGRAPRHSLSM,1.0,test,1
1538,GLKNPRAVNWDEEMMDEDFGCLMAMLEKLGGRELPPNLVIGKVFNPGAILGEMRTYEDGAAGDPGGIGSQIAITRIIWGEQFDDNLLIYAMADAATTELENVEVQAVDPPTYDLMIQMGDELTGIVDDCELIVFSPAGIVPKNIIRYVHTPVMQDL,0.0,test,0
215,HQAFAMMPGFMEMPNGGAHFHPSIGPFPGNQNNMGVSGGHGGSYMMSGPNPSPYSAGGMMGHMHAPPQQMSHGGYMMGGSGSFPAAAMNPMAFGNSAGPMGFTNGPNGKMMGPGMHRNPMGATYPSSPHSPMGSGIHPMGQAMHASGSMVVE,1.0,test,1
1049,AADFDRKERVAIIHLLADARVSASQGLVTLLESIYAFVYKAKLYGGAESAFYRSDASGDTPEEDNIGYVGLEKLAIRSGTRMRIAKSKPIAGEVLPLAIVCEDVLTALVHELSTLDKATIGYWFVPRKRLGERKLTDVEVHPAAEYIDAQYARVVAGFARMTSTPIAIAMGRIETSVIRLHE,0.0,test,0
