,Sequence,min_pdb,partition,prediction
27,DSVDPFTQLLLTPQEESIEKAVSHIVARFEEASAVEDDESLVLKSQLGYQLIFLVVRSLADGKRDASRTIQSLMPSSVRAEVFPGLQRSVFKSAVFLASHIIQVFLGSMKSFEDWAFVGLAEDLESTWRRRAIAELLKKFRISVLEQCFSQPIPLLPQSELNNETVIENVNNALQFALWITEFYGSESEKKSLNQLQFLSPKSKNLLVDSFKKFAQGLDSKDHVNRIIESLEKSSSSEPSATAKQTTTSNGPTTVSTAAQVVTVEKMPFSRQTIPCEGTDLANVLNSAKIIGESVTVAAHDVIPEKLNAEKNDNTPSTASPVQFSSDGWDSPTKSVALPPKISTLEEEQEEDTTITKVSPQPQERTGTAWGSGDATPVPLATPVNEYKVSGFGAAPVASGFGQFASSNGTSGRGSYGGGRGGDRGGRGAYGGDRGRGGSGDGSRGYRGGDRGGRGSYGEGSRGYQGGRAGFFGGSRGGS,0.0,train,999
69,MEELVVEVRGSNGAFYKAFVKDVHEDSITVAFENNWQPDRQIPFHDVRFPPPVGYNKDINESDEVEVYSRANEKEPCCWWLAKVRMIKGEFYVIEYAACDATYNEIVTIERLRSVNPNKPATKDTFHKIKLDVPEDLRQMCAKEAAHKDFKKAVGAFSVTYDPENYQLVILSINEVTSKRAHMLIDMHFRSLRTKLSLIMRNEEASKQLESSRQLASRFHEQFIVREDLMGLAIGTHGANIQQARKVPGVTAIDLDEDTCTFHIYGEDQDAVKKARSFLEFAEDVIQVPRNLVGKVIGKNGKLIQEIVDKSGVVRVRIEAENEKNVPQEEEIMPPNSLPSNNSRVGPNAPEEKKHLDIKENSTHFSQPNSTKVQRVLVASSVVAGESQKPELKAWQGMVPFVFVGTKDSIANATVLLDYHLNYLKEVDQLRLERLQIDEQLRQIGASSRPPPNRT,0.0,train,999
3,DRRGGRGGYDRGGYRGRGGDRGGFRGGRGGGDRGGFGPGK,0.0,train,999
1514,MRALFYKDGKLFTDNNFLNPVSDNNPAYEVLQHVKIPTHLTDVVVYGQTWEEALTRLIFVGSDSKGRRQYFYGKMHVQNRNAKRDRIFVRVYNVMKRINCFINKNIKKSSTDSNYQLAVFMLMETMFFIRFGKMKYLKENETVGLLTLKNKHIEISPDKIVIKFVGKDKVSHEFVVHKSNRLYKPLLKLTDDSSPEEFLFNKLSERKVYECIKQFGIRIKDLRTYGVNYTFLYNFWTNVKSISPLPSPKKLIALTIKQTAEVVGHTPSISKRAYMATTILEMVKDKNFLDVVSKTTFDEFLSIVVDHVKSSTDG,1.0,train,999
593,MISETIRSGDWKGEKHVPVIEYEREGELVKVKVQVGKEIPHPNTTEHHIRYIELYFLPEGENFVYQVGRVEFTAHGESVNGPNTSDVYTEPIAYFVLKTKKKGKLYALSYCNIHGLWENEVTLE,1.0,train,999
263,MNIFEMLRIDERLRLKIYKDTEGYYTIGIGHLLTKSPSLNAAKSELDKAIGRNCNGVITKDEAEKLFNQDVDAAVRGILRNAKLKPVYDSLDAVRRCALINMVFQMGETGVAGFTNSLRMLQQKRWDEAAVNLAKSIWYNQTPNRAKRVITTFRTGTWDAYKNL,1.0,train,999
59,MAGHLASDFAFSPPPGGGGDGPGGPEPGWVDPRTWLSFQGPPGGPGIGPGVGPGSEVWGIPPCPPPYEFCGGMAYCGPQVGVGLVPQGGLETSQPEGEAGVGVESNSDGASPEPCTVTPGAVKLEKEKLEQNPEESQDIKALQKELEQFAKLLKQKRITLGYTQADVGLTLGVLFGKVFSQTTICRFEALQLSFKNMCKLRPLLQKWVEEADNNENLQEICKAETLVQARKRKRTSIENRVRGNLENLFLQCPKPTLQQISHIAQQLGLEKDVVRVWFCNRRQKGKRSSSDYAQREDFEAAGSPFSGGPVSFPLAPGPHFGTPGYGSPHFTALYSSVPFPEGEAFPPVSVTTLGSPMHSN,0.0,train,999
58,MEENDPKPGEAAAAVEGQRQPESSPGGGSGGGGGSSPGEADTGRRRALMLPAVLQAPGNHQHPHRITNFFIDNILRPEFGRRKDAGTCCAGAGGGRGGGAGGEGGASGAEGGGGAGGSEQLLGSGSREPRQNPPCAPGAGGPLPAAGSDSPGDGEGGSKTLSLHGGAKKGGDPGGPLDGSLKARGLGGGDLSVSSDSDSSQAGANLGAQPMLWPAWVYCTRYSDRPSSGPRSRKPKKKNPNKEDKRPRTAFTAEQLQRLKAEFQTNRYLTEQRRQSLAQELSLNESQIKIWFQNKRAKIKKATGNKNTLAVHLMAQGLYNHSTTAKEGKSDSE,0.0,train,999
56,MVSKGEELFTGVVPILVELDGDVNGHKFSVSGEGEGDATYGKLTLKFICTTGKLPVPWPTLVTTLTYGVQCFSRYPDHMKQHDFFKSAMPEGYVQERTIFFKDDGNYKTRAEVKFEGDTLVNRIELKGIDFKEDGNILGHKLEYNYNSHNVYIMADKQKNGIKVNFKIRHNIEDGSVQLADHYQQNTPIGDGPVLLPDNHYLSTQSALSKDPNEKRDHMVLLEFVTAAGITLGMDELYK,0.0,train,999
4,MASNDYTQQATQSYGAYPTQPGQGYSQQSSQPYGQQSYSGYSQSTDTSGYGQSSYSSYGQSQNTGYGTQSTPQGYGSTGGYGSSQSSQSSYGQQSSYPGYGQQPAPSSTSGSYGSSSQSSSYGQPQSGSYSQQPSYGGQQQSYGQQQSYNPPQGYGQQNQYNS,0.0,train,999
856,MDRENILKAVKEARSLAKPRNFTQSLDLIINLKELDLSRPENRLKEQVVLPNGRGKEPKIAVIAKGDLAAQAEEMGLTVIRQDELEELGKNKKMAKKIANEHDFFIAQADMMPLVGKTLGPVLGPRGKMPQPVPANANLTPLVERLKKTVLINTRDKPLFHVLVGNEKMSDEELAENIEAILNTVSRKYEKGLYHVKSAYTKLTMGPPAQIEK,1.0,train,999
82,QTAPVPMPDLKNVKSKIGSTENLKHQPGGGKVQIINKKLDLSNVQSKCGSKDNIKHVPGGGSVQIVYKPVDLSKVTSKCGSLGNIHHKPGGGQVEVKSEKLDFKDRVQSKIGSLDNITHVPGGGNKKIETHKLTFRENAKAKTDHGAEIVYKSPVVSGDTSPRHLSNVSSTGSIDMVDSPQLATLADEVSASLAKQGL,0.0,train,999
623,MSFDKQNLIWIDLEMTGLDPEKERIIEIATIVTDKNLNILAEGPVLAVHQSDELLNKMNDWCQKTHSENGLIERIKASKLTERAAELQTLDFLKKWVPKGASPICGNSIAQDKRFLVKYMPDLADYFHYRHLDVSTLKELAARWKPEILEGFKKENTHLALDDIRESIKELAYYREHFMKLD,1.0,train,999
83,DGSMMMQSGGGSGQGGSTQSTAALMLAGGLKGVGPAPSANASADSSSKYSGGSMVKRKTVPQGGKVMRNNVPTGGSNVSVSQGGNGNSVGQNKGGYQPSMGMPSQYSYQGNSQIMHGSSQYRNQSHMGGANKLNGDSNANTNKPLPQRQMRQYQGSQSNSSLNYGGEPQSLGKPVHGSHGGHPGQNSNSPPLQTAGPQQQQQQQQQQQQQQQQQQPPQQQQHQNIQPQGQNTQPARQVRTRDNQMQELRQFGQDFQLAPSNTSPPQQQQQQQQQQQQHQVQQQQQRALQQSASPPQQQQQQQQQQQHVVLHQVPQTHLHQAALSQPHYVPQQQPQQAPLPQQQHVPHHMQQKAQQQQLVETQHQHVQKQHQSQPQVQQPPPQLLQDPSQQPLPIYHTMPP,0.0,train,999
10,RGGGFGGNDNFGRGGNFSGRGGFGGSRGGGGYGGSGDGYN,0.0,train,999
916,SLTHRKFGGSGGSPFSGLSSIAVRSGSYLDXIIIDGVHHGGSGGNLSPTFTFGSGEYISNMTIRSGDYIDNISFETNMGRRFGPYGGSGGSANTLSNVKVIQINGSAGDYLDSLDIYYEQY,1.0,train,999
908,MGLELFLDLVSQPSRAVYIFAKKNGIPLELRTVDLVKGQHKSKEFLQINSLGKLPTLKDGDFILTESSAILIYLSCKYQTPDHWYPSDLQARARVHEYLGWHADCIRGTFGIPLWVQVLGPLIGVQVPEEKVERNRTAMDQALQWLEDKFLGDRPFLAGQQVTLADLMALEELMQPVALGYELFEGRPRLAAWRGRVEAFLGAELCQEAHSIILSILEQAAKKTLPTPSPEAYQAMLLRIARIP,1.0,train,999
309,WQPPWYCKEPVRIGSCKKQFSSFYFKWTAKKCLPFLFSGCGGNANRFQTIGECRKKCLGK,1.0,train,999
1275,MIKVLFFAQVRELVGTDATEVAADFPTVEALRQHMAAQSDRWALALEDGKLLAAVNQTLVSFDHPLTDGDEVAFFPPVTGG,1.0,train,999
63,MLETKSIAALAFTETPRKRKRETLYKNAAPPPNPQQQPPEKDAQDAAVASTESCFTNAAFSSTPKKLMVARRRLAKENSQPNPFPGLEVKSIADLAQKQQHQQHHQQQQQQQQKLPTNPFEVLRQPPKKKKREHACFENPGLNLELPEKQFNPYEVVRSATT,0.0,train,999
31,MASLTVKAYLLGKEDAAREIRRFSFCCSPEPEAEAEAAAGPGPCERLLSRVAALFPALRPGGFQAHYRDEDGDLVAFSSDEELTMAMSYVKDDIFRIYIKEKKECRRDHRPPCAQEAPRNMVHPNVICDGCNGPVVGTRYKCSVCPDYDLCSVCEGKGLHRGHTKLAFPSPFGHLSEGFSHSRWLRKVKHGHFGWPGWEMGPPGNWSPRPPRAGEARPGPTAESASGPSEDPSVNFLKNVGESVAAALSPLGIEVDIDVEHGGKRSRLTPVSPESSSTEEKSSSQPSSCCSDPSKPGGNVEGATQSLAEQMRKIALESEGRPEEQMESDNCSGGDDDWTHLSSKEVDPSTGELQSLQMPESEGPSSLDPSQEGPTGLKEAALYPHLPPEADPRLIESLSQMLSMGFSDEGGWLTRLLQTKNYDIGAALDTIQYSKHPPPL,0.0,train,999
1620,MAQIRIHEVNTRIENEVKVSKFLQEEGVLYEKWNISKLPPHLNENYSLTDENKAEILAVFSKEIADVSARRGYKAHDVISLSNSTPNLDELLINFQKEHHHTDDEVRFIVSGHGIFAIEGKDGTFFDVELEPGDLISVPENARHYFTLQDDRQVVAIRIFVTTEGWVPIY,1.0,train,999
30,MSVADFYGSNVEVLLNNDSKARGVITNFDSSNSILQLRLANDSTKSIVTKDIKDLRILPKNEIMPKNGTKSPSTNSTKLKSAETYSSKNKWSMDCDEEFDFAANLEKFDKKQVFAEFREKDKKDPAKLLVSHNKSPNRNYHHKQNVLGPSVKDEFVDLPSAGSQINGIDAVLSSSSNGHVTPGSKKGSRETLKK,0.0,train,999
43,MSANRTVTVFSSSAEDQEPIELAEDSLQNLDKMLAEEKEEHQLLKDEVVLLRKENVEAKTYSTLLEIMLDEAEEKASSAQETTSEENNLKILNRDLVAENLELKEMKEELRKIWLSDSKKFQEALTRISDENTKLQKDCHELESIRQCAQFALDNCNEELEKTQTENEEHESRIETLEREVCEKDIAMKDIVERKDEISLQLELQTKEFTSALNDLMYGREDTLKQIHQMKENWKVKQNEFEVEITKLKSQNDYFDSERLQLTDRIRALLNELSDVRLELGSTRLAMKEKAEVTEAVTSFNKDLRDKLEDEIARLGECLQFRKDEHEQDEAVIAHLEEQLKLGSDKAAAFSSEHSDTIELLRESETELMELRMENYDLKEDFKILKEEKEDVNRTCECLREQLSTTIQERDIEKGQMQSEMDAKMVAVHQQYAKQIDNMKYNHMLAINQELIKGQMALESGKKKHANEILTVRNELEQSNAAHQSLRDQCSLLLSSEDDLRTAHLALESKMTLVSEECIALRVSRANAQKEIGNLTEHHKLEVALLEDAKSGIQQRLHYATIEIEQLKKINEVTQAQFKKETDEKNAEINEFQAAMVSMKQQYNVLGNHCRVLTSQGISDRTTIDKLQETIREHTELAIETKRIHDAEIVQLNDAHKKLVDNLGVEELDEEPKASTESEEKAEWEMVDEE,0.0,train,999
653,MVVTRIAPSPTGDPHVGTAYIALFNYAWARRNGGRFIVRIEDTDRARYVPGAEERILAALKWLGLSYDEGPDVGGPHGPYRQSERLPLYQKYAEELLKRGWAYRAFETPEELEQIRKEKGGYDGRARNIPPEEAEERARRGEPHVIRLKVPRPGTTEVKDELRGVVVYDNQEIPDVVLLKSDGYPTYHLANVVDDHLMGVTDVIRAEEWLVSTPIHVLLYRAFGWEAPRFYHMPLLRNPDKTKISKRKSHTSLDWYKAEGFLPEALRNYLCLMGFSMPDGREIFTLEEFIQAFTWERVSLGGPVFDLEKLRWMNGKYIREVLSLEEVAERVKPFLREAGLSWESEAYLRRAVELMRPRFDTLKEFPEKARYLFTEDYPVSEKAQRKLEEGLPLLKELYPRLRAQEEWTEAALEALLRGFAAEKGVKLGQVAQPLRAALTGSLETPGLFEILALLGKERALRRLERALA,1.0,train,999
75,MSTAREQPIFSTRAHVFQIDPATKRNWIPAGKHALTVSYFYDATRNVYRIISIGGAKAIINSTVTPNMTFTKTSQKFGQWADSRANTVYGLGFASEQHLTQFAEKFQEVKEAARLAREKSQDGGELTSPALGLASHQVPPSPLVSANGPGEEKLFRSQSADAPGPTERERLKKMLSEGSVGEVQWEAEFFALQDSNNKLAGALREANAAAAQWRQQLEAQRAEAERLRQRVAELEAQAASEVTPTGEKEGLGQGQSLEQLEALVQTKDQEIQTLKSQTGGPREALEAAEREETQQKVQDLETRNAELEHQLRAMERSLEEARAERERARAEVGRAAQLLDVSLFELSELREGLARLAEAAP,0.0,train,999
41,NQDTSSSASPEVAPSFSTDGWDSPTKSVALPPGMQQIDEEETTVADKDSTPQPQARAETAWGSGDATPMPLPAPTNQYKVSGFGEAKVAKGFGQFAPTSSAYGGGGGRGGYGGGDRGGRGGYGGDRGGRGGYGGGDRGGRGGYGGDRGRGGYGGRGGRGGF,0.0,train,999
18,RRGDGRRRGGGGRGQGGRGRGGGFKGNDDHSRTDNRPRNP,0.0,train,999
33,MASTDYSTYSQAAAQQGYSAYTAQPTQGYAQTTQAYGQQSYGTYGQPTDVSYTQAQTTATYGQTAYATSYGQPPTGYTTPTAPQAYSQPVQGYGTGAYDTTTATVTTTQASYAAQSAYGTQPAYPAYGQQPAATAPTRPQDGNKPTETSQPQSSTGGYNQPSLGYGQSNYSYPQVPGSYPMQPVTAPPSYPPTSYSSTQPTSYDQSSYSQQNTYGQPSSYGQQSSYGQQSSYGQQPPTSYPPQTGSYSQAPSQYSQQSSSYGQQSSFRQDHPSSMGVYGQESGG,0.0,train,999
1209,MDGEEKTYGGCEGPDAMYVKLISSDGHEFIVKREHALTSGTIKAMLSGPGQFAENETNEVNFREIPSHVLSKVCMYFTYKVRYTNSSTEIPEFPIAPEIALELLMAANFLDC,1.0,train,999
1405,MHLMYTLGPDGKRIYTLKKVTESGEITKSAHPARFSPDDKYSRQRVTLKKRFGLVPGQ,1.0,train,999
52,MSLVNSHSSASVENAAYNLHRAFSSSTENVGHMTPSNSSPLHHSTVVAMGAESQGGGASNNNNNPANPGSTANNNSNNVNMNSIGGGASLGAGSGATGSISGTKGMNNSHSPLHIATMLNTLSMNSNPPSQQQSNVQGPYLVRLQNVPKDTTLRECHALFALAHGVLSIELSSFQQYAERSQTSGQESTNYIVAKFDSLHLACQYATILDEKAQIFGPSFPFKTYVEVVDELTQQQIPFQTQMQMHQGSPPAPTHVTAYQQPLLSASGVVSPPQSASSVKRPSLLVQRSRFSFTDPFSSEQTNMGSQQPDLITTPLKGHQDTGKSFLLMESDEINDSIWGNGTGIPSSISGLTTSQPPTPHLEWGTTGRRQSSTFYPSQSNTEIPPMHLTGQVQSSQLATGLQQPLPQPQRQSLSYNLVTPLSSDMNLPPQSSQGGILPHQAPAQTQPQSQALQHHQHLHGSSRNSISKTLQVNGPKNAAAALQNTNGISQVDLSLLAKVPPPANPADQNPPCNTLYVGNLPPDATEQELRQLFSSQKGFRRLSFRNKNNNGNGHGPMCFVEFEDVAHATRALAELYGSQLARTSGTHNNKGGIRLSFSKNPLGVRGPNSRRGGATNNTSNAGTTNYSYAAAFGKS,0.0,train,999
74,QDEWSGYTPRGKDDEIPCRRMRSGSYIKAMGDEDSGDSDTSPKPSPKVAARRESYLKATQPSLTELTTLKISNEHSPKLQIRSHSYLRAVSEVSQMDPLDKKERRAPPPVPKKPAKGPAPLIRERSLESSQRQEARKRLMAAKRAASVRQNSATESAESIEIYIPEAQTRL,0.0,train,999
54,MSKSESPKEPEQLRKLFIGGLSFETTDESLRSHFEQWGTLTDCVVMRDPNTKRSRGFGFVTYATVEEVDAAMNARPHKVDGRVVEPKRAVSREDSQRPGAHLTVKKIFVGGIKEDTEEHHLRDYFEQYGKIEVIEIMTDRGSGKKRGFAFVTFDDHDSVDKIVIQKYHTVNGHNCEVRKALSKQEM,0.0,train,999
697,MKTIIINGVQFNTDEDTTILKFARDNNIDISALCFLNNCNNDINKCEICTVEVEGTGLVTACDTLIEDGMIINTNSDAVNEKIKSRISQLLDIHEFKCGPCNRRENCEFLKLVIKYKARASKPFLPKDKTEYVDERSKSLTVDRTKCLLCGRCVNACGKNTETYAMKFLNKNGKTIIGAEDEKCFDDTNCLLCGQCIIACPVAALSEKSHMDRVKNALNAPEKHVIVAMAPSVRASIGELFNMGFGVDVTGKIYTALRQLGFDKIFDINFGADMTIMEEATELVQRIENNGPFPMFTSCCPGWVRQAENYYPELLNNLSSAKSPQQIFGTASKTYYPSISGLDPKNVFTVTVMPCTSKKFEADRPQMEKDGLRDIDAVITTRELAKMIKDAKIPFAKLEDSEADPAMGEYSGAGAIFGATGGVMEAALRSAKDFAENAELEDIEYKQVRGLNGIKEAEVEINNNKYNVAVINGASNLFKFMKSGMINEKQYHFIEVMACHGGCVNGGGQPHVNPKDLEKVDIKKVRASVLYNQDEHLSKRKSHENTALVKMYQNYFGKPGEGRAHEILHFKYKK,1.0,train,999
866,MTTGKPNILIIMVDQLNGKLFPDGPADFLHAPNLKALAKRSARFHNNYTSSPLCAPARASFMAGQLPSRTRVYDNAAEYQSSIPTYAHHLRRAGYYTALSGKMHFVGPDQLHGFEERLTTDIYPADFGWTPDYRKPGERIDWWYHNLGSVTGAGVAEITNQMEYDDEVAFLANQKLYQLSRENDDESRRPWCLTVSFTHPHDPYVARRKFWDLYEDCEHLTPEVGAIPLDEQDPHSQRIMLSCDYQNFDVTEENVRRSRRAYFANISYLDEKVGELIDTLTRTRMLDDTLILFCSDHGDMLGERGLWFKMNFFEGSARVPLMIAGPGIAPGLHLTPTSNLDVTPTLADLAGISLEEVRPWTDGVSLVPMVNGVERTEPVLMEYAAEASYAPLVAIREGKWKYVYCALDPEQLFDLEADPLELTNLAENPRGPVDQATLTAFRDMRAAHWDMEAFDAAVRESQARRWVVYEALRNGAYYPWDHQPLQKASERYMRNHMNLDTLEESKRYPRGE,1.0,train,999
1159,MADEATRRVVSEIPVLKTNAGPRDRELWVQRLKEEYQSLIRYVENNKNADNDWFRLESNKEGTRWFGKCWYIHDLLKYEFDIEFDIPITYPTTAPEIAVPELDGKTAKMYRGGKICLTDHFKPLWARNVPKFGLAHLMALGLGPWLAVEIPDLIQKGVIQHKEKCNQ,1.0,train,999
953,QSSTVTPNVVVAADGSGDYKTVSEAVAAAPEDSKTRYVIRIKAGVYRENVDVPKKKKNIMFLGDGRTSTIITASKNVQDGSTTFNSATVAAVGAGFLARDITFQNTAGAAKHQAVALRVGSDLSAFYRCDILAYQDSLYVHSNRQFFINCFIAGTVDFIFGNAAVVLQDCDIHARRPGSGQKNMVTAQGRTDPNQNTGIVIQKSRIGATSDLQPVQSSFPTYLGRPWKEYSRTVVMQSSITNVINPAGWFPWDGNFALDTLYYGEYQNTGAGAATSGRVTWKGFKVITSSTEAQGFTPGSFIAGGSWLKATTFPFSLGL,1.0,train,999
622,MSLPMLQVALDNQTMDSAYETTRLIAEEVDIIEVGTILCVGEGVRAVRDLKALYPHKIVLADAKIADAGKILSRMCFEANADWVTVICCADINTAKGALDVAKEFNGDVQIELTGYWTWEQAQQWRDAGIGQVVYHRSRDAQAAGVAWGEADITAIKRLSDMGFKVTVTGGLALEDLPLFKGIPIHVFIAGRSIRDAASPVEAARQFKRSIAELWG,1.0,train,999
364,MIVLFVDFDYFYAQVEEVLNPSLKGKPVVVCVFSGRFEDSGAVATANYEARKFGVKAGIPIVEAKKILPNAVYLPMRKEVYQQVSSRIMNLLREYSEKIEIASIDEAYLDISDKVRDYREAYNLGLEIKNKILEKEKITVTVGISKNKVFAKIAADMAKPNGIKVIDDEEVKRLIRELDIADVPGIGNITAEKLKKLGINKLVDTLSIEFDKLKGMIGEAKAKYLISLARDEYNEPIRTRVRKSIGRIVTMKRNSRNLEEIKPYLFRAIEESYYKLDKRIPKAIHVVAVTEDLDIVSRGRTFPHGISKETAYSESVKLLQKILEEDERKIRRIGVRFSKFIEAIGLDKFFDT,1.0,train,999
1030,MMISEIRQELTDHIIPFWNKLRDDENGGFYGYLSYGLGLDKKADKGVILHSRILWFYSNAYMTLGGDELLDNAKHAYEFIKNNCIDYEYGGVYWMMDFEGKPADTMKHTYNIAFAIYALSSYYRASGDKEALALAYRPFEDIEKNTLYEYGYREAFDRQWRLVDNEALSENGLKADKTMNAILHLIEAYTELYKADGNEKVADRLKFQLGQMRDIVYTPDTNALKVFFDTAFNLVGDIHSYGHDIEATWLMDRACDVLGDEDLKKQFAEMDLKISHNIQDIALEDGALNNERDKNEIDKTRVWWVQAEAVVGFINAYQHSGDEKFLESAKSVWENIKEYIIDKREGGEWYSEVTFDHTPHDYKETVGPWKCPYHNGRMCMEVITRGVDI,1.0,train,999
857,MSLLEQLDKNIAASGGLIVSCQPVPGSPLDKPEIVAAMALAAEQAGAVAVRIEGIDNLRMTRSLVSVPIIGIIKRDLDESPVRITPFLDDVDALAQAGAAIIAVDGTARQRPVAVEALLARIHHHHLLAMADCSSVDDGLACQRLGADIIGTTMSGYTTPDTPEEPDLPLVKALHDAGCRVIAEGRYNSPALAAEAIRYGAWAVTVGSAITRLEHICGWYNDALKKAAS,1.0,train,999
266,MPEPAKSAPAPKKGSKKAVTKAQKKDGKKRKRSRKESYSIYVYKVLKQVHPDTGISSKAMGIMNSFVNDIFERIAGEASRLAHYNKRSTITSREIQTAVRLLLPGELAKHAVSEGTKAVTKYTSAK,1.0,train,999
265,MKVIFLKDVKGKGKKGEIKNVADGYANNFLFKQGLAIEATPANLKALEAQKQKEQRQAAEELANAKKLKEQLEKLTVTIPAKAGEGGRLFGSITSKQIAESLQAQHGLKLDKRKIELADAIRALGYTNVPVKLHPEVTATLKVHVTEQK,1.0,train,999
221,RADAAPTVSIFPPSSEQLTSGGASVVCFLNNFYPKDINVKWKIDGSERQNGVLNSWTDQDSKDSTYSMSSTLTLTKDEYERHNSYTCEATHKTSTSPIVKSFNRNEC,1.0,train,999
402,MERYENLFAQLNDRREGAFVPFVTLGDPGIEQSLKIIDTLIDAGADALELGVPFSDPLADGPTIQNANLRAFAAGVTPAQCFEMLALIREKHPTIPIGLLMYANLVFNNGIDAFYARCEQVGVDSVLVADVPVEESAPFRQAALRHNIAPIFICPPNADDDLLRQVASYGRGYTYLLSRSGVTGAENRGALPLHHLIEKLKEYHAAPALQGFGISSPEQVSAAVRAGAAGAISGSAIVKIIEKNLASPKQMLAELRSFVSAMKAASRA,1.0,train,999
1520,MGGVSDERLDLVNERDEVVGQILRTDPALRWERVRVVNAFLRNSQGQLWIPRRSPSKSLFPNALDVSVGGAVQSGETYEEAFRREAREELNVEIDALSWRPLASFSPFQTTLSSFMCVYELRSDATPIFNPNDISGGEWLTPEHLLARIAAGEAAKGDLAELVRRCYREEE,1.0,train,999
645,MILDTDYITEDGKPVIRIFKKENGEFKIDYDRNFEPYIYALLKDDSAIEDVKKITAERHGTTVRVVRAEKVKKKFLGRPIEVWKLYFTHPQDVPAIRDKIKEHPAVVDIYEYDIPFAKRYLIDKGLIPMEGDEELKMLAFDIETLYHEGEEFAEGPILMISYADEEGARVITWKNIDLPYVDVVSTEKEMIKRFLKVVKEKDPDVLITYNGDNFDFAYLKKRSEKLGVKFILGREGSEPKIQRMGDRFAVEVKGRIHFDLYPVIRRTINLPTYTLEAVYEAIFGQPKEKVYAEEIAQAWETGEGLERVARYSMEDAKVTYELGKEFFPMEAQLSRLVGQSLWDVSRSSTGNLVEWFLLRKAYERNELAPNKPDERELARRRESYAGGYVKEPERGLWENIVYLDFRSLYPSIIITHNVSPDTLNREGCEEYDVAPQVGHKFCKDFPGFIPSLLGDLLEERQKVKKKMKATIDPIEKKLLDYRQRAIKILANSFYGYYGYAKARWYCKECAESVTAWGRQYIETTIREIEEKFGFKVLYADTDGFFATIPGADAETVKKKAKEFLDYINAKLPGLLELEYEGFYKRGFFVTKKKYAVIDEEDKITTRGLEIVRRDWSEIAKETQARVLEAILKHGDVEEAVRIVKEVTEKLSKYEVPPEKLVIYEQITRDLKDYKATGPHVAVAKRLAARGIKIRPGTVISYIVLKGSGRIGDRAIPFDEFDPAKHKYDAEYYIENQVLPAVERILRAFGYRKEDLRYQKTRQVGLGAWLKPKT,1.0,train,999
989,MDIKYKLASYRICSPEETFEKIQEALKKIETVEIKNIQHLDKVNIPVYYLKRRVVVDGKEGIAIHYGKGANDIQAKVSACMEAIERFSASYDKNKVKEKPDNPINVEDLILPQYADKNVKEWVEGIDIINNETIDVPADAVFYPTSGKLFRGNTNGLASGNNLDEAILHATLEIIERDAWSLADLARKIPTKINPEDAKNPLIHELIEKYEKAGVKIILKDLTSEFEIPVVAAISDDLSKNPLMLCVGVGCHLHPEIAILRALTEVAQSRASQLHGFRRDAKLREEFTSKIPYERLKRIHRKWFEFEGEINIADMPNNARYDLKKDLKFIKDKLSEFGFDKLIYVDLNKVGVDAVRVIIPKMEVYTIDRDRLSRRAFERVKKLYY,1.0,train,999
24,MGSSHHHHHHHHASENLYFQSVNLFVKNLDDSVDDEKLEEEFAPYGTITSAKVMRTENGKSKGFGFVCFSTPEEATKAITEKNQQIVAGKPLYVAIAQRKDVRRSQLAQQIQARNQMRYQQATAAAAAAAAGMPGQFMPPMFYGVMPPRGVPFNGPNPQQMNPMGGMPKNGMPPQFRNGPVYGVPPQGGFPRNANDNNQFYQQKQRQALGEQLYKKVSAKTSNEEAAGKITGMILDLPPQEVFPLLESDELFEQHYKEASAAYESFKKEQEQQTEQA,0.0,train,999
39,MEANKREIVDFGGLRSYFFPNLAHYITKNDEELFNNTSQANKLAAFVLGASKDAPGDEDILEMILPNDANAAVIAAGMDVCLLLGDKFRPKFDAAAEKLSGLGHAHDLVSVIDDDKKLGMLARKAKLKKTEDAKILQALLKVIAIDDAAEKFVELTELVSQLDLDFDVYVLTKILGLISEETSDEVDIIRDNVVNAFDSCKPLLKQLMLDGPKSEPADPFISLLMDPLEESVGKVVNHIAQLFEEASKNEGDESLVLRSQLGYQLFFLIVRSLADGKREVSKKILSGIPTSVRAEVFPGLQRSVYKSAVFLGNHIIQVLLGSKKSFEDWDVVGVAKDLESAWKRRAIAELIKKFQVSILEQCFDKPVPLIPQSPLNNDAVIDNVNKALQFALWLTEFYGSENETEALGELRFLDSTSKNLLVDSFKKFVQGINSKTHVTRIVESLEKCCLSDTPSGRKSNVQPSTSQQQDSAYTKEEMTTVHNTYSVNTKAQVLNGLSDTNSSGLLVDSKDSLSLQEISCDEVDSSTLLSSSRNIGEGVTVKAVDPVPEKVNDAQQQQTVNEIEMASDANQDTSSSASPEVAPSFSTDGWDSPTKSVALPPGMQQIDEEETTVADKDSTPQPQARAETAWGSGDATPMPLPAPTNQYKVSGFGEAKVAKGFGQFAPTSSAYG,0.0,train,999
719,MEIPVIEPLFTKVTEDIPGAEGPVFDKNGDFYIVAPEVEVNGKPAGEILRIDLKTGKKTVICKPEVNGYGGIPAGCQCDRDANQLFVADMRLGLLVVQTDGTFEEIAKKDSEGRRMQGCNDCAFDYEGNLWITAPAGEVAPADYTRSMQEKFGSIYCFTTDGQMIQVDTAFQFPNGIAVRHMNDGRPYQLIVAETPTKKLWSYDIKGPAKIENKKVWGHIPGTHEGGADGMDFDEDNNLLVANWGSSHIEVFGPDGGQPKMRIRCPFEKPSNLHFKPQTKTIFVTEHENNAVWKFEWQRNGKKQYCETLKFGIF,1.0,train,999
32,MEREKEQFRKLFIGGLSFETTEESLRNYYEQWGKLTDCVVMRDPASKRSRGFGFVTFSSMAEVDAAMAARPHSIDGRVVEPKRAVAREESGKPGAHVTVKKLFVGGIKEDTEEHHLRDYFEEYGKIDTIEIITDRQSGKKRGFGFVTFDDHDPVDKIVLQKYHTINGHNAEVRKALSRQEMQEVQSSRS,0.0,train,999
1,NTIFVQGLGENVTIESVADYFKQIGIIKTNKKTGQPMINLYTDRETGKLKGEATVSFDDPPSAKAAIDWFDGKEFSGNPIKVSFATRRADFNRGGGNGRGGRGRGGPMGRGGYGGGGSGGGGRGGFPSGGGGGGGQQRAGDWKCPNPTCENMNFSWRNECNQCKAPKPDGPGGGPGGSHMGGNYGDDRRGGRGGYDRGGYRGRGGDRGGFRGGRGGGDRGGFGPGKMDSRGEHRQDRRERPY,0.0,train,999
7,MSKSESPKEPEQLRKLFIGGLSFETTDESLRSHFEQWGTLTDCVVMRDPNTKRSRGFGFVTYATVEEVDAAMNARPHKVDGRVVEPKRAVSREDSQRPGAHLTVKKIFVGGIKEDTEEHHLRDYFEQYGKIEVIEIMTDRGSGKKRGFAFVTFDDHDSVDKIVIQKYHTVNGHNCEVRKALSKQE,0.0,train,999
76,ASERTVAWVSNMPHLSADIESAHIEREEYKLKEYSKSMDESRLDREYEEEIHSLKERLHMSNRKLEEYERRLLSQEEQTSKILMQYQARLEQSEKRLRQQQVEKDSQIKSIIGRLMLVEEELRRDHPAMAEPLPEPKKRLLDAQRGSFPPWVQQTRV,0.0,train,999
12,GSMEDSMDMDMSPLRPQNYLFGCELKADKDYHFKVDNDENEHQLSLRTVSLGAGAKDELHIVEAEAMNYEGSPIKVTLATLKMSVQPTVSLGGFEITPPVVLRLKCGSGPVHISGQHLVAVEEDAESEDEEEEDVKLLSISGKRSAPGGGSKVPQKKVKLAADEDDDDDDEEDDDEDDDDDDFDDEEAEE,0.0,train,999
1265,MSILFSSILFSIATFFSRILGLFRDVLFAKYFGVSYELDAYFIAIMFPFFLRKVFGEGAMSSAFVPLYSEKSGEEKDKFLSSVINGFSLIILALVILSYFFPELIINLFGAGSSHETKILAKKLLLITSPSIYFIFLWAISYSILNTNNKFFWPALTPSISNITIIIGTFLSTKYGIISPTIGFLIGSILMFFSIIKSIIKHKYYFTIKHFPHFLKLFFPTFMTMVVSQINTVVDMNVVSFYDKGSISYLQYASRFYLLPYGLFAVSVSTVVLSKISNDRKNFNYHLNDALKTTLFFTIPSMVGLIFLSTPIIRFFYEHGAFTSKDTLITSKILIAYTLGLPFYGIYSTISRSYHAIKNTKTPFIAATIVSLSNIILDIIFGLKYGPIGVALATSIAGIIGVLYLLFSVKTFPIKDFLKISLNSLIMLFVIYLTDFTDNEFWFLIQILIGILVYLIFSSIFYRDLIRRFLYARKK,1.0,train,999
1281,MSHTILLVQPTKRPEGRTYADYESVNECMEGVCKMYEEHLKRMNPNSPSITYDISQLFDFIDDLADLSCLVYRADTQTYQPYNKDWIKEKIYVLLRRQAQQAGK,1.0,train,999
1400,MIKSFKHKGLKLLFEKGVTSGVPAQDVDRINDRLQAIDTATEIGELNRQIYKLHPLKGDREGYWSITVRANWRITFQFINGDAYILNYEDYH,1.0,train,999
1425,MNLREKYGEWGLILGATEGVGKAFCEKIAAGGMNVVMVGRREEKLNVLAGEIRETYGVETKVVRADFSQPGAAETVFAATEGLDMGFMSYVACLHSFGKIQDTPWEKHEAMINVNVVTFLKCFHHYMRIFAAQDRGAVINVSSMTGISSSPWNGQYGAGKAFILKMTEAVACECEGTGVDVEVITLGTTLTPSLLSNLPGGPQGEAVMKIALTPEECVDEAFEKLGKELSVIAGQRNKDSVHDWKANHTEDEYIRYMGSFYRD,1.0,train,999
9,NNNNNNYQQRRNYGNNNRGGFRQYNSNNNNNMNMGMNMNMNMNMNNSRGMPPSSMGMPIGAMPLPSQGQPQQSQTIGLPPQVNPQ,0.0,train,999
68,MEELVVEVRGSNGAFYKAFVKDVHEDSITVAFENNWQPDRQIPFHDVRFPPPVGYNKDINESDEVEVYSRANEKEPCCWWLAKVRMIKGEFYVIEYAACDATYNEIVTIERLRSVNPNKPATKDTFHKIKLDVPEDLRQMCAKEAAHKDFKKAVGAFSVTYDPENYQLVILSINEVTSKRAHMLIDMHFRSLRTKLSLIMRNEEASKQLESSRQLASRFHEQFIVREDLMGLAIGTHGANIQQARKVPGVTAIDLDEDTCTFHIYGEDQDAVKKARSFLEFAEDVIQVPRNLVGKVIGKNGKLIQEIVDKSGVVRVRIEAENEKNVPQEEEIMPPNSLPSNNSRVGPNAPEEKKHLDIKENSTHFSQPNSTKVQRVLVASSVVAGESQKPELKAWQGMVPFVFVGTKDSIANATVLLDYHLNYLKEVDQLRLERLQIDEQLRQIGASSRPPPNRTDKEKSYVTDDGQGMGRGSRPYRNRGHGRRGPGYTSGTNSEASNASETESDHRDELSDWSLAPTEEERESFLRRGDGRRRGGGGRGQGGRGRGGGFKGNDDHSRTDNRPRNPREAKGRTTDGSLQIRVDCNNERSVHTKTLQNTSSEGSRLRTGKDRNQKKEKPDSVDGQQPLVNGVP,0.0,train,999
49,DAEFRHDSGYEVHHQKL,0.0,train,999
1611,MIEITLKKPEDFLKVKETLTRMGIANNKDKVLYQSCHILQKKGLYYIVHFKEMLRMDGRQVEMTEEDEVRRDSIAWLLEDWGLIEIVPGQRTFMKDLTNNFRVISFKQKHEWKLVPKYTIGN,1.0,train,999
42,MTPLSALTSNPAPSPPPKFALGKCPATAIHVVSVLRPNRQRFCYEKTDAGDLIPHKCLICQPILTEKHISPYYAVYSDLLEDFVLFGYNTMTGKMEQFIYAFKTDCFVEVNRPEIKYNPAFLVKGNVVVALNGPEGELVVIERDCRGLLSKESTSYGQFRTLPTAALRTLTLQDLERDRWDRAANSDEVKISSGNESFDRLYAEYQKNLPRFQVRQCLHLNKEFLCVYSKTSGDYTRLEYIDETGDFQKISCTLCTCEVTESNLIPLYVERNASELVIHVHNTENNQIEQYIYDVRTFGFVQVKRNLVYDPKKITSGLNLFMAENIDNRKVYMIMRGRDGRLQKETSGSGGFEKMQPVAVKTFQVQWVEMKTEFEKKKASTERVEPQHPVQTEGEDIMETVLAMVESFNCDLRKELGLTQDQEIPRKAPRVESAETEENIVKNLEKLQIAKDPEEPTTAASEGGNTYGYQELDDTMSEGLLEKEAESKHQDANEPEPVKNVTYEPDVAAMDKKKKRRELKSRLNKINAQIDELEKRRMERAGKKQVVSSSVPSEEAAQVEAPASPALAENTNQISNEETPKIDIFEGYNGSFLFGTNTSKEWIVEDIRNHMVGKLLKAFWPRIQNVEEMNGELFKKLIANARKCETEILEASNDRDEYYRLMQLTVDQILKKTLKKDQRATEHNHQQPTQSSDELAKNHEKN,0.0,train,999
16,RQLERSGRFGGNPGGFGNQGGFGNSRGGGAGLGNNQGSNMGGGMNFGAFSINPAMMAAAQAALQSSWGMMGMLASQQNQSGPSGNNQNQGNMQREPNQAFGSGNNSYSGSNSGAAIGWGSASNAGSGSGFNGGFGSSMDSKSSGWGM,0.0,train,999
50,MGDEDWEAEINPHMSSYVPIFEKDRYSGENGDNFNRTPASSSEMDDGPSRRDHFMKSGFASGRNFGNRDAGECNKRDNTSTMGGFGVGKSFGNRGFSNSRFEDGDSSGFWRESSNDCEDNPTRNRGFSKRGGYRDGNNSEASGPYRRGGRGSFRGCRGGFGLGSPNNDLDPDECMQRTGGLFGSRRPVLSGTGNGDTSQSRSGSGSERGGYKGLNEEVITGSGKNSWKSEAEGGES,0.0,train,999
66,NSVSTSPAMEQSQSSGTTSSTSSSSGGSSGTSNSGRARSDPTHQHRHSGGHFTAAVQAMDCETHSPQVRQQFPAPLGWSGTEAPTQVTVETHPVQETTFHVAPQQNALHHHHGNSSHHHHHHHHHHHHHGQQALGNRTRPRVYNSPTNSSSTQDSMEVGHSHHSMTSLSSSTTSSSTSSSSTGNQGNQAYQNRPVA,0.0,train,999
23,NASCVGGVLWQRRLRRLAEGISEKTEAGSEEDRVRNEYEESQWTGERDTQSSTVSTTEAEPYYRSLRDFSPQLPPTQEEVSYSRGFTGEDEDMAFPGHLYDEVERTYPPSGAWGPLYDEVQMGPWDLHWPEDTYQDPRGIYDQVAGDLDTLEPDSLPFELRGHLV,0.0,train,999
1522,MELSADYLREKLRQDLEAEHVEVEDTTLNRCATSFRVLVVSAKFEGKPLLQRHRLVNECLAEELPHIHAFEQKTLTPEQWTRQRRE,1.0,train,999
664,MSKVPRNFRLLEELEKGEKGFGPESCSYGLADSDDITMTKWNGTILGPPHSNHENRIYSLSIDCGPNYPDSPPKVTFISKINLPCVNPTTGEVQTDFHTLRDWKRAYTMETLLLDLRKEMATPANKKLRQPKEGETF,1.0,train,999
57,GASSRPPPNRTDKEKSYVTDDGQGMGRGSRPYRNRGHGRRGPGYTSGTNSEASNASETESDHRDELSDWSLAPTEEERESFLRRGDGRRRGGGGRGQGGRGRGGGFKGNDDHSRTDNRPRNPREAKGRTTDGSLQIRVDCNNERSVHTKTLQNTSSEGSRLRTGKDRNQKKEKPDSVDGQQPLVNGVP,0.0,train,999
620,MAESNQVVQAYNGDPFVGHLSTPISDSAFTRTFIGNLPAYRKGLSPILRGLEVGMAHGYFLIGPWTLLGPLRDSEYQYIGGLIGALALILVATAALSSYGLVTFQGEQGSGDTLQTADGWSQFAAGFFVGGMGGAFVAYFLLENLSVVDGIFRGLFN,1.0,train,999
1262,MIIWPSYIDKKKSRREGRKVPEELAIEKPSLKDIEKALKKLGLEPKIYRDKRYPRQHWEICGCVEVDYKGNKLQLLKEICKIIKGKN,1.0,train,999
71,MSHVAVENALGLDQQFAGLDLNSSDNQSGGSTASKGRYIPPHLRNREATKGFYDKDSSGWSSSKDKDAYSSFGSRSDSRGKSSFFSDRGSGSRGRFDDRGRSDYDGIGSRGDRSGFGKFERGGNSRWCDKSDEDDWSKPLPPSERLEQELFSGGNTGINFEKYDDIPV,0.0,test,0
1698,MYKKDVIDHFGTQRAVAKALGISDAAVSQWKEVIPEKDAYRLEIVTAGALKYQENAYRQAA,1.0,test,1
1146,MIQVEENEHIQTLVYQLNKEGKSICGDSFFMKADDKELICAVADGLGSGSLANESSAAIKDLVENYASEDVESIIERCNQAMKNKRGATASILKINFEQRQFTYCSVGNVRFILHSPSGESFYPLPISGYLSGKPQKYKTHTATYEKGSKFIIHTDGLNVPDIRSHLKKGQSVEEISNSLKMYTTSRKDDLTYILGQLS,1.0,test,0
1472,SATSLTFQLAYLVKKIDFDYTPNWGRGTPSSYIDNLTFPKVLTDKKYSYRVVVNGSDLGVESNFAVTPSGGQTINFLQYNKGYGVADTKTIQVFVVIPDTGNSEEYIIAEWKKT,1.0,test,1
273,MSKPQPIAAANWKCNGSQQSLSELIDLFNSTSINHDVQCVVASTFVHLAMTKERLSHPKFVIAAQNAIAKSGAFTGEVSLPILKDFGVNWIVLGHSERRAYYGETNEIVADKVAAAVASGFMVIACIGETLQERESGRTAVVVLTQIAAIAKKLKKADWAKVVIAYEPVWAIGTGKVATPQQAQEAHALIRSWVSSKIGADVAGELRILYGGSVNGKNARTLYQQRDVNGFLVGGASLKPEFVDIIKATQ,1.0,test,0
0,GQNTRWNNLDAPPSRGTSKWENRGARDERIEQELFSGQLSGINFDKYEEIPVEATGDDVPQPISLFSDLSLHEWIEENIKTAGYDRPTPVQKYSIPALQGGRDLMSCAQTGSGKTAAFLVPLVNAILQDGPDAVHRSVTSSGGRKKQYPSALVLSPTRELSLQIFNESRKFAYRTPITSALLYGGRENYKDQIHKLRLGCHILIATPGRLIDVMDQGLIGMEGCRYLVLDEADRMLDMGFEPQIRQIVECNRMPSKEERITAMFSATFPKEIQLLAQDFLKENYVFLAVGRVGSTSENIMQKIVWVEEDEKRSYLMDLLDATGDSSLTLVFVETKRGASDLAYYLNRQNYEVVTIHGDLKQFEREKHLDLFRTGTAPILVATAVAARGLDIPNVKHVINYDLPSDVDEYVHRIGRTGRVGNVGLATSFFNDKNRNIARELMDLIVEANQELPDWLEGMSGDMRSGGGYRGRGGRGNGQRFGGRDHRYQGGSGNGGGGNGGGGGFGGGGQRSGGGGGFQSGGGGGRQQQQQQRAQPQQDWWS,0.0,test,0
55,MEDSMDMDMSPLRPQNYLFGCELKADKDYHFKVDNDENEHQLSLRTVSLGAGAKDELHIVEAEAMNYEGSPIKVTLATLKMSVQPTVSLGGFEITPPVVLRLKCGSGPVHISGQHLVAVEEDAESEDEEEEDVKLLSISGKRSAPGGGSKVPQKKVKLAADEDDDDDDEEDDDEDDDDDDFDDEEAEEKAPVKKSIRDTPAKNAQKSNQNGKDSKPSSTPRSKGQESFKKQEKTPKTPKGPSSVEDIKAKMQASIEKGGSLPKVEAKFINYVKNCFRMTDQEAIQDLWQWRKSL,0.0,test,0
449,MIEFIDLKNQQARIKDKIDAGIQRVLRHGQYILGPEVTELEDRLADFVGAKYCISCANGTDALQIVQMALGVGPGDEVITPGFTYVATAETVALLGAKPVYVDIDPRTYNLDPQLLEAAITPRTKAIIPVSLYGQCADFDAINAIASKYGIPVIEDAAQSFGASYKGKRSCNLSTVACTSFFPSKPLGCYGDGGAIFTNDDELATAIRQIARHGQDRRYHHIRVGVNSRLDTLQAAILLPKLEIFEEEIALRQKVAAEYDLSLKQVGIGTPFIEVNNISVYAQYTVRMDNRESVQASLKAAGVPTAVHYPIPLNKQPAVADEKAKLPVGDKAATQVMSLPMHPYLDTASIKIICAALTN,1.0,test,1
19,MGKKTKRTADSSSSEDEEEYVVEKVLDRRVVKGQVEYLLKWKGFSEEHNTWEPEKNLDCPELISEFMKKYKKMKEGENNKPREKSESNKRKSNFSNSADDIKSKKKREQSNDIARGFERGLEPEKIIGATDSCGDLMFLMKWKDTDEADLVLAKEANVKCPQIVIAFYEERLTWHAYPEDAENKEKETAKS,0.0,test,1
17,MSEYIRVTEDENDEPIEIPSEDDGTVLLSTVTAQFPGACGLRYRNPVSQCMRGVRLVEGILHAPDAGWGNLVYVVQKTSDLIVLGLPWKTTEQDLKEYFSTFGEVLMVQVKKDLKTGHSKGFGFVRFTEYETQVKVMSQRHMIDGRWCDCKLPNSKQSQDEPLRSRKVFVGRCTEDMTEDELREFFSQYGDVMDVFIPKPFRAFAFVTFADDQIAQSLCGEDLIIKGISVHISNAEPKHNSNRQLERSGRFGGNPGGFGNQGGFGNSRGGGAGLGNNQGSNMGGGMNFGAFSINPAMMAAAQAALQSSWGMMGMLASQQNQSGPSGNNQNQGNMQREPNQAFGSGNNSYSGSNSGAAIGWGSASNAGSGSGFNGGFGSSMDSKSSGWGM,0.0,test,0
1509,MKRIAFVFSTAPHGTAAGREGLDALLATSALTDDLAVFFIADGVFQLLPGQKPDAVLARDYIATFKLLGLYDIEQCWVCAASLRERGLDPQTPFVVEATPLEADALRRELANYDVILRF,1.0,test,1
38,VSKGEELFTGVVPILVELDGDVNGHKFSVSGEGEGDATYGKLTLKFICTTGKLPVPWPTLVTTLTYGVQCFSRYPDHMKQHDFFKSAMPEGYVQERTIFFKDDGNYKTRAEVKFEGDTLVNRIELKGIDFKEDGNILGHKLEYNYNSHNVYIMADKQKNGIKVNFKIRHNIEDGSVQLADHYQQNTPIGDGPVLLPDNHYLSTQSALSKDPNEKRDHMVLLEFVTAAGITLGMDELYK,0.0,test,0
875,MQLKPMEINPEMLNKVLSRLGVAGQWRFVDVLGLEEESLGSVPAPACALLLLFPLTAQHENFRKKQIEELKGQEVSPKVYFMKQTIGNSCGTIGLIHAVANNQDKLGFEDGSVLKQFLSETEKMSPEDRAKCFEKNEAIQAAHDAVAQEGQCRVDDKVNFHFILFNNVDGHLYELDGRMPFPVNHGASSEDTLLKDAAKVCREFTEREQGEVRFSAVALCKAA,1.0,test,1
65,MRIPVAGGDKAASSKPEETSNLAHKTYSLSSSFSSSSSTRKRGPSEETGGAVFDHPAKIAKSTKSSSLNFSFPSLPTMGQMPGHSSDTSGLSFSQPSCKTRVPHSKLDKGPTGANGHNTTQT,0.0,test,1
276,AVYTLPELPYDYSALEPYISGEIMELHHDKHHKAYVDGANTALDKLAEARDKADFGAINKLEKDLAFNLAGHVNHSVFWKNMAPKGSAPERPTDELGAAIDEFFGSFDNMKAQFTAAATGIQGSGWASLVWDPLGKRINTLQFYDHQNNLPAGSIPLLQLDMWEHAFYLQYKNVKGDYVKSWWNVVNWDDVALRFSEARVA,1.0,test,1
14,REPRRIVIHRGSTGLGFNIVGGEDGEGIFISFILAGGPADLSGELRKGDQILSVNGVDLRNASHEQAAIALKNAGQTVTIIAQYKPEEYSRFEAKIHDLREQLMNSSLGSGTASLRSNPKRGFYIRALFDYDKTKDCGFLSQALSFRFGDVLHVIDASDEEWWQARRVHSDSETDDIGFIPSKRRVERREWSRLKAKDWGSSSGSQGREDSVLSYETVTQMEVHYARPIIILGPTKDRANDDLLSEFPDKFGSCVPHTTRPKREYEIDGRDYHFVSSREKMEKDIQAHKFIEAGQYNSHLYGTSVQSVREVAEQGKHCILDVSANAVRRLQAAHLHPIAIFIRPRSLENVLEINKRITEEQARKAFDRATKLEQEFTECFSAIVEGDSFEEIYHKVKRVIEDLSGPYIWVPARERL,0.0,test,1
1430,MKLNIRAQTAQNQHNNSPIVLVHGLFGSLDNLGVLARDLVNDHNIIQVDMRNHGLSPRDPVMNYPAMAQDLVDTLDAQQIDKATFIGHSMGGKAVMALTALASDRIDKLVAIDIAPVDYHVRRHDEIFAAINAVSESDAQTRQQAAAIMRQHLNEEGVIQFLLKSFVDGEWRFNVPVLWDQYPHIVGWEKIPAWDHPALFIPGGNSPYVSEQYRDDLLAQFPQARAHVIAGAGHWVHAEKPDAVLRAIRRYLND,1.0,test,1
60,MEEPQSDPSVEPPLSQETFSDLWKLLPENNVLSPLPSQAMDDLMLSPDDIEQWFTEDPGPDEAPRMPEAAPPVAPAPAAPTPAAPAPAPSWPLSSSVPSQKTYQGSYGFRLGFLHSGTAKSVTCTYSPALNKMFCQLAKTCPVQLWVDSTPPPGTRVRAMAIYKQSQHMTEVVRRCPHHERCSDSDGLAPPQHLIRVEGNLRVEYLDDRNTFRHSVVVPYEPPEVGSDCTTIHYNYMCNSSCMGGMNRRPILTIITLEDSSGNLLGRNSFEVRVCACPGRDRRTEEENLRKKGEPHHELPPGSTKRALPNNTSSSPQPKKKPLDGEYFTLQIRGRERFEMFRELNEALELKDAQAGKEPGGSRAHSSHLKSKKGQSTSRHKKLMFKTEGPDSD,0.0,test,1
53,MSLVNSHSSASVENAAYNLHRAFSSSTENVGHMTPSNSSPLHHSTVVAMGAESQGGGASNNNNNPANPGSTANNNSNNVNMNSIGGGASLGAGSGATGSISGTKGMNNSHSPLHIATMLNTLSMNSNPPSQQQSNVQGPYLVRLQNVPKDTTLRECHALFALAHGVLSIELSSFQQYAERSQTSGQESTNYIVAKFDSLHLACQYATILDEKAQIFGPSFPFKTYVEVVDELTQQQIPFQTQMQMHQGSPPAPTHVTAYQQPLLSASGVVSPPQSASSVKRPSLLVQRSRFSFTDPFSSEQTNMGSQQPDLITTPLKGHQDTGKSFLLMESDEINDSIWGNGTGIPSSISGLTTSQPPTPHLEWGTTGRRQSSTFYPSQSNTEIPPMHLTGQVQSSQLATGLQQPLPQPQRQSLSYNLVTPLSSDMNLPPQSSQGGILPHQAPAQTQPQSQALQHHQHLHHQQQQLQQQQHHLQQQQHQQQQQSLSQQPQQQQSQQSQAHSQQHQQQHQQQQQQQQPQQQQPQQHPPQQPQQQNSQQAIVGQSQQQVTSGQQKGSSRNSISKTLQVNGPKNAAAALQNTNGISQVDLSLLAKVPPPANPADQNPPPLGVRGPNSRRGGATNNTSNAGTTNYSYAAAFGKS,0.0,test,0
34,FSGPGENRSMSGPDNRGRGRGGFDRGGMSRGGRGGGRGGMGSAGERGGFNKPGGPMDEGPDLDLGPPVDPDEDSDNSAIYVQGLNDSVTLDDLADFFKQCGVVKMNKRTGQPMIHIYLDKETGKPKGDATVSYEDPPTAKAAVEWFDGKDFQGSKLKVSLARKKPPMNSMRGGLPPREGRGMPPPLRGGPGGPGGPGGPMGRMGGRGGDRGGFPPRGPRGSRGNPSGGGNVQHRAGDWQCPNPGCGNQNFAWRTECNQCKAPKPEGFLPPPFPPPGGDRGRGGPGGMRGGRGGLMDRGGPGGMFRGGRGGDRGGFRGGRGMDRGGFGGGRRGGPGGPPGPLMEQMGGRRGGRGGPGKMDKGEHRQERRDRPY,0.0,test,0
726,MAAAAVVEFQRAQSLLSTDREASIDILHSIVKRDIQENDEEAVQVKEQSILELGSLLAKTGQAAELGGLLKYVRPFLNSISKAKAARLVRSLLDLFLDMEAATGQEVELCLECIEWAKSEKRTFLRQALEARLVSLYFDTKRYQEALHLGSQLLRELKKMDDKALLVEVQLLESKTYHALSNLPKARAALTSARTTANAIYCPPKLQATLDMQSGIIHAAEEKDWKTAYSYFYEAFEGYDSIDSPKAITSLKYMLLCKIMLNTPEDVQALVSGKLALRYAGRQTEALKCVAQASKNRSLADFEKALTDYRAELRDDPIISTHLAKLYDNLLEQNLIRVIEPFSRVQIEHISSLIKLSKADVERKLSQMILDKKFHGILDQGEGVLIIFDEPPVDKTYEAALETIQNMSKVVDSLYNKAKKLT,1.0,test,1
64,MRIPVAGGDKAASSKPEEIKMRIKVHAAADKHNSVEDSVTKSREHKEKHKTHPSNHHHHHNHHSHKHSHSQLPVGTGNKRPGDPKHSSQTSNLAHKTYSLSSSFSSSSSTRKRGPSEETGGAVFDHPAKIAKSTKSSSLNFSFPSLPTMGQMPGHSSDTSGLSFSQPSCKTRVPHSKLDKGPTGANGHNTTQT,0.0,test,0
1634,EVKLSGDARMGVMYNGDDWNFSSRSRVLFTMSGTTDSGLEFGASFKAHESVGAETGEDGTVFLSGAFGKIEMGDALGASEALFGDLYEVGYTDLDDRGGNDIPYLTGDERLTAEDNPVLLYTYSAGAFSVAASMSDGKVGETSEDDAQEMAVAAAYTFGNYTVGLGYEKIDSPDTALMADMEQLELAAIAKFGATNVKAYYADGELDRDFARAVFDLTPVAAAATAVDHKAYGLSVDSTFGATTVGGYVQVLDIDTIDDVTYYGLGASYDLGGGASIVGGIADNDLPNSDMVADLGVKFKF,1.0,test,1
859,MTATLRPYLSAVRATLQAALCLENFSSQVVERHNKPEVEVRSSKELLLQPVTISRNEKEKVLIEGSINSVRVSIAVKQADEIEKILCHKFMRFMMMRAENFFILRRKPVEGYDISFLITNFHTEQMYKHKLVDFVIHFMEEIDKEISEMKLSVNARARIVAEEFLKNF,1.0,test,1
291,MRAVRLVEIGKPLSLQEIGVPKPKGPQVLIKVEAAGVCHSDVHMRQGRFGNLRIVEDLGVKLPVTLGHEIAGKIEEVGDEVVGYSKGDLVAVNPWQGEGNCYYCRIGEEHLCDSPRWLGINFDGAYAEYVIVPHYKYMYKLRRLNAVEAAPLTCSGITTYRAVRKASLDPTKTLLVVGAGGGLGTMAVQIAKAVSGATIIGVDVREEAVEAAKRAGADYVINASMQDPLAEIRRITESKGVDAVIDLNNSEKTLSVYPKALAKQGKYVMVGLFGADLHYHAPLITLSEIQFVGSLVGNQSDFLGIMRLAEAGKVKPMITKTMKLEEANEAIDNLENFKAIGRQVLIP,1.0,test,1
48,GTGRRIHSYRGHLWLF,0.0,test,0
80,MAEPRQEFEVMEDHAGTYGLGDRKDQGGYTMHQDQEGDTDAGLKESPLQTPTEDGSEEPGSETSDAKSTPTAEDVTAPLVDEGAPGKQAAAQPHTEIPEGTTAEEAGIGDTPSLEDE,0.0,test,1
44,SSATNRVSPTRSVLPANWRQELESLRNGNGSSSAASSAPAPARSSSASWRDAAPASSAPARSSSASKKAVTPSRSALPSNWKQELESLRSSSPAPASSAPAPARSSSASWRDAAPASSAPARSSSSKKAVTPSRSALPSNWKQELESLRSSSPAPASSAPAPARSSSASWRDAAPASSAPARSSSASKKAVTPSRSALPSNWKQELESLRSNSPAPASSAPAPARSSSASWRDAPASSSSSSADKAGTNPWTGKSKPEIKRTALPADWRKGL,0.0,test,0
61,MLETKSIAALAFTETPRKRKRETLYKNAAPPPNPQQQPPEKDAQDAAVASTESCFTNAAFSSTPKKLMVARRRLAKENSQPNPFPGLEVKSIADLAQKQQHQQHHQQQQQQQQKLPTNPFEVLRQPPKKKKREHACFENPGLNLELPEKQFNPYEVVRSATTPAKGFVNPALNLRGSDAPASLNPFEIHRPSEASEAACNPSGVANPALADRDSEEQLPTSLKIGLPF,0.0,test,0
694,MPKRTDIKSILILGAGPIVIGQACEFDYSGAQACKALREEGYRVILVNSNPATIMTDPEMADATYIEPIHWEVVRKIIEKERPDAVLPTMGGQTALNCALELERQGVLEEFGVTMIGATADAIDKAEDRRRFDVAMKKIGLETARSGIAHTMEEALAVAADVGFPCIIRPSFTMGGSGGGIAYNREEFEEICARGLDLSPTKELLIDESLIGWKEYEMEVVRDKNDNCIIVCSIENFDAMGIHTGDSITVAPAQTLTDKEYQIMRNASMAVLREIGVETGGSNVQFAVNPKNGRLIVIEMNPRVSRSSALASKATGFPIAKVAAKLAVGYTLDELMNDITGGRTPASFEPSIDYVVTKIPRFNFEKFAGANDRLTTQMKSVGEVMAIGRTQQESLQKALRGLEVGATGFDPKVSLDDPEALTKIRRELKDAGADRIWYIADAFRAGLSVDGVFNLTNIDRWFLVQIEELVRLEEKVAEVGITGLNADFLRQLKRKGFADARLAKLAGVREAEIRKLRDQYDLHPVYKRVDTCAAEFATDTAYMYSTYEEECEANPSTDREKIMVLGGGPNRIGQGIEFDYCCVHASLALREDGYETIMVNCNPETVSTDYDTSDRLYFEPVTLEDVLEIVRIEKPKGVIVQYGGQTPLKLARALEAAGVPVIGTSPDAIDRAEDRERFQHAVERLKLKQPANATVTAIEMAVEKAKEIGYPLVVRPSYVLGGRAMEIVYDEADLRRYFQTAVSVSNDAPVLLDHFLDDAVEVDVDAICDGEMVLIGGIMEHIEQAGVHSGDSACSLPAYTLSQEIQDVMRQQVQKLAFELQVRGLMNVQFAVKNNEVYLIEVNPRAARTVPFVSKATGVPLAKVAARVMAGKSLAEQGVTKEVIPPYYSVKEVVLPFNKFPGVDPLLGPEMRSTGEVMGVGRTFAEAFAKAQLGSNSTMKKHGRALLSVREGDKERVVDLAAKLLKQGFELDATHGTAIVLGEAGINPRLVNKVHEGRPHIQDRIKNGEYTYIINTTSGRRAIEDSRVIRRSALQYKVHYDTTLNGGFATAMALNADATEKVISVQEMHAQIK,1.0,test,1
22,MAENGESSGPPRPSRGPAAAQGSAAAPAEPKIIKVTVKTPKEKEEFAVPENSSVQQFKEAISKRFKSQTDQLVLIFAGKILKDQDTLIQHGIHDGLTVHLVIKSQNRPQGQSTQPSNAAGTNTTSASTPRSNSTPISTNSNPFGLGSLGGLAGLSSLGLSSTNFSELQSQMQQQLMASPEMMIQIMENPFVQSMLSNPDLMRQLIMANPQMQQLIQRNPEISHLLNNPDIMRQTLEIARNPAMMQEMMRNQDLALSNLESIPGGYNALRRMYTDIQEPMLNAAQEQFGGNPFASVGSSSSSGEGTQPSRTENRDPLPNPWAPPPATQSSATTSTTTSTGSGSGNSSSNATGNTVAAANYVASIFSTPGMQSLLQQITENPQLIQNMLSAPYMRSMMQSLSQNPDLAAQMMLNSPLFTANPQLQEQMRPQLPAFLQQMQNPDTLSAMSNPRAMQALMQIQQGLQTLATEAPGLIPSFTPGVGVGVLGTAIGPVGPVTPIGPIGPIVPFTPIGPIGPIGPTGPAAPPGSTGSGGPTGPTVSSAAPSETTSPTSESGPNQQFIQQMVQALAGANAPQLP,0.0,test,0
243,MKGDTKVINYLNKLLGNELVAINQYFLHARMFKNWGLKRLNDVEYHESIDEMKHADRYIERILFLEGLPNLQDLGKLNIGEDVEEMLRSDLALELDGAKNLREAIGYADSVHDYVSRDMMIEILRDEEGHIDWLETELDLIQKMGLQNYLQAQIREEG,1.0,test,1
442,MRVLVTGGSGYIGSHTCVQLLQNGHDVIILDNLCNSKRSVLPVIERLGGKHPTFVEGDIRNEALMTEILHDHAIDTVIHFAGLKAVGESVQKPLEYYDNNVNGTLRLISAMRAANVKNFIFSSSATVYGDQPKIPYVESFPTGTPQSPYGKSKLMVEQILTDLQKAQPDWSIALLRYFNPVGAHPSGDMGEDPQGIPNNLMPYIAQVAVGRRDSLAIFGNDYPTEDGTGVRDYIHVMDLADGHVVAMEKLANKPGVHIYNLGAGVGNSVLDVVNAFSKACGKPVNYHFAPRREGDLPAYWADASKADRELNWRVTRTLDEMAQDTWHWQSRHPQGYPD,1.0,test,1
1740,MKVAKDLVVSLAYQVRTEDGVLVDESPVSAPLDYLHGHGSLISGLETALEGHEVGDKFDVAVGANDAYGQYDENLVQRVPKDVFMGVDELQVGMRFLAETDQGPVPVEITAVEDDHVVVDGNHMLAGQNLKFNVEVVAIREATEEELAHGHVHGAHDHHHDHDHDGCCGGHGHDHGHEHGGEGCCGGKGNGGCGCH,1.0,test,0
1054,MFCFQCQETAKNTGCTVKGMCGKPEETANLQDLLIFVLRGIAIYGEKLKELGQPDRSNDDFVLQGLFATITNANWDDARFEAMISEGLARRDKLRNAFLAVYKAKNGKDFSEPLPEAATWTGDSTAFAEKAKSVGILATENEDVRSLRELLIIGLKGVAAYAEHAAVLGFRKTEIDEFMLEALASTTKDLSVDEMVALVMKAGGMAVTTMALLDEANTTTYGNPEITQVNIGVGKNPGILISGHDLKDMAELLKQTEGTGVDVYTHGEMLPANYYPAFKKYPHFVGNYGGSWWQQNPEFESFNGPILLTTNCLVPLKKENTYLDRLYTTGVVGYEGAKHIADRPAGGAKDFSALIAQAKKCPPPVEIETGSIVGGFAHHQVLALADKVVEAVKSGAIKRFVVMAGCDGRQKSRSYYTEVAENLPKDTVILTAGCAKYRYNKLNLGDIGGIPRVLDAGQCNDSYSLAVIALKLKEVFGLDDINDLPVSYDIAWYEQKAVAVLLALLFLGVKGIRLGPTLPAFLSPNVAKVLVENFNIKPIGTVQDDIAAMMAGK,1.0,test,0
67,NSVSTSPAMEQSQSSGTTSSTSSSSGGSSGTSNSGRARSDPTHQHRHSGGHFTAAVQAMDCETHSPQVRQQFPAPLGWSGTEAPTQVTVETHPVQETTFHVAPQNRTRPRVYNSPTNSSSTQDSMEVGHSHHSMTSLSSSTTSSSTSSSSTGNQGNQAYQNRPVA,0.0,test,0
411,MEKQWWKESVVYQIYPRSFMDSNGDGIGDLRGIISKLDYLKELGIDVIWLSPVYESPNDDNGYDISDYCKIMNEFGTMEDWDELLHEMHERNMKLMMDLVVNHTSDEHNWFIESRKSKDNKYRDYYIWRPGKEGKEPNNWGAAFSGSAWQYDEMTDEYYLHLFSKKQPDLNWDNEKVRQDVYEMMKFWLEKGIDGFRMDVINFISKEEGLPTVETEEEGYVSGHKHFMNGPNIHKYLHEMNEEVLSHYDIMTVGEMPGVTTEEAKLYTGEERKELQMVFQFEHMDLDSGEGGKWDVKPCSLLTLKENLTKWQKALEHTGWNSLYWNNHDQPRVVSRFGNDGMYRIESAKMLATVLHMMKGTPYIYQGEEIGMTNVRFESIDEYRDIETLNMYKEKVMERGEDIEKVMQSIYIKGRDNARTPMQWDDQNHAGFTTGEPWITVNPNYKEINVKQAIQNKDSIFYYYKKLIELRKNNEIVVYGSYDLILENNPSIFAYVRTYGVEKLLVIANFTAEECIFELPEDISYSEVELLIHNYDVENGPIENITLRPYEAMVFKLK,1.0,test,1
310,MLLEEVCVGDRLSGAAARGDVQEVRRLLHRELVHPDALNRFGKTALQVMMFGSPAVALELLKQGASPNVQDASGTSPVHDAARTGFLDTLKVLVEHGADVNALDSTGSLPIHLAIREGHSSVVSFLAPESDLHHRDASGLTPLELARQRGAQNLMDILQGHMMIPM,1.0,test,1
2,MSKSESPKEPEQLRKLFIGGLSFETTDESLRSHFEQWGTLTDCVVMRDPNTKRSRGFGFVTYATVEEVDAAMNARPHKVDGRVVEPKRAVSREDSQRPGAHLTVKKIFVGGIKEDTEEHHLRDYFEQYGKIEVIEIMTDRGSGKKRGFAFVTFDDHDSVDKIVIQKYHTVNGHNCEVRKALSKQEMASASSSQRGRSGSGNFGGGRGGGFGGNDNFGRGGNFSGRGGFGGSRGGGGYGGSGDGYNGFGNDGSNFGGGGSYNDFGNYNNQSSNFGPMKGGNFGGRSSGPYGGGGQYFAKPRNQGGYGGSSSSSSYGSGRRF,0.0,test,0
6,MASNDYTQQATQSYGAYPTQPGQGYSQQSSQPYGQQSYSGYSQSTDTSGYGQSSYSSYGQSQNTGYGTQSTPQGYGSTGGYGSSQSSQSSYGQQSSYPGYGQQPAPSSTSGSYGSSSQSSSYGQPQSGSYSQQPSYGGQQQSYGQQQSYNPPQGYGQQNQYNSSSGGGGGGGGGGNYGQDQSSMSSGGGSGGGYGNQDQSGGGGSGGYGQQDRG,0.0,test,0
81,QTAPVPMPDLKNVKSKIGSTENLKHQPGGGKVQIINKKLDLSNVQSKCGSKDNIKHVPGGGSVQIVYKPVDLSKVTSKCGSLGNIHHKPGGGQVEVKSEKLDFKDRVQSKIGSLDNITHVPGGGNK,0.0,test,0
722,MYHGALAQHLDIAQLVWYAQWLVIWTVVLLYLRREDRREGYPLVEPLGLVKLAPEDGQVYELPYPKTFVLPHGGTVTVPRRRPETRELKLAQTDGFEGAPLQPTGNPLVDAVGPASYAERAEVVDATVDGKAKIVPLRVATDFSIAEGDVDPRGLPVVAADGVEAGTVTDLWVDRSEHYFRYLELSVAGSARTALIPLGFCDVKKDKIVVTSILSEQFANVPRLQSRDQITLREEDKVSAYYAGGLLYATPERAESLL,1.0,test,1
893,MSSGKKPVKVKTPAGKEAELVPEKVWALAPKGRKGVKIGLFKDPETGKYFRHKLPDDYPI,1.0,test,1
78,FPGFGVGVGGIPGVAGVPGVGGVPGVGGVPGVGISP,0.0,test,0
37,MGSSHHHHHHSSGLVPRGSHMRIILLGAPGAGKGTQAQFIMEKYGIPQISTGDMLRAAVKSGSELGKQAKDIMDAGKLVTDELVIALVKERIAQEDCRNGFLLDGFPRTIPQADAMKEAGINVDYVLEFDVPDELIVDRIVGRRVHAPSGRVYHVKFNPPKVEGKDDVTGEELTTRKDDQEETVRKRLVEYHQMTAPLIGYYSKEAEAGNTKYAKVDGTKPVAEVRADLEKILG,0.0,test,1
968,MACPLEKALDVMVSTFHKYSGKEGDKFKLNKSELKELLTRELPSFLGKRTDEAAFQKLMSNLDSNRDNEVDFQEYCVFLSCIAMMCNEFFEGFPDKQPRKK,1.0,test,1
46,SRVLLVIDEPHTDWAKYFKGKKIHGEIDIKVEQAEFSDLNLVAHANGGFSVDMEVLRNGVKVVRSLKPDFVLIRQHAFSMARNGDYRSLVIGLQYAGIPSVNSLHSVYNFCDKPWVFAQMVRLHKKLGTEEFPLIDQTFYPNHKEMLSSTTYPVVVKMGHAHSGMGKVKVDNQHDFQDIASVVALTKTYATAEPFIDAKYDVRVQKIGQNYKAYMRTSVSGNWKTNTGSAMLEQIAMSDRYKLWVDTCSEIFGGLDICAVEALHGKDGRDHIIEVVGSSMPLIGDHQDEDKQLIVELVVNKMAQALPR,0.0,test,1
1383,MKLMEVSPLFPCIFLRRVNRFVGLVRIKERIERALITNTGRLNEFMIPGRIGYCTPKAGGKTRYILLGFEDHGKIAIIDTRLQGKAFEKIIEKELLPELEGCRIIKREPRVGESRLDYLLECSKGEIFVETKSAVLREGEYAMYPDCPSVRGQRHIKELIKLARDGKRAMIVFIGALPNVSKFKPYKKGDPKIAELLKEALEAGVEIRALGLHMELSGEIIYRGELGVEI,1.0,test,1
842,MADEKPKEGVKTENNDHINLKVAGQDGSVVQFKIKRHTPLSKLMKAYCERQGLSMRQIRFRFDGQPINETDTPAQLEMEDEDTIDVFQQQTGGVY,1.0,test,1
26,MEANKRQIVEVDGIKSYFFPHLAHYLASNDELLVNNIAQANKLAAFVLGATDKRPSNEEIAEMILPNDSSAYVLAAGMDVCLILGDDFRPKFDSGAEKLSQLGQAHDLAPIIDDEKKISMLARKTKLKKSNDAKILQVLLKVLGAEEAEEKFVELSELSSALDLDFDVYVLAKLLGFASEELQEEIEIIRDNVTDAFEACKPLLKKLMIEGPKID,0.0,test,1
