,first_20,min_plus,partition,prediction
49,DAEFRHDSGYEVHHQKL,0.0,train,999
6,MASNDYTQQATQSYGAYPTQ,0.0,train,999
17,MSEYIRVTEDENDEPIEIPS,0.0,train,999
185,MSEYIRVTEDENDEPIEIPS,1.0,train,999
162,MGSSHHHHHHHHASENLYFQ,1.0,train,999
192,MSKSESPKEPEQLRKLFIGG,1.0,train,999
61,MLETKSIAALAFTETPRKRK,0.0,train,999
58,MEENDPKPGEAAAAVEGQRQ,0.0,train,999
12,GSMEDSMDMDMSPLRPQNYL,0.0,train,999
71,MSHVAVENALGLDQQFAGLD,0.0,train,999
98,KETIDAVPNAIPGRTDIELE,1.0,train,999
62,KPHQWQADEEAVRSATCSFS,0.0,train,999
148,MFEPMELTNDAVIKVIGVGG,1.0,train,999
32,MEREKEQFRKLFIGGLSFET,0.0,train,999
52,MSLVNSHSSASVENAAYNLH,0.0,train,999
113,MAGLTAAAPRPGVLLLLLSI,1.0,train,999
115,MASASSSQRGRSGSGNFGGG,1.0,train,999
206,QDRGGRGRGGSGGGGGGGGG,1.0,train,999
204,NPQLIQNMLSAPYMRSMMQS,1.0,train,999
2,MSKSESPKEPEQLRKLFIGG,0.0,train,999
36,MGSINNNFNTNNNSNTDLDR,0.0,train,999
93,GRFGGNPGGFGNQGGFGNSR,1.0,train,999
74,QDEWSGYTPRGKDDEIPCRR,0.0,train,999
46,SRVLLVIDEPHTDWAKYFKG,0.0,train,999
117,MASNDYTQQATQSYGAYPTQ,1.0,train,999
65,MRIPVAGGDKAASSKPEETS,0.0,train,999
67,NSVSTSPAMEQSQSSGTTSS,0.0,train,999
56,MVSKGEELFTGVVPILVELD,0.0,train,999
76,ASERTVAWVSNMPHLSADIE,0.0,train,999
143,MESNQSNNGGSGNAALNRGG,1.0,train,999
190,MSKSESPKEPEQLRKLFIGG,1.0,train,999
26,MEANKRQIVEVDGIKSYFFP,0.0,train,999
57,GASSRPPPNRTDKEKSYVTD,0.0,train,999
69,MEELVVEVRGSNGAFYKAFV,0.0,train,999
144,MEVAPEQPRWMAHPAVLNAQ,1.0,train,999
218,VQDKDTLSNAERAKNVNGLL,1.0,train,999
101,LQTAPVPMPDLKNVKSKIGS,1.0,train,999
89,EPADPFISLLMDPLEESVGK,1.0,train,999
209,QRQRDASPGRGSHGQTPSPG,1.0,train,999
173,MNNSGADEIGKLFVGGLDWS,1.0,train,999
88,EHHSGSQGPLLTTGDLGKEK,1.0,train,999
110,MAEPRQEFEVMEDHAGTYGL,1.0,train,999
100,KKRPKPGGWNTGGSRYPGQG,1.0,train,999
126,MASNDYTQQATQSYGAYPTQ,1.0,train,999
177,MRSLLILVLCFLPLAALGKV,1.0,train,999
214,RRRILEQKTQVDGQKKKTNQ,1.0,train,999
125,MASNDYTQQATQSYGAYPTQ,1.0,train,999
157,MGSSHHHHHHHHASENLYFQ,1.0,train,999
170,MMLSTEGREGFVVKVRGLPW,1.0,train,999
35,MSDSGSYGQSGGEQQSYSTY,0.0,train,999
55,MEDSMDMDMSPLRPQNYLFG,0.0,train,999
145,MEVKPPPGRPQPDSGRRRRR,1.0,train,999
7,MSKSESPKEPEQLRKLFIGG,0.0,train,999
15,NRQLERSGRFGGNPGGFGNQ,0.0,train,999
78,FPGFGVGVGGIPGVAGVPGV,0.0,train,999
42,MTPLSALTSNPAPSPPPKFA,0.0,train,999
3,DRRGGRGGYDRGGYRGRGGD,0.0,train,999
122,MASNDYTQQATQSYGAYPTQ,1.0,train,999
146,MEVPPRLSHVPPPLFPSAPA,1.0,train,999
194,MSKSESPKEPEQLRKLFIGG,1.0,train,999
155,MGRPEFNRGGGGGGFRGGRG,1.0,train,999
29,MSVADFYGSNVEVLLNNDSK,0.0,train,999
54,MSKSESPKEPEQLRKLFIGG,0.0,train,999
14,REPRRIVIHRGSTGLGFNIV,0.0,train,999
135,MEDDAPMNLCNEQFEEIEDS,1.0,train,999
41,NQDTSSSASPEVAPSFSTDG,0.0,train,999
20,TAIGPVGPVTPIGPIGPIVP,0.0,train,999
81,QTAPVPMPDLKNVKSKIGST,0.0,train,999
39,MEANKREIVDFGGLRSYFFP,0.0,train,999
53,MSLVNSHSSASVENAAYNLH,0.0,train,999
119,MASNDYTQQATQSYGAYPTQ,1.0,train,999
217,SPMSSLQISNEKNLEPGKQI,1.0,train,999
4,MASNDYTQQATQSYGAYPTQ,0.0,train,999
102,LQTAPVPMPDLKNVKSKIGS,1.0,train,999
197,MSSLAVRDPAMDRSLRSVFV,1.0,train,999
21,MAENGESSGPPRPSRGPAAA,0.0,test,0
160,MGSSHHHHHHHHASENLYFQ,1.0,test,1
92,GPLGSMEDSMDMDMSPLRPQ,1.0,test,0
123,MASNDYTQQATQSYGAYPTQ,1.0,test,1
95,GRGRGGSGGGGGGGGGGYNR,1.0,test,1
37,MGSSHHHHHHSSGLVPRGSH,0.0,test,1
63,MLETKSIAALAFTETPRKRK,0.0,test,0
139,MEELSSVGEQVFAAECILSK,1.0,test,0
30,MSVADFYGSNVEVLLNNDSK,0.0,test,0
51,MGDEDWEAEINPHMSSYVPI,0.0,test,0
176,MQFFGAGPFNTAHHSAVSDA,1.0,test,0
22,MAENGESSGPPRPSRGPAAA,0.0,test,0
90,ESNQSNNGGSGNAALNRGGR,1.0,test,1
9,NNNNNNYQQRRNYGNNNRGG,0.0,test,1
128,MASNQPNNGEQDEQLAKQTS,1.0,test,1
33,MASTDYSTYSQAAAQQGYSA,0.0,test,0
184,MSENNEEQHQQQQQQQPVAV,1.0,test,0
19,MGKKTKRTADSSSSEDEEEY,0.0,test,0
13,ASERTVAWVSNMPHLSADIE,0.0,test,0
40,MEANKREIVDFGGLRSYFFP,0.0,test,0
84,AGFQPQSQGMSLNDFQKQQK,1.0,test,1
38,VSKGEELFTGVVPILVELDG,0.0,test,0
174,MNYLRRRLSDSNFMANLPNG,1.0,test,0
163,MGSSHHHHHHHHASENLYFQ,1.0,test,1
118,MASNDYTQQATQSYGAYPTQ,1.0,test,1
24,MGSSHHHHHHHHASENLYFQ,0.0,test,1
64,MRIPVAGGDKAASSKPEEIK,0.0,test,0
72,DFHSTPTPSPLRPSSSEATT,0.0,test,0
23,NASCVGGVLWQRRLRRLAEG,0.0,test,1
108,MAEPRQEFEVMEDHAGTYGL,1.0,test,1
45,MMVWTPVNNKMFETFSYLPP,0.0,test,0
136,MEDEMPKTLYVGNLSRDVTE,1.0,test,0
127,MASNDYTQQATQSYGAYPTQ,1.0,test,1
153,MGRKKKKQLKPWCWYCNRDF,1.0,test,0
85,ASNDYTQQATQSYGAYPTQP,1.0,test,1
43,MSANRTVTVFSSSAEDQEPI,0.0,test,0
212,RETSDRVLYVGNLDKAITED,1.0,test,0
103,MAEKQTAKRNRREEILQSLA,1.0,test,1
28,SKDHVNRIIESLEKSSSSEP,0.0,test,0
73,MDCLCIVTTKKYRYQDEDTP,0.0,test,0
66,NSVSTSPAMEQSQSSGTTSS,0.0,test,0
166,MLELLPTAVEGVSQAQITGR,1.0,test,0
181,MSDSNQGNNQQNYQQYSQNG,1.0,test,1
77,GLENSGNARDGPLDFEESYK,0.0,test,0
31,MASLTVKAYLLGKEDAAREI,0.0,test,0
129,MASNSSSCPTPGGGHLNGYP,1.0,test,1
82,QTAPVPMPDLKNVKSKIGST,0.0,test,0
171,MMNFLRRRLSDSSFIANLPN,1.0,test,0
164,MKCVSFAIFLVVAIFGANSQ,1.0,test,1
25,MEANKRQIVEVDGIKSYFFP,0.0,test,0
