,shuffle_seq,min_pdb,partition,prediction
75,ELEFAEQAASRLWYGRQPLPPQVNFVLMRKRRQLESEAREGGKEQAAAVTTEAVVYFVDDETRTGAQLNLLAEMAQDLELAKDIAPTDASNSQLRVEGEVGEIQTANARFHQNSIESSSEKEQADPASRFREYWLKQVLLEEPYPGAERRAESVGTPKAASGLATASAPQTLQASPRGQSRHERRESQIEKESKSELAAAKQGGQFEEAAAMQLAVQTEEATQQLKTSRVLEPFSHIWWGVGRPTGNRAGGANALQSVGFALQLLMAEEFGRKTAKALALAQATPEELAARDGTQKIINSLPSLSAFKEQREVNREHKEHSGEQATGAFGEIETALLTLNARFRDRREIKLETVARLQDTQ,0.0,train,999
11,PGGVGYWAPFYSNPGQPYWQASQNMYGQPGQMSGMSTQQGPAGTQVQGPGVNQWWGARLYVEQNWNPNAPIGYYYNNQIQYPQGPQQMQNQIMQQQG,0.0,train,999
39,IISLAAVQMFTLIDEDTHKERLPERKGKLTCTLSQLDINQLSLTVRSSLNTQVVYKDKTKFSVPYLQVNAGTPVSSLDLGMPLEIKLYGPNDISKDIAANAVSNSSFSSARPSQVAVDFMLVQKPPAWLLPDQENDLGLVDHTSSVTNPLFDELLYLDPEDRGTLALGQETKAVMADVNKFLQAPVENSELKDVEDSNYAAQTTLGSYKKTQSRNTDDANISVQSTEVLWMVKYSINWAEEVDQLVLPNEPMSLKQIKEEMQPNPVFAVIILLVASEDNKSADDTVLAQKTEPFEEFTNFHKHKTFVASGQGPDDMDVISEGDHKVLVSLDQAPAQSFFALDDFPNNFVSKHKNNPKDQLEGAKSFCAEEKFIDSLDLIGEASYQSKIVLGFRSVKSVKLKKDFMFLKEYTQRGETARAIDFSGRGCLQFEKSESVQLESEVIRTDKGMPAAVSDAGQAKLLRSDLRTGDELGTIPAEECLLQKTGAGKTQKDVLSGSAEAKLEKALANCGFKQPIAELSGRSLFKEIFLEKNLPSGSSADIADSSSSNAISIEGALILVSDPPPPLSANLKAGVIFVADVTVLHGTWIAEAANGTVFIVVGEYLDKARNPAAVPLTDFSGAVDDVIEVDCASKGASSGRSWRKEEDDDTGKNGEQLLLVKIILQSVNEVDS,0.0,train,999
1780,NEGCTNKAIGHPLEQKNTWIKYGHGRKWELELQIQRRFAEEVLGYFRIGDKGESDVLEHPITRKVVHGWDTEDDTGIKMNIGVVEYVYEKLKAVHKVRVHLGKKSGEGKTDRREKKRFYRLGLGQHDNLLYGAGGPKLDNLDKGEVRYWITVRELYYSLIKNMWIKDGMIEEPERPGELIYWEDMVDVIEDEILVINSYILQLVMIYQKSNVGFED,1.0,train,999
1696,WRKEGPTGHALGKYGKMMLPGHTGSAFTVPIYRGDVAVETFLVSAKAARKSPEMSAYMKAVIIGQFFYKISANVESDSMYGQALLGPVRIKVM,1.0,train,999
527,LAVSNAGADRQAPLEGFDCWLDAQAMRTVIKDPRVIKLTSVAEYSSTPTGAYEKRHRAIVLHNEWGSLQRVKWDQHWKADKDRLCYNGDLEEDQTRTADKANRLVGAFKQSPKDHCNVSKRLKEKEHRYVKQFGLTPTGLACNCVECEYEIITDAGRVYYRYCQQCLCTDTFQEVSNGDLGDMEKGTYQCSLLMAKLAAGSCDFKNSKTCRETPKLVVVFHGSASVSVEDYSIDGTIVGLKKKQLVPSSETEIKALPGCNTYIWCQAVGAGAVVASDPPVLYKGSSPGGPINCGLAEKYVDTAGLGYGPDVSKSLKVRGKEWDGTKDMSSQPLSCSEEKVACYTLSDHKLKLLLRVHMATAEDNEDVLDGEIAGIDACSKRQRLLVWGFGFSFKVMGVQKGTFSGSAFSILTKSQADIKWPDQSDKVDELTSNLVAMAHETVKAIDQETGHESKEEEGTRTKLSEGPACVGPDNDSGIKEQKLEFDYGRMLTAENKDSESFELGKLRTLTTLPTTCVIIKGSIKDFPCSYQDCGEVYWERLCKICLKKVFFKVAPEPFCDNASGVKTGALDKESKYCARGTEKIGGNNYIHKKDCKLIFVIGDAQQKYVKPYISNKDFIGLLSSLFNQTIHWYALADFTEGVNCSIAFKQASMTYSLAEACAGVTCAELKHGNALYEPRFNGGVLD,1.0,train,999
22,VMRLPFMETSPSMPEMSGTAPSPVEAGEQASLILTYEFFSIPPQPGGHLASQEPSSTQGANSTESQMTPSPGLTQMLGDISGHEAVGQVQDEQGAGNSNASTAENPMQKTGLSVLQPVTSPGSRATLLSQSKFRASTRGLAALNMQAINGTQRQNLLQGASDSNRPPGGSMTQDNPPGNMSSSMPVISQRATGRILEPPEWQTPASLPSAKKQVSLAPGIMTYNGPVAQSGMIAILIAAMPTTFQPSDNSNNGTPVRRNMDPIFAAMTTGNLIPPMAQIRVKGNPMSMGQNGLMASTVGNMELGQPMPNAIQNNPQTLQPSNRDDAAPQFVGLTPTANQSESFQPTNTIYMVIMEPPFNKILTQQNIAVKRINMQGAKQQQPQLAGTLNASLMILEQADGSILARSLIQPPPGLTAQQSNQGQKLTTSIASQRSTQPPMVITGIGSLFSSDHQQPSELMELVFANFETLPPTQTNHEASPGAQSSIKSIMGSTPEADRASEKSQSLNAGGTLLGPIPIFNGPQTPPSEFLRPLIFSASLYPANGPTLMQASPPVQSSGQQASIVQPLGAGTLEALN,0.0,train,999
68,CDRDARPVCRPEGDSQRDPFRREPKRESEPEDTVRDDNQDNGQKLGRLAAPLSLRPELNYKYVVVNKSSGVPFTHFHPIYALPNARINNVTHVREDHGSEGTQSDIKLEMKPGGDRNLRMSQIRAYTKKERMVEWKQLELPLEDKDNRDAATLERDRIDSVSQDGLLMRTGDIDSVTQKRKPEGRVSRADQSADGLHLVGRTEEVRYNESQSKVSVGRNLKGMDINTGTEGKRLVGPMQIQSQFKCSAETALRQLIIVPGTHPGESAGIEEKFLSQKGFLVVDSLAPGAISVRRSPALAFKTEGMPNSYDGLTPKSVTRWGPVKVRFFFEGRWKYLHGVVARQEHCTARAAHGMHFNLERKFAERTDEFDDFVVDENDGEGGDDIAGDNSVGKVLHFYQVVAVTIDLQNEVPGISPIESVSSNYKGGGYELFTQGAVNNKRAENDEERLAQSNVLSNMANTISNDYERGPDKVSANRLEEINKITEREIYTAARLQSVQVPLSHNTQSFRTIEEKEQGNFSRPEEEWQVPIKVEWGYAGENFIRKDSNKEKTSNHKATSASVRVTKHERDGGRIEKSPDVNIKRCTEMPANRNERHDPYLVLSCDGQKNVKAQVIVHKIKINFGLGPRKQPS,0.0,train,999
28,TSDDYARCERPKIEWSGDIGGQSGTGGAPSGDIPVEKHRYTSAETSITTAVQLEGSDSRQVGRMPGFSQWFNSLGRPSTIEFGTQLLADSENKGGSTYSGVVGPTEQSRTAHYSFPARTVRGRSAVPPELAGERSGRFSSSAKAASSGGRTGGSDVSTETTESVAPDPKETGGDAKGLGSGGDGRNVGPVGNSKSDNNNSAFKSPAEIVGYGQPEGKIPTEQGAQVVRKTAGKFTGGLVGADTTYANGPRNGGVSITGGS,0.0,train,999
23,ELSDYEQVYELPEQLFELHANRRDQKAGDVYWFDYETWGDNCRLHPVVVVEGTGDTLGLGTRQMGTVRGPQPSETWVVRSQEPSGPLTEDEEDGLDEQERDQSPTSSHLSGEPYEEDGRLDAAPRYFTSSIMRWEEPWSRTRPFDGSAPALYRYGIDSAPETLYE,0.0,train,999
864,LPECVYQNISKLDKSLFCKRRWMTAGGPIQKLPVRALGFDIMTDGNLVIAIKGAWDAASTSEHGIVHGLGGFEKTFGVQGKLATVRVKGRKDLDLYADAGYVAIDGRPEAEEPGNGKEFALDEVGGPRTYDGKDCLQHGCEYMYYLAVTPVAKSTEIQNHVSDLSLYLIEASWFDFSTLLLGKDEQEATDAREKAKANLKNRSTGRIRGMKEEAALTRLDTRLRQVVDKKLISDIYTMLGVKAQIKTGAKMADVTIVTESGFVLVGA,1.0,train,999
12,IELKEYPEVGMADKDSEVPPRETVCVEESSGMNTCKGAESFFRKQIGDLLDVVDELNISGDEDDKERKDYASLTGHVSADDQPAKEISQYDAEEMESDVLDEDVDESMLLSPLDLEDTAMKLRTPHLSQLPDDSANKPEFVGKGDQEGDDSDVLIGHAEGEDAEHPDLKDDAGNKEELDGSVFKMVHAGV,0.0,train,999
1775,EVELVGTTDLDCAVEVTERAADGLLAAGQEQPVNPTPALGMKTFVELIPGTLYAVYTRANLVHWGAV,1.0,train,999
9,NMQNRPSMTVPNMGNMNQSNNIPPNQGQGRLMMNNMYLSQNQNNSIGMNMNPRNYNGNQYGSPSPRQMRNNNGANGPMNGNQFQP,0.0,train,999
51,NSNGLGDRRFRCRFCSSFRSGMRSGEDDDSGNSEHRGKLREEKSENPMGYGSGDEGFPGFKMDNSSSSKSGAPEIEEEADPGVSVPSNSDGSGDGFNDGGIEDFLRWGDRGSNFGNREETNEMGFSRIRCKNMQEGSWDSSGTLAVGFSDTKSSGVHTWTREDQTNGFETDGPKASTSRNYGGRGFYADPGNGNRNKGSDRNM,0.0,train,999
959,QEIDWFLYRANMHKNNVVKNLAAVKPVPLNVGIYEICMCEAKLEKGQEVGPIAVRETEKLAVKFCYGKECTENEACVHADLLWDDGKQAIYQMKHVGVPEHIGAGCEKAVESEIIVQYVHKGDLPM,1.0,train,999
894,IGSCFGTETSRQNVILLLVFVFASNDAFDQRKSLEKVLDDENNSPQMFMADIKTLSFPIGATFLYALHDLLSAWPSNSPAAMGMDDDSSDTKLWLVTCPDGCASTRMSANLFLDLEAPRGDDAADGAWEGRRGRECRQREGWFPNGADTLRFGRAALVAGDLFDGLPLVHEVVISYLCGITGSPLGPTNLDYMRGARLVSPVYIENSWREVASMVKALLVVYATYYLCAKPFIQATFMMVSAGSRVQSFVRGWRNRMTLIVIGDRAHKESRTYRLEASVSAEGSQMIYLIPPTSKPRLLEAEEDMVKQEPGFRLCLAPADPASSGVRWGLTEVADADQQKLALLVPAA,1.0,train,999
1205,LLLTLILPFYLYAAFVGVLSFASLAVLQALVWLYFPLFNPSEEAAPNYYFNRRPTMIFLAGRVAGSMRYFGLSVVV,1.0,train,999
411,SNILIMNTKGNKYQIQFHIQEYDQNLKAKPGEQTEKRWMPGTDKLMIENGVWIRVEMVESGKMTKRVTGDKRTLILEHMISYDPVMPYGLVEYSEGSHDMMEGEECEWFWDPPAVTDMDFFVYYSGHMITKVMYIEYNYNILAEMGEIACKDSYKIAIIREVVKSEPKNEDDIPLYERTDKTWLVAADIQDRRYERRTVDSSYSIILEDSWAMSEEHEQIYENTAEMYSELQFHVILWWNIEMDTKMEDEIGEFKRRHEITKPEFDIEKVFHFKVRNIKEKEQWMLVDIKDASNNKMNSGPMKSWNPARGENEMDGEEVQEYDVGFKKELEEYLDGKPVDTPEDFRNMNGEYKNANLWPESGMIHYYPSYIMVYKNDSIIMFFTSNLVDPQDYGYINNGYDGKISFLTVSYNKTMVSNVPEFLQACPWLDRNGHDDERKQTWHLQEKDGLNEVLGLVYKLLNYEFLHYNESYNVITGIEYIEGANELGQWKSTGWDKLGVKNHTRNNLGNEWLHLGLKSVNEYGVRDLLHFYIMLLEPMYDVGKGEKGSFTLFLRDHE,1.0,train,999
71,FSDWPRRLPQYCSYYHGDDSGPVAGLLRQGSDADSNSSDDLKGTKRSFSGRRGPQDRPGRSGDSGLAFAFSIVSYTSYFDRGDGASDKKSENTQNIKNRWHGGSENEDNKGSIERSFFLVDGDSDKMWLGFESDSDEKSDGDGNSSFLSRSEPEGGGFRSRKSRKAIG,0.0,train,999
10,GGNSYGGSRRFGGGFGRGGFGNGSRDGGYGFGDNNGGGGG,0.0,train,999
1615,NVKMFLGTMEAKPMTPLGVIVNTELSCTTNILEQMDENDAVRMAFSVRTGSEMITEMPATSGPPADTKEVSVSVEEGTTGHKSKGAVPAMDATRAMVNSGGQAIGVAGALVPPPAEKSAEAASNHAGVSALKIKILNSPGANDPAVDIFTGPGITIYPGFPAGGTTHELMLSMEEEKGDSALDMDFPARTAGIAIGARIAIYAYGEESIRKEAPVIGVNVAAYVVFEQILDIEAGGMGLTTYTFNNGQTVKGGVGARAAQDTGVVGLIERFGMRIVIPPVEIEEEQKAKMKYCIEGKHTNADYAEDHIGSPWVAGTKTLVLASNWQGMDG,1.0,train,999
18,GGFGDSRPGRGRGDGGNHRRRDQRGPGGRDGRNRGRKTNG,0.0,train,999
52,QCYLESLYNSSAAPQHSVKTSLQVHGSSAPSDMLPGLTNLFSKPNPPLAHNDEFPPGTLVTTRQSFSTQPAVSSEGPISAPQSNTFSQNGQRTASSATQGSPVSQGGQGNAPPSTHGPNKLESLANASVMGPSLGLTSWELLVHGPGQVVQETVTMSHAPPANTNENGPRRFQHYGASQHRNNLAAPNGLPTEGTQQPKFTILDQLVTNSRPNSQSNLNNLAVYSMATYLKPDNVIFPGRMKSKSDRNGTGYYTSNRSSLSSSGNIPRNLHPQGAAHLLGTRGTTPTLAAGNIAKSAQNVDQIMQITLNHTASQISIWSSNQMLYVLRQKGRSQSLTSLHQSNVSPNSNTSVYATQREGALFPKHQLAPNNSQTNVEKNRQFKTGLLTFANPSGGMNLLSSGDARRPIRDTFVQAPAVPHGNSDEFSSAPNPSLPLMSNGQNAGISGHKSGGQSYITFSPGNACKTFTHPQMSNAVFSHPEAMGSLLGGEQHCKPNNDLLENSQFQINYLTVLLSGQSGQLEIQEDAVQSFVMGPSASSPIGIHNCGDLQHNSAHTLNTHSTEINSRDQQTDLQTRGTLQGPSRPFAAQQPQQQAFVYSAQMVSSLIGESFYSNMPAGLEAKATNVSLQVHGSPTE,0.0,train,999
435,FSGKMRMVIIPFRSLLPGQMGYTSISRKAEFYSLNLIDIDCESKIIMVKLLLIFGIVYSVVKKIFSHPLQCPVAVSLIPFGECTAIHTFKITLVNSGNTQKVEYDRGQSTESKEIYVVNDGGGFGLSQDETVRKEEHYAFFKKDRPCQDVVGGFDSHSGPTQNIADPLKVV,1.0,train,999
32,QMQGKTFSQEYEVIRSGGIWFEARHFATDQSQPKFGRGHFHHSTKERKVSKVDGSSIHFAGFRKLIKARKMLLKEAVSLSEHEGLSRRGLIRDRVVHMEYFTNETEGAVSTETKRCAYRVDTRVIDAQDDVGPGKYTEDVYRNDEREMSPFFLKVRGVIQVADALTEEGEEPPDNKGDEKIMKAIEVFS,0.0,train,999
8,YYRNGSFNPRRLSRHNPNGSQQNNNVKGISNNNNNSHSKSNQDSNGISINSNRNNNRNYNNQNQSENNPRMSNNHGNYYVNSSIRGQGNNSNFSNQN,0.0,train,999
53,GNTPKSQINDSSPYAQAMMDLQHEFLVNTGSPDQFSGASDNIQGSQIESQNTSVDQPLGQESSTQQGSVQLQGNVVPPSNTAQRASPKQYLYDKQQPPQHLSQTMQNVPLNTNSQFGVDEEPGTILSSSVSQSRPGEMQHNQVTGAGGTGGLANQKPNESHVGTGHTFTNQQQSLLQSQYLRLLHQRKSASFLNSANPYTEPITYLQLNQQPPPKLHNQPNQQAGQFDNVEAQVGQQIVQNPTGSAPGSQVQPNPSTVSSSGQDNQLVQSSQQLTSLASTQHSPPNQNMGVPAQSNSAGPVSATTSQPQIQTAFTTTIQGNLNRSRIQKSLTQESQSTPGSKELSQHIRAPTEKSNQGAQRTQPASQGQQHGSQQSFNFQPQHSQPQSQSYTIHQSCGNHQITVEGPTQQPTTLPKPGSIDSRQQNSAPDRQNHSSYSDTARSHIGSQLQASHAFSVHSQGRVSPQFLQMGQCNLEKASQGMNLLGNPHLKQNQLAVLHQTLPHSGANHLSPGVAMANPAFSTASIVLNSELQQMLGSSNAQQYSRALATGQLHMAHQLAGLVQLAHSGPSAAASIMRQFLPWNPANLTSHLKIVLAIYVPQTQSMQQWPTFQQPQGHPSNHGNQSHPQAQSMYQPLPST,0.0,train,999
35,SQYNSRESGYGSDSQGSQGYGQGMDQDYSQHQQQNRNSNSNGYSQQSSYSYGSQEGAMGESQGGNDSGSSGPSYGPGESYSSSSVTYNQASDYQQDDGQEQHQQDQKSGYSQRQSQQYPQYHQGQYYDNYYGTNYSDRYGSYYRYSDSQTYGGSYNQGDPRYGDHQQGETQSHSQGQGSD,0.0,train,999
652,YQALKADTLVFENLLEAVLTLDDDARGQCTFAAGAAEAPVQKIVIKLKMRKTSVVHTVTGIAVFNRVTPETGDVDAAHGMELILGFGFMEITGDVAGQRIDVRVEPGLCEHAVAAGGRAGHIREQMDESEDLHVDITPASNDLAGAISAADTVAKAVGAGVYVCKMVANGCPQAEGIINDEVYIEIGGRNHGVLGSAWMQTGANVQIKADDVNVKSERNVVTSHMAETGMVGTFIHIESMYRGFDGDKFPKLALKKILELFARYAPKVA,1.0,train,999
660,LNQGGQNFGRATSTTINLAQAVSNACSTDCAKSVDLIYEDSGSSRSNGIITTKLGQWKTAKCSSQPSELTNTRYGINLNVKLQEENVEFTEYSCIFDHIDL,1.0,train,999
19,EISNSKSSELGDKEKELSELEKVVFACKKEYNHEEWGRKENVRTCQCRGVTIGKRKGTKYVLQSKYKEIFRREKMPSPDWEGPYSGAKLAAAQEFTDLEDNASVIKIRPKETRMSFGLVNNINMDFDEKEDLMDEEAVLDKVHRWAKESSELWKADELNYKKSTAPAESEKSDMIKNKKPFENETKDKEDK,0.0,train,999
70,FNQNLRLVSSDSQQSINANKEENNSLTGTDKEYRETKHKWDVKAVVVLYGSSDTGFVSRTAPLLQDSIEIFNVIRKIQDIVMMASSNPQPFHAVLHILVLESVEDRMLAIPTENMRDFVSIIIWPTGVARTTGIFSINACMMMFGANISPSILSISLCKSKIGLSAECFVEMAIRELMTSVKDAVAETAMAKVTSSNFVEYVSRFLGVFSACEFAISGEGQIDEPKDNAQDFLYAGLMRASNPEQPMILRYPFESREPEGAVALEYVAQVTEVHLAQQFASVAYQALLVLYRGMLTVKGLWAEYPAKKMHMSGNSMSSSVKKVKLGYASLHESECNILCERLFAIQNSGGQKMFAKEDIVLVEEKIHELDFTSPAEEPLAGRFEFA,0.0,train,999
45,EVYVLCRAKDESDSAAKIDLPNTQRFMQNVGAPSFYNDMDMTLLTRPFKVADPPVVEMSSDTEYFVAWTQIESALKKMDFQNPWRARAAEPKNQVQCPARYGMRIKFQFGQYFYAIRPCLNVGIWACWTLMLVVFINVVY,0.0,train,999
513,VVAKEMINRPSIATDDPYRPMDQAYTSDDALNATFASNEEPHIVGNGKDWPAGFRSNPHNYKEDANAIKNTLIAADLKCIGMEGVQTNDDHPEGYKTGYVHVDLPDQEEDAITEIAVSMSIYVLKSTKFNVDVQFKWLGIITNQPNKSRIVVGYIELMAAIILISGQFLMAKGTSGWIDLKGTGAKLYAEISKTMNADSKRSPSGTLDYEVTAILLHCPEGIQLTKIGTYISATVGFHPVAQDTHAKHGHFAQGAGGMKAKQLYLFAETGDAGGTMRRGLRKAAVIGRVELEGGEINEKMVKAAKEGDQFSKIMIFIKLPLISVVLHKTEGMSKSASTFIVQANTEGHAEEGTDTGTDFPFHEDAIIVDTDEVAKKNCNMALDVGRLTVGIRAIQEYKHSAKMNTAISSHLRVGGIIDINYDGVIARSTSNEKTNTVKIVSPAPMDFRHIATNPGGAPGPTQLAEQFKAGKKIDQDDFESALKARIGKDHTMHAAYIFIGTTYHHETGGRWIEYVDVFSAEGNGLDNPNGSGTILTGEMPFPVGMNNTTKKEGEALLGRVDGDNFDTTI,1.0,train,999
1427,RGWNRPVCEACATSVADALPSGGDHDGCFEGYEDGAVWAAVEAGQYCEQKANLHYWEPHPAHFEEVDQSDR,1.0,train,999
1047,AITNLQYILNLLMIQERLLRHLDLIAIEIMFVLMATRLALNGIVSMSSGPLARLRAEGVMQFNILAGALVAILIGDSQLQGIRLVHGLALGYAGSSAWFV,1.0,train,999
447,AKLELGVLEIIEEARAVRQKKKTPIKEEKAIEEELGDTQTSTVLYEAEFLEGEDIDVEFVDFLMIMKISDDLEKGDAVAV,1.0,train,999
1450,LGSIMYEARDVYSECSKVTEDSTEMTYAGVPGDEGRLQARKGFNQEEIVRRFVRRSRVKSEIEINFIALVKAVVSEKIENFLGDRWLKSKRVDDARFNLMIIPAQKFDSPRNTITIASLGEVLRILKLAIEGEMWKGTARAGSVVAAELVILEEGAIQLNRHVDDLGKRAAQIVILAMRERLHVFVIKLAAESIGVLLTGDEVEGEELEFRNLNGAAVRLIGVGGAYFKAKGFAAR,1.0,train,999
1509,FWTLDPLRYGIYVATLPLTAKLIPVEGDETTADLGADETDALAGEPSAIDGAACIDLKRLFFLKASVLVFAPRLFQLADIASQADLLLRRVGRFMAHCRTYAAPFVAQVNFLDEGRQEV,1.0,train,999
1455,KVQRFWEQVIQIAESRLVRAEAQKVPSAEPSSVAITDTQEMSQQTILTEEKVWKLLELKLLVLARGFREAVELYKHHHLMPTKGFMCAQVFSDLVLLFLPTAPFDYGMQKAYGDFLAGLAPFDAGETLLSADITLRALGADKERVELDTSRLTGDEKCDATPSLVDQGAKDSEAFVTSEREDPEHKEPADLVEVLWIEDTAVSGTPDQSNALRQEFFQIDLLDGRKLGLSAVLQALKTGDDDKRVSLEFAQTLLVRSLTSAKLRAELLEELKACVQDRIALLLLIGGKRSFKPSDGRGDLFRKLAP,1.0,train,999
673,VHEHNAYSQVGRTPKICEGWVGTQFPDKEIEEIDVRSMDRVFTDAPFSGDCVCSMAKVIRFMAGVNYYSLDIRFQEADTSDIDNYGRIPVSFVCYIGDERPKWRVAEIRPHKFCGCCAQKFIAVFKVHPWSMDSEDVCASCILVGKYVQKPRVWGPPSNWNWGWIFPQMPVSDDELLFLTGGYIFYATARAYPNNYTTVEVEYDLSNREGTGFYDKSFVFIPTNKLKFPCSVPPDVFAGKVRINSKAGNPEERATKQFEIFEVTLSHVNWLFDYMMTHKWAWCYCDYKGCVDSYQNIYSDHQKIIATSDGDPDIDAPGGKIGLKNSSPNLWGFTL,1.0,train,999
1067,TKNATHVEAEELSGVKYAAGADTISYLVTRFTGLSGEFNTVQHGQMPDIRLEILPALSNEPKEPRECSVDQAQVPTRSRLVYIQEDRLLGERSKKFLRMHFAYLSELQVKPLEVGQGQTVNSSDLPVSQAVGGISSSEYADSNRGVADADDMRASEFLRKLHQKLRPIIGIARGIQEAVLVNPEGKRATIVDFNKAM,1.0,train,999
238,GHIVKSYKKKKRLVFREIRIKNTGTAPRVALDILITGHVPVRRTVCSVRSQRTKKMDDRPIQVPVGLHVQRAQQCYAPTGAGTLLTVILRPTNKNRSRKGGGGGRVYRYRNPPQKLSGVTPIE,1.0,train,999
914,GILRAKIRYSPPYVVKGYNKRLAFKDLFEVIYYFIAIHVYTAFTNQKFDFTGFTSSKSPRPISYKGAGIGKGNPYWVLYMFDSAGSIANKTDDVGMTDAPFVISIEDFKRATEIGTVNGVVEDEIFSAKYFYLDEDRSESAYYFKDILPANERFNSPDQKVLDLAYCGVNAHFEPSDKDSDLSPYHKNYKASSVESAKGKGIRKLFCCTFIDIGEGNGANRFIDNPF,1.0,train,999
1636,EGTMVFHLTKQNRALADTRTYDVGEATLQIEVVKGKIPHDNTPPALPFLGWEKNQNSVTETQSQYFQATFLLILIDCESQIDRESLRSPHLDTIELIPIAATLQGACEENANVLTMELCVKDKWELAEKQFTTVSDLLRQFCLRVDTHGKSTLFYDWVLTLFWIGHHRPEEFAYPPQAELS,1.0,train,999
1090,QEVKLALPCSTISICTALAKKPVTTVSDELEPQSELLLIITELSYDKKNSFIDLDHDEEETFLLLMIMNIIDEDKYLETKQFSGSKDHVILSKFGLSEYTARDKGSITYLSQSSVYTLIKDQRKMAEKSSNAIENQLKHVLSMNKLLNALLPPAGESSLSLSFFSDRVFKVKKLIKFIVSDFSIILLVLAKHVGGNSSFNFHMDTCIVNFSEDGSGESQREIDFEETPDPDKLALEISKQKQTSVIAKTKKKPLFKAEFLAECYDRILTYISDIHGFTTMISKLPIKELPKNNILNDKKLSLFEMDHHFKAEEFISSGFLPNIVTIFHDKELLAPKITEGKEIEQTSAELSSEIFGLFQDNKKALFAIQKAANS,1.0,train,999
1254,GGEDMNDSEGDDVFHHVKVVSVKVCVTKALMQQQDGSDVKAEVDAKEAEVKSVALIDYAGLTAQCSVIE,1.0,train,999
480,RGREMNLRGFRDPGHTYWVAARANKGECKFDIRIWLWMAGFGPAVFGNISFNVADNKTSPVTMMTAPDDRRPHEDSVRKMYEEYVIKRAEEVDWVIPEDLPDKNSMERVFAYAMCQVCLADALMPSGDKKMGKDQLREREVKSETADERSSRAARALFTFDAVKLDLWDAVYQDGATVEPAVILDAQEAEKDCIDHNPFFESYGKYGGGILFVAFGEILEDKLVSGISSCLFKGLIPVLDASRSGLGILGLKHFYDGWETLGKLRTLAFLMVCLHCTAVMEIKARDDPMA,1.0,train,999
27,ENAASTSGIGPFASVYQGRLVLSEPEETEAPELVDEQLGELMAQPLAAPKSLFGRSADLVSSGSRFESAIGASGDAHSLSKGKYTEDHDDEIRTNRSEGVTGIAEGRLSEREEDSVQRKPSKKGLARTQSGKFSAFKRKVSGRQRGDQSILAPATPPGSSQVVLYDSTLGNSNFSSFSFSTEFSLGMVTFEGHENVSESVFRRRGDTAEGPLNGREEENEQFPLTRLPATTPVQAFQIRSAVDAVFGPAEPYEGRKLLELSSLESLQKQFTRFDNNAQDIDFAKKQKATPFTGTHQMVLAPSWSTNTITDNLVEGVAVVNWSENIGQSVLSVDYDSVGQSYSGLVAKVIVVVFGRCGISFIQDGEFGGTDNEGNGSGTLAIRGTLSSDLGTKCPEIRISYPWAGTVKASGGQADLRINYTGGGTLLIGLEGPPSIKSKSPVVTQGKGSASWGIFVKPRRFAQKDGQSAWPSLLSSKVAK,0.0,train,999
77,DQIDFDSSKNALFENIAFNKGQSDYADLLKKGIQIGSNLLELDKILPGLNEDSEKLTLSLNITNEYYSEKQFGSSYRILQSKSATLLFPSLDVKDKETLEDMGITLERQIFTDQDRFWILTYISGNVHLSFEVNIIISYLQGSDKNFIIQVMEGINFVKSSPFEKNTSVEPISQTVLDYGRLAFEGLPAKIDADQTLGIQSNSTRSKGYYMGTALSNLIFFLGKLRTSLNRDIKSSNVDYHEHKNGKSMESEWKRVESFTHLIILIPRWLNNPKLEELEFEDSFTLISTENLRASGLEKAGRIETLEVYGNSDLKMDSLGQSYQQNIQGINQGYSGSTNIDLALKFQFDFLVNRELKGLFSILNSHAVEPNLPPGIIGSGIALAMNLLNNNMIINNKGGIADHIGKIGYIMAEEGLTNQ,0.0,train,999
986,FGFVFAKLEQDTLGIVDLVLWIVAPPVNSTFTSVSCMFVLRVSSMMQTPWIWSHEVAMQFAAYYLETINWYYGVAGFVHGMQGNSVSVTVMIYTMLHKRPRGIIPTYLYGRWWGEDIGLFMLAVLICTLQSLVVYLVSFLVGEWYPDLLSIFTKSLYLAAHRIAPFAQRYYKSTLIVGKTPHGFATQAGVSSGIVLLGIDTRVIKFIERPAIMVG,1.0,train,999
58,ASRDYEDELLAHKARAGGIRRSPGPDAPTNGSDEGFEHKRPSPGACADIPVFGFGTAASASTSASGENNGPGSKERAGFGGTPGGDAAAPQLALSTGLAWPGNSQTGQGRHGPEEWLTQKLRLGTGLGPSGKRKQIKINRKLKDPGLNRILKENLLGTDQREHSKQGPMPYLGPGARSTLSMSLQNGGINGNRQSLPPRRCRKQKPGKLEEGNTDQPPPSVQGYAGGHGSRSASGGSGQREGGPKSFGACTVLGEDLAGSASVQCGGTGGVDMFKAENAKSQAKGESEQGNGRKLLKKENAQASGASGGSARYADGWPHREEGDADLRPGAMA,0.0,train,999
21,GGGTTTAMASPASRMSSSTGQQGMPGMAINFNSEDKSIASGEVSLGTYPADGAGMEASAPPMVILSTLSMGSQRPQQLVGSIPIPMNSQPNKQGDFAIEMIGEPLTQIGANRPVLSKRPSAPQMSENSSTSSPLNLQMNAGEIPSTTFQPNSTMPLDLSMGTIFLSGSHSNGGVGPAPNNKASSNPMQVQASFFTSEVPASMPANILQSMLQEPPEMHTLAQAVSQAAPRPKATSTQENYSSLLQPFEQPSNDLLSTLTGTRTLGKQQIAPRVTTVPNLPEPAITNAPIIIQANTSGPFPNAAPALQSPDTENVISPLGTQTNQATFGSGSARAMSSGAGSVTQPQTPQVQPRSNVENNPTQIMMQANLISEIGAGSEGNPGQMARQVIPQHMSPNQGQLNGARMYELTVGVSKTDPPPFNQGQLLRTEALEAGPIPDLGSQAPASDLQRGGQGQGLKKLHISVFLKIIFTAGTGIFRTSLQQTLTAGKSIGFLSPVQIQDPTTERASETNIEPWPI,0.0,train,999
38,LKLRGGHNNAESPQLPKVIVDLLGDKMNLENGFGCKVTDDSIDGPDGTRDHTLTGILYSKTVTHTLNKIKLTKERFYLIFVKHSIQTLGNVDQHVGGKLVVYTYYIENQEKYMIQTVGSTWGKALNEGPKRLAKAGATEGDFYVINLYSGDFNDPYHGLTTIHLAKKFDEHDFGESHQMNVSQNFKPKVRVMPIEFLVGFVGPAEEFEDAEGPFKEKNDLILVCTDSPYEYDMSQRVD,0.0,train,999
25,DVDAASINENEDLPVLLAELNIAVCQQVEEVLLKVALSDGIWRLSSFDDRVGFKKLVIDTGNNIQKITKDMVVIKYVKLTWSNALGDIQRRSLIELDALSADLNTDLFTNSYKTAGGALAPDFEEEPTQENKQFETAVKVSSSDIDSILIDERLAFILILTAGPLRLSSPSGPATQEMEEPAEGSQNIVVLKRGKGMEINHYPKFDGIPSLDKKVKLQEPLVIVKAEMFEAEPQQVIKDVKPSLLPLAAGLRPSNKNGKTTLFVLSHLLLNMEYAVAVPLFFSEGQAQVRSFEVGMYTHSLFAEIDRCARDSTFEFDWSTEFQASKVVTEKSHASDEPQSGKAAGECAHPNQSKLTPLESDFVKDKAVLLVDLKAAIEQALIQEELIQFYIEDKWSSIAWRQNVDPVPPITKLFSQLAFIVSSTTSKDNDEARAGPESKTANFVGNDKQSQPTKALNTLVEVPAESDTRTSPELIASILNEKKQLEEAAAESPKDTIYSSLGTGFQHSKFVLAIELKSLTAILLSHSVFEKKSQCRGEFAPEAFENVDGFRANRSPFKSLVPPGSAENASGSTAVLERKVAGSKLIVLSSLAESPDTSFVQMIQEEFTMSLASLSEVALA,0.0,train,999
43,NRSTHLLVGVEEFGEREEEQETSAAIFKTLRFEQTDFSLNDKENAAKQVLLLNETRISDTAREVTASSINTERNKELTKEMERHNNEQMNKDAKYRIQNPKSEDQTKRQKKQLELDSAGKTRNNEQDSESEHESSHKETMIFLQQTDASTFRLAKTLGQHELANSLLEEEELIHLQDEALVDCCNQDTIDELCEMTKLVITKTEFNEQDTLKMLEQKLSEEDAEVSEEENVKMKFDHEELTKKEETNNKAENDDQIMAKKIAPLKVEEQMVELDGEIKLKDSMQTRTLCATEEHTTEIGRMKQRWESMEKNAHLKMVREIQDGNLLQSVVIEDRQEGWEEEQKEDLELILLYQGLKHYKARVSATEENSEACLEDDEIIEELFETALARSDLYLASESRLIESLKKIIIEVATQLKCHHRSFKRAYKTQAKLDVETAVEEISSDDDRLSGLSYKSELVLFLVLLLDNEQYRANAKIRVTEQIELLKVDTLIERAEHLQQSNLELHQIQKEVEHDLKREDAEENEAQAELMEANDESLKSKLDLLMALIKEAMKDERLIEEHESELRAAAVEEIAASKYKLDVCVLSAELKKCMSTESRQQSNEFLCNHIEAEIMNRELKLQDLCILIQDLTERVNNEQLLVEMEQRAWSMDDDQSMQILDNHIDAAIAETEAKVTKGVLHENRKKSQKGK,0.0,train,999
420,YWGDRFINLAQISEMAELLAFTQPATTLPNGIQLHLTKFVAATKLAWKADTSPWVDAFRIIKKSFGYGGKLIVTLNFSQRQNLRSKAEDGAYGFATPSDSTFYVSFVMPKGTTKEDVALAVNLSYLPVEVGPLGWLLGCGKGFQVWDHFKYMHHYMRFKGEPTWEEIGCIIPKYQDVLGVGQRCATESRSSFERAATDEHVNEPCKAEVLVSLQMGQLIQTDHDELSQEPV,1.0,train,999
1633,APVVEQVLNNQAGDPAVIGEEEQILDPNMKKQTVIISVDPRNTMVANAMVYPMEDNPTVKLMYSLPMGMRTVSPKLIKVVEKGPNPEGSGLMNLGLLATVITQETLYTANNIIVMKLAKVSLMAALIETSTPVM,1.0,train,999
731,TKKYVFILKSDKYSKVGYEDKCEEHKPWRGALDMLADGVMGLKTEEQCSVFKKVFDEKKLILSVNKNEVPGIAKIYAVAVITAEMGCLKCQKPVTAKALSELKLSVSAATEINGPRKFTSRLDKKGMDLISELLKYEEGKPAADISSSDAEVDRFVIKVKEPYDDT,1.0,train,999
619,SLFACNCKGNCPAYVSGNPKTCHEACESFKGLSNKVCLMTREVTDGLYVTPDASYN,1.0,train,999
60,ARSRKMHVFNYPSYSQVGSAPNVLPKMDRPPETQERLPDRAPPGWRELKPDVGQPFFDVFVRTPTSPGFMYAPLPESQGSAGSGFEVLNTNGSCDHRTDDKTSCQIQPEGSVDAPGELECLTQNSLCCLWYPLRRPYQTEASQGRCMGEVEMPYATAHETNTDRHTQSHPDRLNFPSTTVDDDKLHIRLGSYPERTCPREPIGSDFPMERWPALSGERPEIEVPPLASNHRCKSPEKISDLVHSQLGEPLDAQEAAKQNNFSRPRVLSALSLDVVKMVPSDLSMSVMSASTCEPKLLKHARRPFAEKYTGGEELDNTNEKAEQTQPGELCAAGLTPKKAHTMPPGPNSIELTRWSRLSVFNLDPLHLMSKPHYPSSKMKAIIGKESAPRSPKG,0.0,train,999
49,HDFHDVGLSHAYRKQEE,0.0,train,999
14,HSKEYSIRNVAHSEEQRRTAKFRRQGFKHTIGVSPDIRIMKGDSAGAEEQLNFRIAEDAVKGIVWEPVPLSYEGVYFATSDMELYWNKESTIAIRDDDKLVKSQEAIAVEIIRGLGREESEAPLDRFINSTQQGSPELEDKHESHYYTQIRDIEDRLRRGFVDQEFCEIQTAARYRHIAEETFIVLAAFRTLGTDCVSLFVHCRVSEEQHPIGRELRYQPKDLNLGLHNMGFDLDFDFSISEEHVSRFQKYRGGVNSWHAIGLRGASKVSQLLDRKKYEELTHDLEGKASSGDRKIPRQNVAASSDSYVSHRGRARAPSKENANTPGESLCRYFLPIFDRITISNLRADDRALQSIGGTRPTVRHDEEKGLAISEDVKFIFGALFWASVALIEQKPGVGLKDIPGSWIRSISGKVV,0.0,train,999
641,TLIWRVYIQGSTSGLVRGRNNATSQIDHPEGENKTYQNFGSVDTEADKAQDTKFAIALPFSLATWKPRINLSGGGYSLEAAHETNVKFVRKIDAYRGTLGVDSVYLTSLGWDWSAVQNWINYRRNPLIIHGWGVGDGTGYNLVLTQSNSIRFLTIGTLPSSEAAMAIHLPWWYEKEAERWDYWKGLDWGCVTGPFGTYCNGTQGYSRGLSSPAEKYAYFAGEVTSAVTIRAMKPIALENQIPGAFAALSGLNAPNVACIRTNQIHIIFQWQAQKGPTPTKYVIYQYTSSTHENDTGAMELAKDYRDGRVKA,1.0,train,999
20,GAPGAQPIQAAPNSGAFTSQLFTNVGPQAGPGNMQGDNTGEPNQGIAEGEVIILMFAAGQNPGQPVLEQPPPSAAGQLSEPPGVITRLPSSIVTPSPTAAGLLPTPTTSAITRTFPNGGIIGGQQALPSISPVRLPEI,0.0,train,999
31,TGMGDPSRCDSEPRGFESSPQVYLGSKAEIASMRSIIEPSGGPVRTECSELMSKLDADRLPESVLMDSASPPNPQKLCIEFHVSDPRDSPRLGPGPELESCPAGIDKESPDLDCLAILEAPNSPIDNSRKEKGPGMSPGHKVHAKSYEEDGMSEGQNKQATSEAYFEQSDGDPKLLLESHYVDLSRQKRTSTSRLGQASGGLPAPPAHGDMDLPETSKEESCSSAPYAGRASEFWTFILVFSPWEAALVARPELECCSKCNFELPTVLDGDQSMLNSPVGHDSWPAVEAEGAHTRTFGHLKFGTENGFPSLPADPCLKLATFPSVACGDPTVQSRVALLSGCTLRRGHEEGGWMAPIAQIRGEPEQHCGRAVGKHYHHVLDELAPVWISKARFKPRYPKEPVSLSSSERPAQGERYNVNGKELWDGRRSGACEMGDPYEG,0.0,train,999
55,DSDARFFQKSVKFLVKEQLHSKLADEEPVSLNMSKNDTCETQDGDEEPQVVEGLEAPLSSGGEDEAPAYKEATVGMPDELRPKLKMASKVVPDIQADNKKEIWKQDPNIEIDSGEDSDKALPVSDATCQPGSFSPSSFVKSQEASDGSEQQGAIMRKDRVALKTDLTMEPEQEAGLNGSYYDDDCSPDRHVDAIKIVIATVGEELDSSMPKKGEEKKNDRTNVDLEHVDGHKAEEGPFSDSPIKRFDSGKMGNKEKSDQYLVLKAPKEMLHLLKDKKWDIKDERTETAGQVKND,0.0,train,999
7,SNDVLNWVYQLKTEESRHRGMRINTEIETGILYEAGRLQTDSLDKDKKDERFVDRSHDFVPAFGFKYFCQHGREDPETVQETHAEVGPFEDPREIRGGVFSTNRVLTHTKGKKEVKKIHYMASESKHLADIESVTCFGPEPMRKGHVASVGVKRVRFESQDQKAGKTTIDVDVSIALKEVFMRGS,0.0,train,999
33,YSMQTYTGTQTGAQQAPATATYQQSTSLQTGPYSQSPAQYVAYRVYAYETAAQMDTTTPQYPYPGQSGYPGPTPRSTSQAQSQGTAQPTSNAYGTYGSQTSTQPSQSMTAVQQAQQSYSQYTVGQTTYQQTSPTQPGQGGYGGQGQGGSGQPAADSYTSSGTNHQPEPSSTQSYPTTPYSYYGTGVQQSQYYYTSSQTYYQQQQPAFGGGSYPDPPSQDAYGPPQPSGYSYSQTKDPQPTANAPSQSASYSGSSAPDAAPYTNQYSAASYPSSGTYVTTYYSAQ,0.0,train,999
1680,PTRMAIIDNNQEGKVKKVVEDKFERDKGELEAPEQIRMTDAVEIARAGFEFNTGIPGIILMFGSEKVTYLSGGYMDPRISESTVSFFFWGIAESRLNAMEGTKKLEQLYSTS,1.0,train,999
388,PHTQSSFTTGFGNAHYVGNFYGAHTATVIWRYAQHGFLITTFISVHEHPLLNPYLGTHGSRDLVHFLAPVAAWNYAVAIAAFDNQKWDNDAGQIINARWAHGVAMHWLLSLSPMKFHFSGSDHTHVTLLIGIYRNASGAAWFDWAWKFKWPMSPSGLIVIAAAVVWTMLGYLWLEIGIFFNTKPLYLFPMISEFPAIGAKQGFVNGAAFYTQRLVFDMAPGHWQIRKFDLWLVRYLQPNSRFNHYGASKALTALLNHLFVAISKFLNHFTLGQMLIHSYSLKEFLGGWHPVALGWAAHGFLAQNSGTVIPLKKDDTLENKLHACQYHTSQVALAMQEVTSLGELYLDAGGGGALIQANDTLHESYILGNNLTIGGFSGLWQAHLSADDNAPDIAKKFPHAPLLTLGNDLFFITISKSNNAFVAHLADLVFFTWLFWIPTGWTAGTELVQGQGMTHASDFEYLFFWLAINPTLPGALGGVDGYEGWLACRDLLHFQTGLAVSGFLGFVPIQPHKANAAGVLSLAEGLNAFMHISPTTIIIDGFMHGIYILWSHTENLIAAVRDTALTPRVISRWPAMGHPFLRMRYSGSLHGHYVHLDAGWVHGIIAFAETDWGLYVRAMETASFGFNTAEFVGEKLIQLDTNTRVQLYFHWIEYLTAWFFGWLGFLQYFGTTLNGATAGVLAAHAYTGYTKSTSINVLSAVIPGWVPAWDWGEDVWDHIHIAIISNSHPKA,1.0,train,999
3,FGGGGRRRPGGGGGGGGKDDDYGYGFRRRGRGRGGDRRGG,0.0,train,999
912,HEPDLKPAMGVHETSTYRASFKNPYQSTSYRRKTEEMKREHSCALSYQGKQHELILNEVLILIPSTNPYLQFLLGAIEPMQRLQLKTYRTDQGIMIGELALVLVRFGQGENLIQEHTKSDSIMEVQINYEISPRALIKSIFLEDMARNISPKNGIDRSNHSGQFTERTVTIEVEPAYMASPLLKSGKYRKQPRYLRGAASPELYESFEDIAIMIMHLSAQTRNIASTFILNPAQGIGDDTSGG,1.0,train,999
1770,KNIVDETDKRQFHWDNDVKLKNSMDVGGLWGKVLYMGDSMQGDEVKLSQGVQSRVGIKGVYEILEVSKVPTDPFEGIISGLGKSKHTDYGEEDGQKWAAKSSLGFSDGDIKRGGRHVFLLMAGELPRLFDTYSYEFTTDAELLPVVSRIKAESAIL,1.0,train,999
46,LVHAQQSVLRVPKPKVPIQESGKEVTRGRTEKFAVVFVLVSLSQHRLDYGDADYKDKIGTKTNNIELNSYAMIVGQAFGNVMKSGTASFVILYRTDHYHKLTRVDFHLEIIDHFNLANQEEVSKDEGLDLSVNHKKVGIPGAADLRQIVCSFDDDAPVIQNKRQKGEVHMKALTSCSALSEAQFAIGGAFWMRKQHSVNFKNMIASPYKFAKKETSYWAKVMPYPHSIVDVPIGLVYVGMLVGVARHNGYERLKTDMVNVHDESYLMDVDVLQIAWQLMDITSELFCDDLHTGGVIIRSGEPMAWDKG,0.0,test,1
1452,TEKRHYKDIENNLCASNVAALSERNKYVSINLLTIKLAGLSDDRLTPYNHILTLLEASTRAIVGKEKDLEIVMLILKEDIVRIVSKPRKLNTLDIEWGKLWMLNLGEVNEKAIGEEEVNPKALRPMQLKLVSAKEMIAKAEAVSENNEANMSISGDATRKEYNAADNDIMLSLLRAGSQPGTVLDYKDIITLELKFGN,1.0,test,1
740,GNKALRLVYTGNYQDNEAISVKIVITELDTAREIHGKLDIPTLVFVVEHERGFYRMDFVPSSMIIFNTDLNEKIEMAIYVGGEESDKARHEYGVGNIPHKKVRNMAGTQEGVVNKRIEEQL,1.0,test,1
1147,GRLRACKTRLSLIRLSGSSVSPQPAFRAVQVGGGGIVFNAGKLKQVETLVKLEVMRDLDLTRVPEARNALEADTQGFRFHYVDAKVIDLEQAITGYLDLCAELTMGSHDKRVVPSKPIDLPLAGVVSAIQKAKAAKGVVMVAGVECH,1.0,test,1
755,KMSYDEVRGLVKMPRRPFSGFAKILSFVQATARDLTEGKFMESGAVEPASLFYNFSSTWNQELEGGALPNLWKNTRVFTQNVIAEKWIKKDLEIEKLFKTTLDRFVEMPEFMQSQCSIKEVVDALIRLGEELVNWEFCVTILRDSREHSQ,1.0,test,0
69,KGSDKDYDVKVKILLVQSTIAHIKTEQLRPHATDNPMGSSPSPIDGYEDKRAAEYHEKRADPTNPEEVLEDNRRVQKIKPAVFESMNRAKEDRSFAAAIIDEHPFGKSAVVIVKPPHEEKEDDVYRSVYPQASAGKVVILNPEQENLFNMGHFYVRVILAFTVVVAKRFKESERNLGDANVNIKPCHSELENFFMKLANEIFLEEARESSSRLLTFLLELNLLTLGHQSVLERITSQDVNCQPDRQKSPEEVENNEVISQYRPLEEGGQKNVSTDIVRLKGVQGANRTLDVSTKAVRRAQPTIRIEKKHIYILSVFYFPLAIINQFFNLCRLWRTCKDMTRSNNMDAGSYFKEWVLFSYRPIEPAQQESDVMKIGGRVSMNVQASWEPGKGHEKVTAAIDEVHPEFIDLIGAVMAKNTRKCNKDNGVVDQLVAPADKEVVIWHLVEVQTADQPQE,0.0,test,0
26,IKNDFGGLIRSISAAAQLLAFKEGLFAKAIFPSPKKIDSPELDDLVLKILDAFHSDDELVNYNKLSEEKIDKESVQKKIMDGEELADQYIAMLMDAPEANVYEILVTAAEVKDEAHLFNMAKANLQAALGDVVSFADESLEDKYVQGMKSDLSERLILQIIAENAFLLKKENEAELGSKRVDLLGERGHLKRIFVPNECCDLVLTPLTSAKLIPA,0.0,test,1
730,NILVEEHVALVECNFYVSLLIQAFDCQSAQALNQEWVEIEAKSIAKDEFPLLEPGNVRQENIPYLNTSESIPPSTQDMGGGGVAAGHDVCAAQLRAIGLATNVPTTLVLLGGREVKIKLQSGIDVATKVSVLQTAIMAIDAVTPVLGTARYQASLMVPIQLTEGAEKSAAVVSVHLMETDRVGQGLANSKVGMELIANFPIGTSQAGATVLVAGFRLAANCSGSSPLVLQRSREDYAPLKKNLSKTHGLEPSDGRLSVDKGGPEKKLGSAIARAGIREIAELPDSQRAVAYEVPATEGRQGGEVATHSP,1.0,test,1
4,YQSTGPQDQSQSSGPTSGGSQYYYPYGQGSSSGQQNTYQQQSAPGYYQQNQGSYSSGSQSSGYYPTSQQSSGSQNPQGGSYSSYQGYYAQGSSGYQPSYQTQSSSNSTQSSYNQSGMYPGQQYGSSQSQQGTPGQTDTYPGPTSYGGGSASQGQAQQYSQSSY,0.0,test,0
1,GKKGGIVNGPKGKGYYPGDSGRMGGSNPRACGRGRAKEGPGKEWRGGPGGQGLRRRDSRGTRPRDRSNWNFYDPDYEMRPERDNLGQAGGSGNRVEQTAEGKIWGGFTNVGEQGGRTSGKNPGNGFNDAGRGGHMKRGGYGGSKGGTDKAKMSPGITGIRGQGGFDYDDETMGYRAGSGQPRCDSGGGGGIGFRGFTEGNGGFGVHFRDIRLRFRDIFNNPVAGDKPCQGIGGGGPDFAGCT,0.0,test,0
850,PKEAEVRSFKERGYGESGKLVDKKKFICPYVLTTPPSGEVEVRDSAVESVKGSKLVVVLLDGYVAVIMREVHPILVAYLVVPKEPVLSEVISAYYTKVVINESSMRAIE,1.0,test,1
37,LPTPDLAESKDDRADFVTEMYLAGPGADLEMEDYAEEIGHLYGGKDPEKRGTQDYPGKIKGLAAYMDLFYVAPIIRIVVASNLPHELRPEEDRIGMSVRKKTEAISGLIGSTRLTIEEIAKHFRHNKGAEKVDVMLEVDITGEEPDATQLKSIIKGGAHPVNRKQVHRAHTALAGKDVDKQGRGVVFHFLCQRYGVMTMVHKEALPDSSVIHDNVQSQGAVRSGGQVLVKRGTK,0.0,test,1
1586,FHTYGVNRDWARPAGVDTKRVVTWKYPREARHLQYKPGISGGRKREVTKANDNYADTYHYRVGTNLIFSRVYYDRTSGANGDIAVRAGNATYIFRYAPRKGPNGKIAGIEVTAVNAENRGTSVARDYNGESYSNEIKDGQVDVSFVAKDQHKLYVFGNNNQNPKIVSTNVISGYEQTIRHDSTNIRPTGPFENGSFYWHDKPRYFILSIKLLDRHETPIESAYLNHALTRRSITIDST,1.0,test,1
5,GRNQGPGRRYGGAEGGDNGRGDGDGGKSRWGDDGSGRNRSGSNGIGFGDGRTDKGGDGFTGTGTKLGRVIGGCGYGNDRIDNPMQDESTPYASGGKDRMQNMSGRNGFCKSNHFYGGRFQETEDPGGKGDYDRRFFSIHEGGNMIRGPGGGSRGDCGRPADPGNRSIAREFAGRGGGKPGKGRRGKINGRSNRWYDGFGERRKKPQPGGYGVGFGSGDGTGNGGKGAEGGLFGGYWYGGGQSRMGGPDMDTRSECPHEGGVGGGGSKFGQANRGRRGGAGGQGLRFRPGAPNDGGGVGPNTGRVQGESPGRRKIG,0.0,test,0
657,VHVETDGWAAYRIATLPSMRSGEGGAGIATWLSGDIGALGELGKALGRQLAQSVSRVRVEDDLCDRDAVWGDTDTDVQAKELGLGVEWLHIDDHNAGDQADLVVQTRVLRRQGLDLASRNALDGESDPGVDPVGWLGLIARGDNVVAPEETLDVPAALGAARIFIVRGNAGELLRVASGVELQACADAGPGRLVLQLVFYHKLLIDTGKGSAAFVDALEDLERTTGRAIICGVVATEVGHVRSA,1.0,test,1
66,EHSSSETSGNHHASAQTGEHHSQNGGRSHTVVRTSTGQQSQNLMTVNHAHHPHTQTVSEQMSPHNQTSHSVHSQDSTPTRTSRGQRTTSSSVHFSHQFAPHHGHESTTQSSTEGTPTVQWSSSARDTSGLVPSNYGLGVGHSACSQSSAHHDMGASQTSGHPSPSSHNHSMQNSFGQPPNHHVRLRTASAAANPYH,0.0,test,0
473,LVSIAAEAGKICTLLYRTFDGSITGVVGLPHDGEGLVELEGRVYVRSRDGQQPVQASAAVKRHLREGMALALFNLDPKKVRNFGGAHTEALRANAFGQMVELGNAFRTVHQKKGVAPKARPFDITWLVLAEVRALQGYAEINVMHAIGVNARSTPIPEGLPRFPVGPVHGTGAVGNKSDKAGVTPPISEGL,1.0,test,1
0,PGLGTVLRERRDMGSQLHVIRGGNVMLYSYSGVRDGTGEAKEDVAHWLRGEGGVEELTFEDIGGQTRLRGVYNLYRGIHQETLSQGLSRYPRITREWFQRMKLNARFIAQPVTNQEIQTLSLSIFVSAFDAEVIGNASGCAVDGEGATTYESNKPMFRGMTLGDIPENHRDAQYALEVVNVNKFPQIQGLTQLDQSQNDGIYQNPPDLQGAQPLTRGISVLEDKDEHNFQGSNDYLFLGDGLEAKGGIERKYGDVNYYKQSNLIIASKKQQGTRFLIWYIWRGGLMFSLISDSSQAIRPVAREACGRIKRFFIPLRGLLLKGLPSGEGVNDNLVTWPGGENLGTLWYDFGSPDEHQGAKRTNGDLGSLQGVQGKAKLDPPRTAPMQDDRTSKECHQLILWRGRMMFGSGRQAVDRIMGVPLHRKFDLDGGAEVVEKDTRFRGGERDVTSGVVFLGANDRHSNGIPGGAYASIINPGGNCMSAYDESYTKLGQGPSLKRLESEVMDADTSRNVEAIQQSFAQGGLASQRRGGPTEEADEGIR,0.0,test,1
24,QDEESHHQFEPQAELAIGPYIYASNQGKEKLQFNYPKREEYMAVQEPQVRSKSSRATEMAVNQSCENPVRYQPKMHMVHGRKPMQEGAATEPEFIRMDQAKGKMEYTYAEQGAGAAPKLQQRFKLDGGYPEGNISGLNGSPFTLGLFASYVAPNFLPYAVQKAIKVAAKDQFLPLGSGQFSFFPGDVTLLVPSAAMVAAMPDHLDTGPKNTFAKGMQQQSTQATPRENKVEGNGNNDHVEFQMNFEVAQKIPTPANKFQGRHMQPHIQQNESQNARH,0.0,test,0
44,SVSNTSSSSAAASLSNRAWSSLRRGPPTSANLAWSAAKAKLASWKSWSLRGTLAETAALSPRSPSSIAASSWPKSSAALELSLPVWSSNAQRAESQAPWAARSSPRRRSSASSKSAAAWERLKDVRVPSSASLKASAAASQAASSSPGASLVKAASKSKTSLSSWPSPARSSANTNQSPPRSEPEPASSDANSSDAAWGPPTSDPKRKSAANSDATSSSARESSDSKRGESEPAAPAPRPSASSPPSRPRASPKAPPPARSASPRASSNRSP,0.0,test,0
363,LNQFVPAATVAMEDLGYEGAFNALNAVHDEGVFATQHIADGVTYSTAFDRLEAAEVVQALLSGHGFDTGSAERAKKGTLAVYMANARVESMIDFAFVNARKIPTPRRPVVVEVALEAIGRPSFNK,1.0,test,1
74,IPPRQLESELMVKSEKDRCITIVGRKAIRKMPKEMTKAEIKAKPLSKLATAAPTEERQSEYRASGKGRSTTVLINKTASLRPEHSSYRDSSSIERTASGYQARGEPWADRPKQEIASDKLLDAPASGKQPPYRQRSMPLRDRPPVPNPYRDQESSQRLEDHSLVSDSEASA,0.0,test,0
1324,FIVVLGIGSDCSSIIYIRSSLYGALNGFDGFFSRVIIRLLVALELSVLGTAFFNIVESLYMILLGLITIRIIRNFIGNVMLILLILALN,1.0,test,1
1638,NICKCTCRNAETLYWNYTTVHCKLNELTKSVKNFRCCWCTSCEEGIGTYIELMCKDTCSANWG,1.0,test,1
1262,KREKPLHPACDLERNSVRILDEYVGKEQKKSCCIKIVKKKPKGYILRPREKQSIDEEPKIIDEMKKKLRWGLGNIWLYLKEGYAIKI,1.0,test,1
41,GSGWPTAGTDGGDAPDEGYKRDLNYDGTAGQGDGVEQYPPGMADGTFQSSSYTVAGTALGFGGREPAGAGAKSGGYAGPVQPGSGGGGDGAQGSGRGGGSRGSRGVRMSTPWGGFYPGRGGNSRGDPKRVGGDGEQSKTAEQSTYPGPGFIRKRFRTDAGE,0.0,test,0
17,SSVDAPLEARGQIGYFMVGFTSQRAGVNRISSAGDNLSQAKKSEGNGQFEYGKIGENRNMQGVPGGVCAFDSSGERGPLKNGAGWPKNQGRQKWRFMDQNFSKFPVPCRSSADKRGSDQNLLEFLGGQGSEQGDGVMNMTKVPANWIVSRTNKIGDMDWNTKAESFYQMFFPHSADSPPDNEMSGGFACTGQKLAQPNQIPVKNNSSFLVTCEEVNATGFSLISEGFGLFGTTFAMVNPPASVSFGGANILCMDIERIDAAGGYNQKDFCRRGQDGVAVPNIGTRVHRGGETNLSTLGMSYIWIVSSAFVQLEMLTSHSQLNMMLGGEDSGQFLYRVERWEQETHNQQGALMSGVQSGSSVLGRDGKIDSSGLHMGGYEGANSDEFGGM,0.0,test,0
42,TMILNFENTNKRVGQLVEEKHDDYAEGPLQRVDVPLSNDSCHRESEVYEFPKWMMFPKKAMQVLTRAGRAQDDTVLSLQMNYNFWEPLNVEKSIKPENYLTDRLGELRVVSVFEGLSKQRRDNFQKVPSIDLHNSETYAESIKKIKEITEKATGNDEPGLNFDGRRAARPKPVYYKVYQNDPMQASPFAECHKILNNIETNKEEAHKQFKEDQDKQVYKDIPGLVVLVSLIPKYLPAFQDESAGNKVILSSTCPKRLARPESQQKNHHTTKRQTLELQTSYEFACSSTFEEYQGGKAAETLEENILVTQHVERKGIVYNTAGTAKSGKFAYATTPIAHQKANAASLRGESFRMGTEAEIKWKSQKFVSTYCRTREPEDEEKHEANCLGEVRKKITEVVSMLYDILILALPVILINGTGRPPTTLTVGVSEIEHRRGSETMYESIPLKEEQEWPKPVVEMTENNLTSNSKENLYTLTQCEGSPFTPLVQSYNRADKIEYFAMRVVLRADDRQKIENLPCNFCDDNVDNANVESEDRKGGTAQIDGTIEMVKEVAKYDVAELVYERRTLAFVLLEITEVPFEQPNSPKDILMEFSLAFLDLAGKDDNQDQETNCVEDENEIRQGKFRQENYIRDCPIVTILSKLEPARLRCQEKLTGDRHGVMAPNLAMTYEQIASKFKKNFQKMLLLSVENSLTKELGKARCE,0.0,test,0
67,NQGDNFSGTPSTQRSHASSVVQHLPHSQPSVTPSREQSSGGGSNTSTNDSPSTQVSTATTQSTQGTRAESSPTHSQSVGVRPESPTRATAAHSMCDQTPHQSSAVSHGFHSRSGAHTRGYSQSPQHQENNMSSTRVAEGAPSFSNSWTTMSYSEGTTVMLNTVSS,0.0,test,0
558,KSHEEGPTNSFTSKRTVITLRFLYPISASEEYTHKIASKVINEDPVDFEVWGKLIKSKMGISDDSAAGIFFVASNFDAAREVIINGFIELAGDLGFNVCHSVERHKRIKYWSYNKKSLRVGLEVVMESKSDAVIEPAIYIKKMSLSNMTAYYAKITDRWGPIINPFKLSRFLRIRKKILEEIEIELFSNEGSVGRLFGSLEDAEYSKLNGEDDEVTEHLDEESKCESHKPSIKWKDQMYSSMKVRLLGRGPALYWGLCSVDAISLVNMDGLSVDQLTRLILLNEVFMDFMGNIRANYIRSERTISLKKIENDLNLAVTGKNILKR,1.0,test,1
34,PRGMGRFREGPGQDPRLARGMMVRIFFGGPANRHTMDRLINGAGPPWRGMARNGSDKLGPGRGNSQWAQFMGRRGPGRDGKGPGALGEGGMGRLTGGKMGPFRDGPVGGGPEGGDDPGDKGKNQLPRGPGGPDLGERRGDGKERDGYSGRRETQGPGDGARGDGPNGDTSKGDSVAGLGDMGPRGPPKEFERPDGGAMYMPGEGRPPGSFKPGHGMRRNMGGPENSPYLNKPRDPCRGVGRSGPGGDGWQGNPLPDAGRFSGQTHDEGVRPRRNVFCGLGGMRGFRNEKFPMAGGRIGGCRGSSSGKRPGCMDRPDGGVPFLQDMKPDCGGLSGVGQKGSPGGVNGTGRQYFKGFGGKPGPGPRGDEPKPGM,0.0,test,0
352,KLIQENDSNNNEDSRNEDAEKQTPIVLVAGFGEIDLMSQEKVGQKNQVKVLNTTDTVDTIQKGCFIGIFTKDHGKDIKGADAAKSASNAICKGMDNVADMLYNFAEEYHMGGPRKEHDFARTGIFGNAKKLVISVRAITFASCGSKIAARGDWTTSKLMWGQDGVVDNHAAVAIAFSNLIRLLKGIPSGLKEIGLLEKDSKTIIGTLGYVRIALKTACWKGVEEDPNDELLVSGTNDLTSMPFAQSVCMSKALSTLKLFDFNTLGYYIYIEMKKIQGGRVGLSESKHCRRVVNKLITIFKIFATINVALNRLLYGEAMTGAAQSAVFNMECAGEGRPPTSTTAKHYSSTVFFETIGDAMSLVNPEKKRAGIPSFEKVPCEFPSDAECDIIDDEVGPQTDEAAKHGIQYPEGRGKLVNAADGLVTLVHADYLNA,1.0,test,1
1064,TETPRAVVDTKDVGEHFSQRDLNTLRNSLVEILKALRLQDACDLMWANNKETFHVHSEQIKCLVPDLAMCVHMILQVADPTTGWHYSAIYMGRVVTVDFKMMARLATVQKGTAHEFMPKDYYAGVNLFKYMGAPDQTYNLPLVTDAESTVKERSAEQKIHEGEYGPRIFKSTNPIKRASKYSGPTATIIALSVAGLENSARMFLIKRVELAQYSDDTVAKEHGAHTPFELICGYHITVLAEVSTDVSAIIEGNERPPEACPLGIYEDIATTRNEPLSIEFNRVKPDEGSEILELLTNALHLPTWNLWKGTNTKEATGPKLPKYTKFLAKEWNHYFPKRVVDVRDAEHYLDNPSGLEAKVRTIDDLGLEGSKPIVDCHKRGNWALKYVKIDVEVIAVDEVLYDCTNLPRVLTHALQAFRSLRIGSDMAMMAGAILEDFSAFHGLERRDRDGAHAGRKGLIAISTVRRLGNELG,1.0,test,0
1037,LGKIVRLYILMGQNGNIMKLIRKVKRPYLLLFSNESDPVKTRLLLLAIILQISVNSNRGKKFSSISIAPQTEPVVANVQPYEYADVTLMSGKTAELRADHAFVQIFRCISQNDKWQVPLVLAKSIKAKIDCSNKKELFVTLLKEPAIVSLSDRGKIIPGEQEVKNEKVVYRAGIYQKNRASTFDLLQRLHHYKSKFVFSVLKVRATEEDVRSPRDGPHTSRNLSCKRGIEKAIEAVCIQALLPGFPYIATLGYFEDFIPTESKAEVPPEVNFPRKQIITQIRLRRFGKKQMAGLDKAIDKRDASHIGIFNEIRDIAALVSYENRSGQESDNSLSDAQRSTKIINNKDFDKETEPALCSNFKVLIGEGLILDFKHIIVYKDQIVDKLVNKQPASESRAKNDLCPRTICSTYNGHSGMFIIRSIVPTDDITLTLDIEPVPDLDRQGGLGDMGFIILPISRYKPMKKKVILESNVEDISPKNDPKSGAVFQIELANDACLLCFMQPQQTYLLVAVGRAAECLKDKFPTDGPDIKDMQTCKRGIFFIVLGQKMEVPVFIQFELQREAGGPCGGCGLVEETLDLNAGVQRHNHIPLFKDYLEFFTTPLCYPGI,1.0,test,0
1593,ESNSGEFIDGSGFTEAKLFKALVLGTNNTKGPFHKKWRVSAQKRPPLNFFWDNVKLGVNLPVIGQNVWVSSELEYGASVFGSNNFFGTNNGGLTLYSDTASSSLVDVRNDMAVTNVVHGLIYWNTGPGPVTNPRRYLEEEPNIVDKEDSKVERDRIARSCKSPHAQTGQKEPVVFNEKPVGSLFNPNQFDYEESIESELGVALNDTEVITTLRIVDTLWSFKSQWIYSDKLLHINLETWEFLQY,1.0,test,1
64,EDSPKKTHVKTKPNVGHLTSGSVTSLGNYSEAESKTRHDPHPSNSMIIPQKPSSAARHSRQGHCTSSRHHHSKGSQSPAKSKTIKLQSKGPDHSGKTHLKARPFDSRFPHSHSGSITGSLLHHQSVHVKTAMPSEMNFPSKDGNTAGAPTEGSSSSKSMHTKAFGTHASGKHENNDFSAVKNVLDRHKHTSPE,0.0,test,0
1138,MAQKFSILQRAASFGGGLGTAKAVAFAPPYMYRGFLSAVAGERLYPGIVALEWDFLRRPVALPFRFPLRTYRRLGPYMEFGAPVNFATVYSLDRFNEGGDRASHEPFRRWGVLFEWEFELEDEGDGKWERELEVMVPFEPAGETLAGANANDLDEVLMLAVPPIWLAAVVIRAGRLFEDAFGAKGGRYGDFGVYFRAPWEEQGGFVLPLLKQTANLRERSRVPVEMFPEWPEGRSKVPSHRWWQGSRHEGRLEWPAGWPEYDIAGLLEDTHEVITAAFSAKDPLAEPPRAFDTLYVAKWIREEHPHRGHEVAKRMLRLQLAWPAATMPHMGALFKIEGLGLNEAELLLQLFLDDRLLYKEHGTVAALWLERIYVERLVYWAAEFQWKPIGALKWRGPSKREKEQFADGGTGDGSFEVERAWRLWLTEPVGHSRGTRVYLRELIMVLEAWWFAPGSLAPDPTCQNFGKEPAEPHPEAAKYLGLDTYNVRLHYFEHFDYPAP,1.0,test,1
620,AFSYALVNFGGTIAGMGGQVSAFVELLLYQGLITIIRMIFAWWYLVGLQNFGNFRDVPGLGSRGQSFGHHGALSGQGRSNSDQLGPPTTGFAPEDGDLIKPGAALLMVEEAYSIGLLLYDTAVADNVGVITFFPLSVTTLEGALYLGSQAGRYSFAF,1.0,test,0
78,GGGVGVPFIAVVGGVGGVVGSPIGGGGGVFGPPPPV,0.0,test,0
59,AFKVRSAFAPGEWEEGFQPGGKKQKVQSSDLSLVLRGYSCSRPQDHQETGLFEVATKQGGLPQLIEPQPRLASMNQQIVPLGHGGPCISDGVVGNDQDLKTNTKLSCVTSWDVVGPVNLKQTATALPGPPGPFPSGVVSHGRFVFVGIRGFAEALLALVEKGKKSEGEWKPPLQKHSYIGDTEISGNPPAPPSKSTVCGDLELGERGAGEFPQPLCTSSCQACFEARDDNQWGELPPFCLFQVLTSLVQRPNAQTTAPQNEGGEPGAHSPGEVQSFIPSMGVYEGTGNVEIIFKGPPEPGPPKYNYRLQSAWMFMTKLFLGLAGFELKLLPGRPACRRGNPFEYREGTPEGGEAKVEGPS,0.0,test,0
81,LDKNVSLIKHHGGLFLQDKSKKQNTGSKIPVDKGEIGSPGSERVMNCGDLKQVKVVENDTKDPKNPIQGHNNLGGSISIVPQQGQSKGTGTVVVIVSNPDSGPVGLSSHKIGKKAKGYKPKKVLCH,0.0,test,0
1688,TYKGLFSSINQLNHYYFLELRPKLNFKLIVTGTMEDNEAEVTIIPYDGAYRDNNNGKNKDKEEIGAMINMVQQKKFLILNPNAEYPKITIETAKREDSSSQKG,1.0,test,1
1203,REPLLDTHRRCDIEGRLPLVYMFLIPSEEIPDLALIPEKRKTDHGDDEGYEGFDFVNCNLETPYTKGNPERAVEQGFEGVKFEHWAKGERKEVREEAVLRLMFGLSLPAIEKERQKHVVGEDARVKDVDRVLERGTVRRTIFPRRVGILLKDDRPFLNVDEDTVFIEVIYGFHLKEILYPRWVRGTFGTMPGGEVRATGRVEVLRVCAFVTEYWDMLVLVGLELSSYIEYTRFPLVLTLWPASVKEGAGAWKVPLETYENVSREVEKQDLAREEGKVPLEVLRLRGTPFIRADRREVYFLELEALAAEQREFDTEIYEEYREPAMGEPRSKTKLECKVDEMAFVVVLSKDLRSRLRVAHPEFFLVMLGRPPELQYPGDFTEGVLPLIREDRAEPRWDMELDRTWEEWKPELEYRVRRWFAYKKVGRKKHYPPSPEAETEPGGFSLLIEGALRVVPEVRAIVFTVLEPGVVPELILTLFRAWEQSEPGEDETDGREWVDVEVHEVVGDGEGLEEDIEWSEDRSDEVRD,1.0,test,1
57,TSRTRTGVRLPAPGRRTLNPMSSGRKQNTTSGPRGYLDEGKSRGRLGGGNSNRKLGDSSLRGTGPHDEQGESKPRRDDEVRYSDSNEGELGATNPTQDFRPKRRTNNRKVEHPERVDGGSSGRRPRTVRNDGDSNRWGRQEGATSQSAGPNGDGDRENCEKKEDGKVGGADHRISGYQQSEHDRTGSF,0.0,test,0
30,HKKGNSEDDDDEVNKGESRKENSNFSFLAPTTPGLQNLDHYDKSERLLGKIDENSILGKKNKSSLMKFTVSAKEAHDFEKVPCVFSKSKMPDATIKDNYPSGLYSSKHRMSNRSQVLSIKLSLIDISGSINLFVTAANAVTVKRIPVRLNAPAGSNKEDGSVDSASLSKTKFTNFNLKVQVNPTNKSKKQWEDD,0.0,test,1
785,TFEVEKQESITKQIGKTAGIKLGSVSKERQRPSYLGFYRIAADAVVMKETQDDNFEIIMEAVERGNNIDTERIPYLQTKAPADDRDAEIAGTQYAAIKLARDVASHNVDPGSFCAELGLHIKNSIARREAMAGIVSVEIGGSDQYNLTMMIDGVLAVQEGAERQMKALTLPAAESGGGVVILGFEIAPVAAAARGARQVEITGPTMVKKISTGKIADGVKDG,1.0,test,1
61,FAPFQCPRFQKISHQGELSRQDQENPKFKFQALPLAPLQLSHTKDRCNPGSDNQKIGPQKLAQSANNAPPEIPNKSKPNEKAFVENVLELPSTALPPSAEPAYAAAKLYERVMQTGGKTVKNSEDHTERAVILKKKMRSQASPSKPALNAAAALTAARPDPQCERPQAVDPNFRREKASALLQNERQPPFLKSQVGFLANQQHPRTHLTEPEELQPTATFSTEQEPNV,0.0,test,0
1036,KGFGVHLGVEEEEGCVTLLRQYPEEYSIQGCDVHKVVFGLCRRDRMYIQQRVECLTRAFIVSYYSTSGLPVARRQLSLVALVSDTESHVSSELAEDLIDNQGEDGSSRPVRLYSLYGSLKLLAERAFQALYRDDYGTQLNLCEELEDRKPWKDFYSLLKVVRMPPNFPTQLRKVHEHDNELERIEMAADRQQTLPEIIFVKDKPKGTKPSATPYAEIILVALAVTIGLGLVVVYMEGLPLCHATIALVDDVFTTEHISTRTLCYIGLSVLTWQVIEYAYELMGTCIDTEYIRLYGARHIRNLLVEMKLQGIMIIKRKAEIPDAFLLFDRFTADGRLGGPIVLDVKQVGQQADLILTVLGKKNLLYDALYYLFIVVAGAITVNTLEPKKLFVRHFAVGLGESIMLRIGRVLYERAYIACTKARFFSLLEVNLKVTSQLDHIIPQQMQLAGNKHDYNTEMDHFKGDFYSHAFATETAIDSSHMAEPRKRRTADHSGTTYLTDFKRQTLSSELGIFKDMRHDPTRLLVEVAAFENIQVVAVRLFMGDLLILRFDVHQINLQFRKWEYTGHQIDLREEMRLYNGPSALVRRYEERLSERSIVLPFLSAAIQPMLCVTFTITDLLIQLDPEDRGAKQKPYASVSPSHLKERFGFENRAAEAQATAFRLALQKLDYVSCERAVILVRISTRLFNRFSDEPVYSINAAKNLQQPCAALFPWSERARLRLDELANCQEKQPNCERPHGAPNAYLLYPNRRTKGEFFPS,1.0,test,0
1183,RNCFASQIFKVSSGPPCCAFWVAYCASTVWMTALCPSPDYDGGEVPRNAAAACGNKGDEAYPPGSAFTKNEDKQGYANSARLFQGSDQDCAGKGGFGPWCTVISTCVVFRGSDTISPKAETCGGGFRDVRWFGCANRPQFWRFFDSNGGAINCGDGTPYQSSVPWLKNHQLIDRELLPDVNANLGPTRFPDQTAGSGKFRVICCDDQFGANDG,1.0,test,0
13,KPAYGAPDIQSEELLLERMKAEYELELESMEQEDLKERQKDQESREYGKDRRSKEWAKYPIPRTSRQSRQRMKKQLSPSELQIFELEEHARNEPHEKASHRELLYQHAAVIVDSWSIKTVESRMESEKLTELVMNRERDVSHRILQSQILVLLGEQRMRPLV,0.0,test,0
