,shuffle_seq,min_plus,partition,prediction
155,DFRQIRFRGGLDELGGVPGVRGVERSVMGGGVGSNSGRVNPFEDVFRGVEGLMVPKMLVRHKNFLVGGPHIPGRRKGGVPVSITSRTRVLHDKKSGGKSRKIDDGAKPGPLGTIGREDGGVVLRETPFRLVVGEGRPTEPDAGDSHADKAAGYAGGLGGGTGNGKAGGGRRENGGSRIRCFVGAGRMPETGFYGGVGRYGGSAGEKFGGSKGRVRYKVGGTHKVGVAPASKIGGGHNGAVNGPLGAGRKLLLIGRECGARGDVVQGVFVFMGVGGLGYEGSVNAERAFNRVDIQRRDWSSPGEGIEGFANRQAHARMGDDAFKEKRVGKGYEGGVISGDAAHYSVGYGRSPF,1.0,train,999
115,RSGFSRYYDGGSSFGGGPFYSYSFGNFGRGSGAYGGSGGGNSMGGSYNNRGGSGNGGFAGGGGYGSSGKQPNNGDFGNQSNRFGGSGGGRSRSGGGGGGSRKQDYGFSPGQGFGNGFDRGMGAGNSNGGFSNNSR,1.0,train,999
93,ASMASGGIGANAWSRGPNSIFSALSGKLNGNASLSSAGMFSQQGGNGMQFMESSFFNMQGNGAGGNSGSQGNFGQGNFSGGWQGRGGNSGSRGADSNQMGNGAMGWAAYQPQGGGMPGSPGGNNSMSAAGNGNGQGFNMSN,1.0,train,999
129,PPEAAEIQPCPVKMTSPAKNYREANNHIQGGSMTARKEGSFSAPQKPSSLWPVLPSREKHTSSLMPGTELCKGGFDMFPRASSYTMQEDPGLLTQGPEICCQSREIVLHKKRQIHLMCIIQVTLQPPVRAMTHPRCSDPSTDEMSDPKELKRLDCERDYPSAFREQRSCAPPIFNLNLLASFLEPPGYKCGHDLVSGPSTIYDPGLRDFAYLDGGLYILDSLIETRGPGFRNVFISMKRNGKQLIKLKICKLVFSGAGESPLEGSKTDLLNKGMTSAQSTAMDDLVLVNEYRANGALQTLSQCTALKSESREVKRVVDNLKPSKPGNLFIIMTKNSSLLSEQIVYETSGKAPSCCFPERRVNLEMIFGEPLLLTDTKGPLCTPTKPGGCSDVLTVFHSSIDRLRFTCTGLYTTATLVYIPTQQHTGAKQVPCMNGPTPSYDQLSFGGECEQPPISISSPRPP,1.0,train,999
218,LVVQIQQPANQATVQQMQMANTACQQILQLNVLQHIPNLKQKQRAGHANLAKNAMLSIPAQPAFIIQVAQSNPRLNINNKQLNDATRTSNNANELNLNERPQLNQNQVDQNILQQRQKNEASKAQPIQPKSQYKIIAKTMNRQVLYAKINQQVCAPRPANQQAQNFIEPLNKIKRAVQQLNARDIQDQNAMQKTNEAFQYLFENMANAPERQITFASAQNIQPAQDKSEMTRTFVVSKALRILPDIQAANPIQQARQALANPSIRLQDAQTQWLAASEQAHKFNQIQTDINRKQKNQQFKGEEAENQASTQQQVQANSPNNTSLLTAPNLQQQQGTTNQVNQAEFRQNNAQVQEKFNINAGQQELNVEKQTVDHQYPSQVTQAKRVQRQQMKNFNGNVPAKLQNMTEAQNKFQKKAQQMNAQKNSNQQQSARKNGVGERAQQSANNKKNQVSVLSLQQADAQMQLQSMQPKTTKSNALNNLLKLKYWMQQNDLQNLLITSGQEKMAYTNQEGQFAVTNRQAENGNIKVANQQDTKHPIGNPLNIAAIQLVQQLQFNPNPIQQATLAQASQKVLQLDNHQQQTAKQQQEHKVAAQAQSMSGPGQLAIMLGQSNYAIASQNYRTSVANQILAEASNDQTNAQNSQIAV,1.0,train,999
13,KPAYGAPDIQSEELLLERMKAEYELELESMEQEDLKERQKDQESREYGKDRRSKEWAKYPIPRTSRQSRQRMKKQLSPSELQIFELEEHARNEPHEKASHRELLYQHAAVIVDSWSIKTVESRMESEKLTELVMNRERDVSHRILQSQILVLLGEQRMRPLV,0.0,train,999
190,ESGFTGGGLYLYGGFTAEAPMYDNNGSRGITCGRGSFGGGGRGFGGEDPYGGSRKGVSRMVGAPEIKGQSYGGFELVGPQRNDRHGFRRSRTDHHNTDFVSRGGGQSENFKERFNETDSESRTNLFEGSKSVCTGGAAYVYGSRSQGDDVTNQYHISGGKSKDKKDGGGHVMKGFKNSGDSDLAGFYMGSGGGQRSSIGQGGRGGSGEGYQGTGFTSGGFLGIGPSYGSGEKHRSVGRPFPVSISRGHGASDFSITGKRGDRSKFYPNSGGSGIAYGEARAPGNNGKSSKVNDFFKKGGGFYKMENNGGGGNFNEGRNYVQQGSSSYGGGRDAGFEFENELQYPLVVRGGSDSSQWNGVDGVGHMNVYGGYG,1.0,train,999
102,SNLEKGVHTIRSNKIIGVPKKNPLQQTSKDQVGLKGDKGPPKKGLGIGQSYNDVGHEEILALSSSDMGFTNSKKVVIGGQDKLKVPEHPGVHVKKVTCP,1.0,train,999
65,KTFPSPPAFPPSKKKSTSSHKKVRTEMPGSDMGRFSMTQEGTSSTSAPGHSRGVTTISDPYTSESGTKQPSLGNVANSLITHGDFHACQNDSAEFASHRSKNLSLKSSGPLTSSKALSGAGS,0.0,train,999
121,QGGGGGQTSQGIYGPNYSSDGDGRRNGQGRGQGRGFYQSGGYRSGSSGYMSKKGRGYDGSNGYPTDGSRDKDNSGGGGLKRSDAGQSKIFYQGSGSRSTGVFDRPSSLPGRFIIPDGGQGFFPSMSTRGGGSGSGTGHGSHWGSNGYGYGGGQSGYTGNYSTGYPGISQSGSDAQQQGRYGGGQGRGGVSGTGGPTYKGEGSYQGGSGHGAGEEGDGGDQGRSGSPDGSPQEAYGQRTSGSSATGGGRGYGGRDQPGRSDNGGSLGSGQIASRGGPQYQQSGRPSSEGTGMGGGQIGSGAVKEQQTYNGTQPNGRSGGGGQPGDQGTYSYRTDSGPPGGPRGMYGVMGRSMAGNGFQFFSDQYYQGYYGYKGGTGDSNRGRYFVSNGRNGGRGERDNNKQQQSFEGGGGAGPQNSGPAKQRGYQGGRNQSKGMGDPGGRPASNGSYDQNIGGQGQGDGQSSYQGSQEQSYSSQPFDTGGRQGSRYDSGQYSGGY,1.0,train,999
50,GRKTSPGMNSGTSDSSLNGEAGVGKDGGADRSDMGNSLREGGYRKMQSGMFRSGGPWSDPGSNDFRVRGRRFSITEPYGDGDDGESTSVVNGENFPSGGNDYRIENGRNGKSGKRRGNDNSTLGNCNGNYGDFEPEWGSWNHRDSGFRTGRGCSGERSSQFREGEKERRDCFSNDGSSFRSRGEFRSNGPMIAKELEGGSAYMADKGTCRNEAFSENEPPGLDFHGTDGSSFSSNF,0.0,train,999
110,QSQARDGKEMHAPTHGHEETSLTVQKDQTTAKLDPPVRHGAESISGRPDQPHTTVFDDDKKNGSPVLSTKKGELSEDAGKAYKKATGSGIGGGTPTSIGEGEAGGNKNDVGSKKSGLSSAGDDDANQKFQSESAKPIPNHTVSDKAGKPGVRVKVGKFVSIQRYSEKKEMSGLAGGVTSYAGPAQRPPPHTGATGIEPRPLGPEKVVPVLDGVKTQPATPDSEASTEIQLGDSRKSDVKVKSKSNGRPHNIPPHPIPTPMASQAQTGSKNGPVKDRPIEPRAKLTPTAGCLAIINKGDSELVDPEDPMSAKEPGGSKEQYSLTTKKGVYIAEPVEHPDAHDAVSGSGTPQTADLEEPKEASKQLSKGKMNTGKKLTPCKRVPATPPGGDITQGERSVKTGT,1.0,train,999
217,EGVPNEGMKPEHKLSDRFPGSQDQSPQAEENPDDLLECVSNGLVPPQVESDSCIKYIHPSPQGGPPNEESGITRKQCGEWLPTAVKNSDALTENPHEVKEGFSITSKTLILCPPSPASAPKLILRSRSDSTPESQQSSLKQPCSVESQSGVLRPSTQSERPRTHVSPGSISQLPTSSLKAEMSESVLRDDESSKLIPLESTSSGLIANVSNKGLNSGFIGASESTEPESSVPTPKAETRSSVTSLG,1.0,train,999
142,DNTDPDENALRPMSKGRGAHEGDRFFSKKKYEDFGVGNRDKRFINTYFGSMRGYYNTGDVRPPGSFRENQIFSFGGGPEGEGGGGNSHGPIKGSVENAMGGGPRHSGVLDVSPGARETPQTSIGKCKYRDGGYVNGVGRYAGYQIGVGGYGGGDGVDMGYMGHNTSSAGVWGRTAEGGQGRYEEGVEDVMFTGGGPYQGFNLQGSGFYEGGGSGGPYYRFGIGLGTSAGYKPNDSFLGKGGSSTRSGRGGGYELKYSDQRGNEYGRVPGEGFGGEEFGSGGGNYIGRPHIHSKKVFKDEGFQKYGGGRVGYDRGILQFGAKHFRNSSSRANQELMNANDGN,1.0,train,999
61,FAPFQCPRFQKISHQGELSRQDQENPKFKFQALPLAPLQLSHTKDRCNPGSDNQKIGPQKLAQSANNAPPEIPNKSKPNEKAFVENVLELPSTALPPSAEPAYAAAKLYERVMQTGGKTVKNSEDHTERAVILKKKMRSQASPSKPALNAAAALTAARPDPQCERPQAVDPNFRREKASALLQNERQPPFLKSQVGFLANQQHPRTHLTEPEELQPTATFSTEQEPNV,0.0,train,999
1,GKKGGIVNGPKGKGYYPGDSGRMGGSNPRACGRGRAKEGPGKEWRGGPGGQGLRRRDSRGTRPRDRSNWNFYDPDYEMRPERDNLGQAGGSGNRVEQTAEGKIWGGFTNVGEQGGRTSGKNPGNGFNDAGRGGHMKRGGYGGSKGGTDKAKMSPGITGIRGQGGFDYDDETMGYRAGSGQPRCDSGGGGGIGFRGFTEGNGGFGVHFRDIRLRFRDIFNNPVAGDKPCQGIGGGGPDFAGCT,0.0,train,999
118,GQGTSPSSDGTGPYGQGSGSSGSDQQSDQGSGSRGQKTGSYSNGSYSFAGFGGGGGRSQSGSYGGPSQYGPGGSSGGGTGQGYAGTQQYGQQSGGSQGSYGYGYYNGTDGQRGGQYQSSNSQGGASYGMSTQGYGSQNYTSGSQSQSPQPGQGSGGGGSGYGNQGQSGYNYSGGSGGGYSGQQMPQGDGQRSYPGPRGYGSGYGGQSGGSEQPSGQSYTQQNDMASYNYQRQSSRGGSGSQPSGSRGYQSQGSQRQYPYNGQGGSTY,1.0,train,999
128,PTTIYASRSYSKATSPKDPTDALSYANQSDTVSIPEEHGNPTFLWYGSVVDQLVHGSPQGTQYVKKGGGGAPFYRTVYGLQKQKEVSLFLKQSTMILFTGPGKSFRYTASGLRAFVKTNRANDLLVNATTVVYGESYISKSYITVPSVGEDTSNKTSKLKCMLTAQPLSRRASKSIDSMHPTREEKALPSLSMPKEKAEDEGIYTTHILINRTTTYAFCNELREKNWETNKVTAELGETIFLIVIGDSKKAPRPEPNHGQPVEVQTPNKTAEGMALRGKTTLSKKKTNAVIPMVFVVYDVLVQCSKIYAMAAIQKTGGETKDGAVGPEPLGQNEAMVIDNAADRHTTDKEEKVRLTPQGAEKASEQGFSDSALHIVLDKGARVVVMGVLTDQIKGVMAGSGRMAADGKRTESLPIKNVASVQSPEFVRIDMFDRESAINQSYKDYEPQKPTNLPLQFGCIEAYEDGKAELAMQDGAFEAKAPRKKGAMERDRYSPKESWQVPAKLFIDTYEEPFAQGAHSKTIIYTARVEKKPGTADISVVKQLHKISDIQTNPTPKTTTVSCAVPHLKFHEPKEGRGAVPAKKELSPIDENKAEPAADMNVTTVQSTNRQAKESRSAQGILVWKFDEFLAPPEPSDNTELIEGGSNKLSHVYLTAVPLAMM,1.0,train,999
63,QENTSEMPAREKPAFAEYEESSCVFQQLRTPKAKHLHHNTRQSRLNKNLRLPDLEVLEKAMQAEKPDAAPQIGRVNNQQPRPYGAPQPSFKLAKNFHPAFTPKRASPNQTSLQFEKVPASQQKKPALQQLTVKERTQNATVFDPEPQQLPITAQQKTKKACE,0.0,train,999
35,SQYNSRESGYGSDSQGSQGYGQGMDQDYSQHQQQNRNSNSNGYSQQSSYSYGSQEGAMGESQGGNDSGSSGPSYGPGESYSSSSVTYNQASDYQQDDGQEQHQQDQKSGYSQRQSQQYPQYHQGQYYDNYYGTNYSDRYGSYYRYSDSQTYGGSYNQGDPRYGDHQQGETQSHSQGQGSD,0.0,train,999
23,ELSDYEQVYELPEQLFELHANRRDQKAGDVYWFDYETWGDNCRLHPVVVVEGTGDTLGLGTRQMGTVRGPQPSETWVVRSQEPSGPLTEDEEDGLDEQERDQSPTSSHLSGEPYEEDGRLDAAPRYFTSSIMRWEEPWSRTRPFDGSAPALYRYGIDSAPETLYE,0.0,train,999
38,LKLRGGHNNAESPQLPKVIVDLLGDKMNLENGFGCKVTDDSIDGPDGTRDHTLTGILYSKTVTHTLNKIKLTKERFYLIFVKHSIQTLGNVDQHVGGKLVVYTYYIENQEKYMIQTVGSTWGKALNEGPKRLAKAGATEGDFYVINLYSGDFNDPYHGLTTIHLAKKFDEHDFGESHQMNVSQNFKPKVRVMPIEFLVGFVGPAEEFEDAEGPFKEKNDLILVCTDSPYEYDMSQRVD,0.0,train,999
28,TSDDYARCERPKIEWSGDIGGQSGTGGAPSGDIPVEKHRYTSAETSITTAVQLEGSDSRQVGRMPGFSQWFNSLGRPSTIEFGTQLLADSENKGGSTYSGVVGPTEQSRTAHYSFPARTVRGRSAVPPELAGERSGRFSSSAKAASSGGRTGGSDVSTETTESVAPDPKETGGDAKGLGSGGDGRNVGPVGNSKSDNNNSAFKSPAEIVGYGQPEGKIPTEQGAQVVRKTAGKFTGGLVGADTTYANGPRNGGVSITGGS,0.0,train,999
5,GRNQGPGRRYGGAEGGDNGRGDGDGGKSRWGDDGSGRNRSGSNGIGFGDGRTDKGGDGFTGTGTKLGRVIGGCGYGNDRIDNPMQDESTPYASGGKDRMQNMSGRNGFCKSNHFYGGRFQETEDPGGKGDYDRRFFSIHEGGNMIRGPGGGSRGDCGRPADPGNRSIAREFAGRGGGKPGKGRRGKINGRSNRWYDGFGERRKKPQPGGYGVGFGSGDGTGNGGKGAEGGLFGGYWYGGGQSRMGGPDMDTRSECPHEGGVGGGGSKFGQANRGRRGGAGGQGLRFRPGAPNDGGGVGPNTGRVQGESPGRRKIG,0.0,train,999
123,GSDKRYGGQTSRKGSSFSAQQSGPGVGSSQRNGGRGGSRTGNIKGSGQGQQGIPSGPGGYAQSAGSAGVRDGPNGYGQGGGKTDFGSQSGNGTAGTCNNVYKYPSFYDGFGGPQNMDSGQQYASQGGSSPRTGGSQSNYSWQSSQKYMGPYQNGTYRDTKFGGSNGYSRGYDGGSSGSGRDLPMSNQASNQSGSGDNGYRQDGPYTCNEGQTPGYYSMSGQFGSLKTLGNGDGGQDGWRCDQGTIGYEYNQNGPQPPPCSGQGGIGPFGGGGYSSAQDTGSQSSARGIGGNSYAAGSGGYMSGGPGEGSQSSSQYENGSQTPQGSVVGSRQQGWTYQKRSGPSYGSQYGYRQGEGGGPPIQYQTKEGYNGGYGTFGDGQQSQGYNGQKGFEGSQGFQQNPQGRYGSGGQSIGDTARSNMGGFHSKKEGGRQRTSGGRGSAGGDRSGGDSPEIGD,1.0,train,999
109,GVGHYTLKSPLSPTVPSGQTLGALTPTKSGKIMGTDSKTEMENTVTVSPESGPEPPGRESQEPEPKRGRGNTDHHARGRIGKKAGDKTTADAEGTDTSTATKVSFHAESAKSEASDLNTKPDPRHSPADSLGDPESETATPQSDSLRGSKKQGDKPQVAMKEPKPALDGAGDVIYTVAGPQPLAPKPKPIAVGKGSKAPGRVEEAPLVKGAAIKQPDDTGRETAASTRSGSQGGARAPQDGYTEPSASATPLTTDLPAHSESSASIATEIEFSQPSMKDKPDVEPTDAQDPTTDGAKERAVSESMGVLHQPERYG,1.0,train,999
57,TSRTRTGVRLPAPGRRTLNPMSSGRKQNTTSGPRGYLDEGKSRGRLGGGNSNRKLGDSSLRGTGPHDEQGESKPRRDDEVRYSDSNEGELGATNPTQDFRPKRRTNNRKVEHPERVDGGSSGRRPRTVRNDGDSNRWGRQEGATSQSAGPNGDGDRENCEKKEDGKVGGADHRISGYQQSEHDRTGSF,0.0,train,999
26,IKNDFGGLIRSISAAAQLLAFKEGLFAKAIFPSPKKIDSPELDDLVLKILDAFHSDDELVNYNKLSEEKIDKESVQKKIMDGEELADQYIAMLMDAPEANVYEILVTAAEVKDEAHLFNMAKANLQAALGDVVSFADESLEDKYVQGMKSDLSERLILQIIAENAFLLKKENEAELGSKRVDLLGERGHLKRIFVPNECCDLVLTPLTSAKLIPA,0.0,train,999
92,VRLPQSELVLETKVEGQNDREMMDEDLSGIETYLDPDQDEFDEPLKYNLKEAFDIKEHEVHERSANAEVETGVPSTKVDKKDLFAGGLDDLPKDQQEAKGPTDMHDSCAGARNGSAVGGGPEAGTAKHSKIKLDKPSQQSEDANVDLIHKLEVSDGPKSKSSDKDMVTPKDRPKIKPNDDYSEAEKLMGETTSDVVEDQDALIFEGASEGSSSEGLPQDVENKRFVDLDKSDEKSPKPMGSKCAP,1.0,train,999
203,HSMNGNNNMRSMQNPNVNDRNMNPIQNPPMNQGQYGINNLFMNNIAGMTMMRVNRGQSLSPYQNGRQNNNIPGSNAPNYSNQPGMQPQGMSR,1.0,train,999
185,EIIFSLTNRVGVFDLLKRTVVTAAGQTRDKESCEPDSPWTVEKATVTVGFVSFAKSRYDPLPILVNHRSFDELTLNTDGVDKTQDTITPYDDKTHCKPKFVDEMYRFLLRKDVLKDSLLRSSGVAQALKSWDNFRYAVGQWGIFFPGIAKGNVQGYAKDGAGRLEMIKCVMVGKSQSRDLNNFEEENRSIPHEGPESESFFYVMRPVEDSSQELCCIPEVVEHKNFQLIGADTTGYMSVKMERLRCERDQKVQMEVAKHDGQIQIREPVSQGMD,1.0,train,999
4,YQSTGPQDQSQSSGPTSGGSQYYYPYGQGSSSGQQNTYQQQSAPGYYQQNQGSYSSGSQSSGYYPTSQQSSGSQNPQGGSYSSYQGYYAQGSSGYQPSYQTQSSSNSTQSSYNQSGMYPGQQYGSSQSQQGTPGQTDTYPGPTSYGGGSASQGQAQQYSQSSY,0.0,train,999
79,HKMQTRPLVVTTEKRGKGVVRDDKDDAGKPPLIGDDLLGPGQAQGGKPGSTPYLSLDVADATDATANSQHGPPFGTDSPIASAGQSSMRKKGSSLPDMPKPVGALKPHKSKAVKIDHKKTAPTSTATEIYDGRIKSKVRAGKKKVQVNIKSTVKSIASTNGGHTVKASLVKKQSSSSTQRIPSPLEGAPNGSRAKKKCHIAGESQHPFIVPPEHPITSALPDSKKSPNPCLAVDSGGKLGGEHGRVRLVKSVTVSTSQPEKNDNVSGKVETNKQGAPPKSVRDPQSNYTLVNRSGKGVLPSIPEGTGASSISKGKNPGPSGTKP,0.0,train,999
40,PAAKATGDGAAQTKLLIMDDRMKDLKKLDEFAVPLEIDKSLLVKIIVNKLLLASDNPKNKDFHEVIALIIEAATEAEVDSLLLGRFLDPLLFSTDPTGLAADGPVIDRAQSNVDAIINYMMLVVDGKLISEDVYAHLACGSKLDIFAKIDLKDKFALFSSLFQLDESENDNGECRVGNNALDVVFLKTEEDFAKKKELRGEKGMLDHAVANYAEQ,0.0,train,999
59,AFKVRSAFAPGEWEEGFQPGGKKQKVQSSDLSLVLRGYSCSRPQDHQETGLFEVATKQGGLPQLIEPQPRLASMNQQIVPLGHGGPCISDGVVGNDQDLKTNTKLSCVTSWDVVGPVNLKQTATALPGPPGPFPSGVVSHGRFVFVGIRGFAEALLALVEKGKKSEGEWKPPLQKHSYIGDTEISGNPPAPPSKSTVCGDLELGERGAGEFPQPLCTSSCQACFEARDDNQWGELPPFCLFQVLTSLVQRPNAQTTAPQNEGGEPGAHSPGEVQSFIPSMGVYEGTGNVEIIFKGPPEPGPPKYNYRLQSAWMFMTKLFLGLAGFELKLLPGRPACRRGNPFEYREGTPEGGEAKVEGPS,0.0,train,999
34,PRGMGRFREGPGQDPRLARGMMVRIFFGGPANRHTMDRLINGAGPPWRGMARNGSDKLGPGRGNSQWAQFMGRRGPGRDGKGPGALGEGGMGRLTGGKMGPFRDGPVGGGPEGGDDPGDKGKNQLPRGPGGPDLGERRGDGKERDGYSGRRETQGPGDGARGDGPNGDTSKGDSVAGLGDMGPRGPPKEFERPDGGAMYMPGEGRPPGSFKPGHGMRRNMGGPENSPYLNKPRDPCRGVGRSGPGGDGWQGNPLPDAGRFSGQTHDEGVRPRRNVFCGLGGMRGFRNEKFPMAGGRIGGCRGSSSGKRPGCMDRPDGGVPFLQDMKPDCGGLSGVGQKGSPGGVNGTGRQYFKGFGGKPGPGPRGDEPKPGM,0.0,train,999
116,QGTTSYNSSYYGGSGQYQGQSGQQQGDGQSDSTGSSGMGSQPNQQSSQSGSYGGQSAQNNQSYGYGPGTGGSYGYQYYGSPYGSQSPSGGYYSGYQGASPSTQSSQSQSGYQSSSYSSQSPGNGDQTSQQQQSQPQGAQSTQGSSGQGYGGQGGSGGTYYQNSQGQSQGSSGYYSQQGSTTPNGMYYPPSGGPSSGYGSGGYGGQAYSQDQ,1.0,train,999
6,SQGGQSTGGQMPSMNTSGSYSGSNQQYSQGGGNQQQGPSGYGGGGTTGSSYTSQPGYYNQYGSQYDQGGSQSGYQGQGQGSGSNGQGGSYGQRYGQQYSSSGGGQGNGYYSQGGSTQYSPAPQPYGGYQQDGQSAPQQDSSYSQSSSAGSSQSSYGGSSGGYGYGDGSSYSDQGTSSSTYQQPPSQQQNAQSTQQYGTYPSSPGGQSYSSGYSQ,0.0,train,999
54,SHEAKVSVETDKIKDRRRVVNKGTAVEFKVRTGEWLHFPSYDESQTREVPKSVLHETVSVVPGLFTDFMINDFDLHGIGKKTREECSKRMYEDCDALAEHMFKFGFQGDNPTRKEYHQRRGQDTPRVDSKTHQSLVVIEADEFVHMLTEDESGAYGRAINMFVKEGGLTIEGSPIIASKVGRQRKK,0.0,train,999
126,MGGYSESASGPRFYYYQGNGGSSMQDESSCSSGSRQYVGGFQGSDGSGLPYTPQGQYYYTGGSEQGGGDNGQTGPGVNMQGGNGYYRQQGGVSQYSPGYGIKSSGPSRYYQGGGQGQYYYHPQGDYSGGQVGPRGTGDNKKGKQTQDAGRNLPPQRSSSGFCQDPNSGDTGKRYGGIGGKTGSQSNRSNVGQGGKTSGSPDRPPRRFNSSGGGSYGKRFGSIYFGSDGKNGRMGGDGTGNSMDGPRNWQGSEGGGYQYNEDGTDGQGNGWQETGGGGEGLSGSNGQGYGGISDRGDGSGAGRGQSSGQDGTPGSYGPGYDQGPQSAAQGSQQGGSESYYSQSQHQAGNSSSTGQESRGNQIKAGDGGRRFGQSTPAGIGGSGSQSRRSRNGTQGDYSGTRGGYGGGSQDGWYGGGGFGGCPGNYCAPFDQIKGTGGTQGGQGTPAGPNKFGRNGGRGQGPRKGAFQSASSSGGSPRYGGIGDGGYQSAGMRNFSRQRSNGM,1.0,train,999
187,VEKDFYNMTESAGKGIEQVHMLLSNKVSELFLMLSDQEALLPAESENWPRILSSEAEGAVEASLITGSYNEADFDLRNKEPLLPDELPPVTKVSVDENVQSNSSDIAFPVSELDRLQTTIVLTDAITNNDVDPPKPSSSHSTVTKALEFSTPIKKRSKAREPHRDTVETLAVFVRKVASKSKQDTARLDSEGKSPSSNKAPLRTNDKIVTAHFLMKPTLDTGESSRATERTENVKSKRDPLYKEDLKAQPKPRPDDNLYVKIFSPSFVEAMQFVLDDTFLQ,1.0,train,999
124,TGDRGPGNSGRQRQSGPGKPSNYGSMSGSDGNGEQMGPSGSGQFNSYSGRGLAGQEMGAGQGGSYGAGGSYGYGPPNDGGGAGSSGDVYSINGYTGGTTGFYNQGFKGGYGKSGGPGYSCQGPGNRDISRKGGHGGTCTSRSYPGPNQGGGSGGGKRQGRNGFQAPGGIQNQQSIGWNGGSGWGRGCEQIDQSRPGYQGSYFQSGSGPGAGPMSRREYSGRGSDSGPSPGSQGDTGNSYGFTYGGSRGSSGQGQGQSYGGQGYSYNQGYSTGQTSGGQQDGSQGYFGDMDGGRDGNPRPPHYSGSRTGRGWDQGGKTKLGGMQRGNRGDYPSQYYSQTGQAPGYNGQGYSSFGSSGFSQGVIDRSGDGTAIARICSNARYDASQGANQQYGGSGRKGQKGGVGGSDNRQNRGYGTYEKQSSQSGQKMEVNQQSQFSSSGGSTYPSDTFKGEGGGGPYGGSDYLDDEGGGQNAPGFQRDSTGKRNPQQQEYTVGG,1.0,train,999
39,IISLAAVQMFTLIDEDTHKERLPERKGKLTCTLSQLDINQLSLTVRSSLNTQVVYKDKTKFSVPYLQVNAGTPVSSLDLGMPLEIKLYGPNDISKDIAANAVSNSSFSSARPSQVAVDFMLVQKPPAWLLPDQENDLGLVDHTSSVTNPLFDELLYLDPEDRGTLALGQETKAVMADVNKFLQAPVENSELKDVEDSNYAAQTTLGSYKKTQSRNTDDANISVQSTEVLWMVKYSINWAEEVDQLVLPNEPMSLKQIKEEMQPNPVFAVIILLVASEDNKSADDTVLAQKTEPFEEFTNFHKHKTFVASGQGPDDMDVISEGDHKVLVSLDQAPAQSFFALDDFPNNFVSKHKNNPKDQLEGAKSFCAEEKFIDSLDLIGEASYQSKIVLGFRSVKSVKLKKDFMFLKEYTQRGETARAIDFSGRGCLQFEKSESVQLESEVIRTDKGMPAAVSDAGQAKLLRSDLRTGDELGTIPAEECLLQKTGAGKTQKDVLSGSAEAKLEKALANCGFKQPIAELSGRSLFKEIFLEKNLPSGSSADIADSSSSNAISIEGALILVSDPPPPLSANLKAGVIFVADVTVLHGTWIAEAANGTVFIVVGEYLDKARNPAAVPLTDFSGAVDDVIEVDCASKGASSGRSWRKEEDDDTGKNGEQLLLVKIILQSVNEVDS,0.0,train,999
18,GGFGDSRPGRGRGDGGNHRRRDQRGPGGRDGRNRGRKTNG,0.0,train,999
150,IAAHKFSGSLSNHSLGQFEEEKSLYEHSGSDDSYSRPLALIRGSTPGNMQLSANAGDSQARSPSPVNISGRTRKTHSLKPSIGPSGDPSGSNHDIHIPPPPGIGNQNDAGGLSILGTEQLQHSFGSKQGQGSWSQQMPKALPFHSSIHGRSNTFHNPAQQHSSAKVFGSSQNYQTWFAGSGLENGASPHLSALQPNDAASTFQNGGPDAFLLWFFPLAAKFHMPPNPAVNNQRTQNSVFNNSSHFEESTIPSHADPQHNISPSPDNPGGKQGHESGSGQAKFLENLPPTLHHLPSTQSRAFTAQEAGHQSQLQWGAKVAWLHNINDSWYIFRPGFDMLHSSTGQAESPSPESIFNRAHMAHNKSPPGIFDPQFDQPKDQRVNESLQNQKPYNFNEQSNARQAPLVPPNR,1.0,train,999
73,FDVVFWEERYFRTGNSHVDVNQELRLYRQYNYGSNCVLRANEIGGPVRDASFHAIHYSAPHSSENFTDLSIEKKAQRAGDIARVKRAALEYGKIIVGEREPEAGVGHILKLGVERGIRNQGEIPEHSLKDLRIDFEEGKGRFVARKANRIHADQCRTERIYVFLVNQTAEIRANDFEMSEYSFSIMIDNEGHWVQGPELFQKVVQESAGLGRDYTSVLLGELLATPLITMHLSDAKEKVSDHTKAGEANLLSEAEYSPYEIGTTKGDKWCGYLRYRSGGSGEYGEVYLDSIEYEGLNMDSSPGIQVVKGKKTISSKEVFGGSGGDQSALIDVLAFDLVEEKVYTYASDPKEDSIRQVTGHTGGVTVVAEDAVKPNINEEGGVAIEIIHCSIDYNASRIVKRRSLDNLHINSVAHHSDIMFGDRSPGSELKARLDRPAKIIICLVSVLPNHQQYAGTVPTCYTIRYKDILPLEPDMVAAMTKQILIQLPQPEGGGVSLGSQIILTSNKLRVRDSTGDITDGAPDPAPIIRHAGLHNEETRVSEWLEKKPITAQTSPEENKRAEPIPRFASDNGDGKNQVERFTRRRRFGGISAEPPASLLIGALLLSQPHSPLARGHNASRDADKRELSPGSFHKPVTDYDFIIPLYQDAAEFKDADITFSRIPRTKIRADDVIKLQTTMVVPSLPDDTFVSIFDVSDWSYETAGYKELEIKEESAMAAHSRDHP,0.0,train,999
134,SFAFALRAVGGPVSVDRGVFLRHEDKGDTYAPFSKGSLAFPSPIQLRQLAFRPGESNRLRVVQEANGTKTDTDESLVLQSEDQDMGFDVINEKQFKTRSIKSIQGEGSQKKGKLAAGDLKVKLALKLVILADEFAKWLSPHDKRGTSFLRKVDIGVYGDLKFNFEQPDLILEKVHGAALSTSLEAMAVSLQNQKTKGEERITNNLEFKGCLVVAISESAKSSAKLDVLLDLCEEGQRFKHPEGFPTASVLLNYLKTNREVYGGTSLPATSLRAVSPEEMQSVLITLQDNVTERLSRYEKGASTAGSEGFPDEVAINENNDRPPSLREEQGVAVSKRSDSDKPKLDEEFQCEDGDTSSISEVSPILPSSQAIEELKITAEYEALHTEETVVLSGLYDCTQDSAGFKFYARALSQSADAMSNLSDIPGINSGQGVLSGFEWKDTAEKAWFGVVAPFSSKYGKQALFPRKQNEFIAARLLDLDLVDGALSAQDYSQEGAAGSVFSGWRILPNEQQKYEVAIMNSSDLASNFVIHNNTPESQANFEKRGAQIASGSIAGFVGLPIITGRGKVSSTRTTKGIGKKNLGILAVDLESDTASEGFLHPNEVLIRGNLMAGKDWAAKKGIPEVETDVAVSGGTPISSPEATIRLSSETSLAQEFRAIPILPAMSLSRLGRGGPIEMVVGSEVGGSFDFGYP,1.0,train,999
202,QDRSYGEHSISALAFASLIDPRQKGQSMKRKKMEDSAIKINNMGMSMGEYASSARRLENDSKQNTSPRPANHKMSGYKPQTHKPSSGHPYVHSMLGRPSKNFPPDESSHPGGMQAAPAQHPMTPSASGYESLPSSTQKGGSKNKAGPQSSHKVTTSYGGMRAGMVEGGMGMEMNGSRNQPVGAMHADPSGSYDQLNTMQALTVRMGLQDMLYLYLVGSGLTTSLGGEERYSPVPLALWEVALGYTGYRQGEMSLSLPANWVAAPCYATGWTPAQMQGVQNPNKGVKLLPVGMKMARMPQNMATNYAHDRRMSPHGRR,1.0,train,999
136,KYVWESNDRDKSFTWDMKSISQHRETGNGKAVAAANHGIGGNMFPIADEFYHQSNTEAVIADQPVVTPAGGAIEGKNYRPPKMSTRGQFSYRQSFQDPQVKKDVLQLYQTVFAGYISEQPPNGVIAPQNSNEGYPVGKYEIQEGKEGPKQQTLPYAMCNDWAQKAANCPGNHSYSYSPFLRFDEVFTTRIGFVEQPKVNKRLSVTSRGQKNYGVAASSSENWNSFSLSYTQSTDKQCYSAPIGVVVLGGYLYFKWKGQEFSMQSRQTPQGQCNTHEHYTMDPQTNAPIIDVVATQAAIVMNQFGTQPVLNSPILEWVMSKGVRMCMERIGTQAGATGWLIHTNQVMQWMFWAWLGQMGGSQCDDAVPGMRGTNPGSGQTGMQTLHF,1.0,train,999
47,NKVVWYDEFSRRSVNSHTKEFDEKFDQRGEGKDMVSVDKKAYEGEKFVDLPKAVKDYRSKMEIEVKLKPEAGACELSLDNPTEEEVAAGDELKECRDKEGPPQELAKEWGSKDKRWSSELKKEVAVEDKNDPGLSQEKPSTQIEDSKVKGYKLFHSGDLELLEKEEEEWTIKDTEKDPEMKNNRI,0.0,train,999
146,GKQQGRGFRQGAQGGYNPKTETYDWKSRNVGGRYDRGRQPNKTQSSMATEEGGAIPLPNRVSKGVASPGKIGAFKQKEPTQADDHLGYGFLKSALEELTPLPMTNSVPSQRVEDVKVKRFARLKCIALYDNGFWKPLGDYSSQGQIQDDARTLFYGYTLQRRYENSEIADSNFAVVLSEGLKGSNGKYFRRRGCKSSSVEGRHKPVSTPISGDYGDYRIGGYGHRETREENGQASKLYISQLRLSFPKAKKTAPHRQGAAYVILEEGTGIRAHYENKSSEKESINEHTMGPTAFAQDAAYDQALRGSGNERKPTHVPQSRRQRSAIKLFRAAGQQAGFYRSNGAAPGKGFYGGFKSMPPVDSQTTGYYWPQGADNHQVQLGGNAPRQLNGASGLMDYLPPDEKAEYDAIRDGPFNRCQYP,1.0,train,999
14,HSKEYSIRNVAHSEEQRRTAKFRRQGFKHTIGVSPDIRIMKGDSAGAEEQLNFRIAEDAVKGIVWEPVPLSYEGVYFATSDMELYWNKESTIAIRDDDKLVKSQEAIAVEIIRGLGREESEAPLDRFINSTQQGSPELEDKHESHYYTQIRDIEDRLRRGFVDQEFCEIQTAARYRHIAEETFIVLAAFRTLGTDCVSLFVHCRVSEEQHPIGRELRYQPKDLNLGLHNMGFDLDFDFSISEEHVSRFQKYRGGVNSWHAIGLRGASKVSQLLDRKKYEELTHDLEGKASSGDRKIPRQNVAASSDSYVSHRGRARAPSKENANTPGESLCRYFLPIFDRITISNLRADDRALQSIGGTRPTVRHDEEKGLAISEDVKFIFGALFWASVALIEQKPGVGLKDIPGSWIRSISGKVV,0.0,train,999
180,GQAENLVEQMYFQQYKKPQVTNQEEYYKKLEAYQQPANDQNKYGYKNPQGQGTQPVVYQLKPSGNQKNGQKIVNPTDVKNDGEQQRQQYQSMYGQTQQQSEEGQSQGKQKSKSPSQESTETQVDKNNQNEAGANGRLAQDEGLKGAFSYGNANGSQLQPKGSTNTLSNAASVNYKHSNEYISAGPGNYAKPNNANTDFVAQQEQEEKYNKQQYLKEIQGYPYEGQNFGETDNEGEKDVPDTEKQPYNEPKMAKY,1.0,train,999
184,AYNLLTIESNVQGIDIISNRLNAQTMVVHRRSMMRNEFQFGKYNGNNPPIQESDPQVEYSTSQLMMYDIAQAAIGNNQNPSQQTCHNQNNGCLPATFTFPVGVAHSADSDPSYASQFENDFHVDGFNLNINGPDISSKQQNSRIKSKSIQNPVLDHSNGQQKRGNPPVQRMNFYQPMEIQANAQVRSRDDDNANSGNFQMNGGECPEAMQMNHYSLQQKASPLAPPLGGYKIMTWGEDAPVDGGSNQEERQYDPPQQQWQPDTANQFLLNNMEDRMFPQQFNGQVLAPLWIDRQQVSVGNFVPRDMAKSHNETQQVFQTTGKNGIMQSFRNQVNFQNQEQSKKAANDEQPSEAQKNNQYTTVEFTGAIPQQLYLIDIFGMIGQDLINANEAVHGIVDQQNVNTLSNEAIGGVRMQGGMQYRNAVRASLSQEQAPVIAGNDDQNMMPNWFKNGN,1.0,train,999
105,ELTLPLFQTSQQGTQALIWAESPMSRSVPRTYGEAGSFMNTSGGIAKPAMSQRSSPSLSPPPIGPSGVRMVLPQSLGRVTTGIALPTAKMSGIGDTSGPPTPLGVLRPVASNQQSAENPSRGTPGESDANGNPRLLLSRDFVMELSSNQTQGPVSPMDIIIPQFGMGYFLQTDDQMKLKEIITPATQIAGSTIGIPKVNSGPIELMMLLGNPVAEAISEQEPPQQALPFLMGSRTGLSHTQMGSLNASRVSNLNVSEHRQQMSQTATINPMQNTNQLPLGVQSLLAISAQQPPTELASSTEANHSPGSRLLEIQGSLQFPQNSTPVTTTPIPTAMAPTMLDTANEIAAGTEQIYIQPQTPVGMISDSGKELNEGGLISMSVNLPTYGQMTQEPGALLQLGSLFGTQQMIQRSPQQPSSTLAFPPATQPGANEGNPPTQDFSSNSIPPAMMTLQNQSAFVQMADPRLQITNAMSIIQPFEQNPAQNRGNSVNNGSTNGAGPLAQAPPAKSGMSSEAPAKPQGSPNLNGNANQNSQQAIAFGMSEPAMHNAKSAAIKFAMRVFQTLASSDPMKATQQ,1.0,train,999
71,FSDWPRRLPQYCSYYHGDDSGPVAGLLRQGSDADSNSSDDLKGTKRSFSGRRGPQDRPGRSGDSGLAFAFSIVSYTSYFDRGDGASDKKSENTQNIKNRWHGGSENEDNKGSIERSFFLVDGDSDKMWLGFESDSDEKSDGDGNSSFLSRSEPEGGGFRSRKSRKAIG,0.0,train,999
49,HDFHDVGLSHAYRKQEE,0.0,train,999
31,TGMGDPSRCDSEPRGFESSPQVYLGSKAEIASMRSIIEPSGGPVRTECSELMSKLDADRLPESVLMDSASPPNPQKLCIEFHVSDPRDSPRLGPGPELESCPAGIDKESPDLDCLAILEAPNSPIDNSRKEKGPGMSPGHKVHAKSYEEDGMSEGQNKQATSEAYFEQSDGDPKLLLESHYVDLSRQKRTSTSRLGQASGGLPAPPAHGDMDLPETSKEESCSSAPYAGRASEFWTFILVFSPWEAALVARPELECCSKCNFELPTVLDGDQSMLNSPVGHDSWPAVEAEGAHTRTFGHLKFGTENGFPSLPADPCLKLATFPSVACGDPTVQSRVALLSGCTLRRGHEEGGWMAPIAQIRGEPEQHCGRAVGKHYHHVLDELAPVWISKARFKPRYPKEPVSLSSSERPAQGERYNVNGKELWDGRRSGACEMGDPYEG,0.0,train,999
58,ASRDYEDELLAHKARAGGIRRSPGPDAPTNGSDEGFEHKRPSPGACADIPVFGFGTAASASTSASGENNGPGSKERAGFGGTPGGDAAAPQLALSTGLAWPGNSQTGQGRHGPEEWLTQKLRLGTGLGPSGKRKQIKINRKLKDPGLNRILKENLLGTDQREHSKQGPMPYLGPGARSTLSMSLQNGGINGNRQSLPPRRCRKQKPGKLEEGNTDQPPPSVQGYAGGHGSRSASGGSGQREGGPKSFGACTVLGEDLAGSASVQCGGTGGVDMFKAENAKSQAKGESEQGNGRKLLKKENAQASGASGGSARYADGWPHREEGDADLRPGAMA,0.0,train,999
197,MIRTGPGGHGQFPELRNGDLLLGGEGAMVDFLRGELIEMQGPEMGGGIAGQRREPTMPCGATPQMNAHLRAVNTIGEPLLGSPPKGKPQPKLEGAIVSPHATDNPGMLAQKRPLRKASDRLRNILVPQARPDPDGPLGPTDHSVPAAGMRRGKPQMAGSPPGKQVPPRAGGQCRAAFGGGGKNRRKTGGTAELVQLLQQSPPLMPAPALIYMLQMRSIMGIKGHASIVVSAGGSTRGRSMRVQPPGESSDDQGQLQPTRAFSLPGNQSNNGMSPPMSAMRPEAPGQGMTGPSQNSSSVPVEEIPNAVEPLEGGPRAPQLAQPRILGGKSGQILPQVMPGRFGVPDMGCEMGVDAATSGGRRLLLHQGMLPGVIHEGTDQSMYGGIEVLPSRLPAPQAIPGKTLLMELIGSEEAQGSPPPDIRQLVMDANQGPARDNHVYIRPGPMVSKQRYISTGGIFQMYESGAGISYIAEIMQDEPIPGEGPLLTEKLQGVASCGQQAPSVEPGIVQLEPTMQRVILDENMDLIAAPGPRFVGSVEISRGVDVDIILHTQRDQGITTKSGPGMLDGSQGEPGEQGRPEGEKILVSPAGQQPQGAVPSTGTDPRQGPVPAQRQYG,1.0,train,999
10,GGNSYGGSRRFGGGFGRGGFGNGSRDGGYGFGDNNGGGGG,0.0,train,999
161,APPLSGEIAENLTHPEGGYYRSKNPTSYEGNNPQPGLPPDTYQAVFAQRQDKRRKPEPDHEQAVSFEEVVLKKGGKLELPDPGGGEEENRPVVKSIPALRAVFNQCPDIPRGESEANMDNQSAKAKKAFAVSQKHDMHVNNMKQIDYRQLFNKFLVEVHLGQIDIKIGKFFRAQQYISGASALRGDQERREVKHTDVMRQGNQMMINQFTSKKDMGAPEEEFMNGAADQIDPYDPSGQCQLKPAEVQACKLNSELSHNQMLEFEQYMGKGVEKLSAQLLYNIFNVAGEDKRTAYESVNGISLIDRTTAFLFKSFPIGAQSEAADSAQPATHRSMYSLMNFQSQSMNFRGSTNVNPILHLKYQIQAGLKSQISIAGYSQAINGAPTVPHPLLQFVQLGKAFREHFYEAKKDEYKLEGWEFYKARSNAHGKMNHARRGNGEAASAMLQSDTKSSQHDLLDEIPGTKIRYTQSKILSTGKAAQYNGQEVEHAVKTVAEMKTAQTEGVYVAEYNDALGPYITFSKDFE,1.0,train,999
36,CMYHTANCLKTKDMHFQVYPQGAALHKFRLMHIHGYPQLIDTGQNKAWQDFLILIQPITLLQVSRNHPDLNTLVQTLFSMGEAFNLPHAIVEHSGFQPLSADIFGTDCYNTTAPEFTDEVIDRGRMDRVEMVIRPRLGELLFVPPRLRAFSLAAALLLTCPAPEFEEGSSTNHQLTIDDRLGTTFTLPEIQIDNNDDLVQQFSKRAPQQQGFFDYFLYETQITMKNAIENPKEQAIHKSPFPPTNNDNRFPFQCRKRSQPSVIINHFPQTQVIKDKKSIKIKEAIISEYSKNKLQLQQQESTTAQYNGPPKSLQSDQTMGAIELDIVTYIENPLTTLVGISQPFTVEAYQVRQVARVFPCSNCLGKQVGITKIENLKKSGDAMAFEMHKLQPAYQKELEQIRELRGGHIRLIHVVEAPVMLNPMRPGQKLRTLNNYIIEIKGSVLKPNKALRTHETQGTVTTKEFLGQKLVWNQADLIPAMVFNPLNLPNVALGDYSDSIQKTSYR,0.0,train,999
56,NNGGFVGEILIFFIELHSNTPKNMASYVLLADYQKILFIVSGEKRTYDESKKRKNHHADMFGLEDKVDFEGPWAKYGIGLTSDAPTPIMQNVCEIGDTYKGDLGDTGPFLLAYEDLLGGYGGNKNYFHPNGGVRIKIKGKEGSLSQDMVGVATDYLVHVDHLLVVKKTELTHDPDHEVNIVTQQSNTSDDTSRETMQEEKYVKFFLNPLKNECFYALPRRKFIGVQTTPDLMVQTKEHV,0.0,train,999
32,QMQGKTFSQEYEVIRSGGIWFEARHFATDQSQPKFGRGHFHHSTKERKVSKVDGSSIHFAGFRKLIKARKMLLKEAVSLSEHEGLSRRGLIRDRVVHMEYFTNETEGAVSTETKRCAYRVDTRVIDAQDDVGPGKYTEDVYRNDEREMSPFFLKVRGVIQVADALTEEGEEPPDNKGDEKIMKAIEVFS,0.0,train,999
2,GLGNAGVRRGRGDSRGNKGSGPCGGSDSNGRDRYVVVAFFHYGSSESVGEGPSGLSSHITFVDRGLRTAKIMPNGSKKTLGMAKYKGQIRIEKRTLQNNGRHGQDGGKYGFYNDEASSSGNMGGGWNKLPGRFSREGDFGVIGGGRKARSFGFIGPSYTTGDGYGPGDGEMGYKVVGDMAGGQGSSEQSERHNGQNYFGVGGTVYFEVPECHPRNGRSESHKDQNGSRYGGFINKTFFGDESAFVDGSVNKSLFEKSSPYQEVKDNRHTGRGTQTAVALGEEDTAGDMGSNIFGKRNREFFQFDRSSGGFGFSVEFSKHS,0.0,train,999
89,KYKTLVVSWLIKFLRSCTDSSLSNKGSLGTGFVSDKDLAEAKGSPVAFEGSRKGQEGLGFRVMGYSACKASQQKNMNKDWNKGEGVLANEKYPDDKVATQARGWELGEHGANGGVDRESLSPSCNINPAGGLSGVASSAERTPFDVSSVPNFPQFKIESSRYQSGVGPLGLIAKTVVESTRGQLYPDDDMFRGADDQGEVQGPILGFSSRDFVRRLAPEYPDVKFPTSGVQNVSKRRVVKQSSVVLDSESEIQNAQGLLPKIDLKVRENGLESSQLSFRGLGHNIKDGGQGKSGTTDDVLGKGTFIEATVDEGHVGEQLADVGANLASQAGTAFGSGMGDENSFMTQSGETTISSDATDNGSVSGSPPKYQGKGSSLAETLIESSNLDRGDKTLERQNLRSFRHTIVSLTAESDLEGENVATPQQVEVILVKWTGQSYQRGAIGGADALGQELTREQVTPYVPYTDILGIVIPLFAPDGWIKVFKPQAGNESEVGRDCPLKPGAESLATSPYYDGF,1.0,train,999
84,LVQDVKCAKLQDKGCSVKYGEGKTQKKTTVVETVATGDASENHKVKKKGESLDLVRCQPSAFIAVKAGITGPIPENHALEKKRDSHTILVVRKPYTIPVPGDINREGTEKEAVLALTEWTEIPEEGSEDPQAEIQPDLKKEMFKSIEIPGETVIIVKMMNIAVEGKTLTSQPVMNKTTVQTVRRITEKLGVRKHEEEKYISNKNDLYYKKKSQGGVADTPINDNTQSEETKPKVENRQEAEFLYETTLKDMEADALKYGNEKSSADGSYNGADEIKAQPLMALKKSIESMGIYKDTAEWVATCAARRHPQVGDVVKNSHEALVHAFHSEPMTTMSHKEKLLIKQMAISIQMDMIGAAGGIGLGIFKKSFFGFKYNWMKDLMILLHERPAVLYSPSKRYAKELVNSEGVVGKFDVQENEKFNSKMRHITGPVHQETVYVIETEVNESVGLTNTGKEGTKDVGTVAPANLKEASGSTYLTIVGLFWVDSMKSAEDSEPVPLDAQLHTNPKQDGVVKFKRNIKKEENAKEQLETEDIGTEFMFVMNQKEDGGRVACDRVPGKYVNGLVIKAPKV,1.0,train,999
11,PGGVGYWAPFYSNPGQPYWQASQNMYGQPGQMSGMSTQQGPAGTQVQGPGVNQWWGARLYVEQNWNPNAPIGYYYNNQIQYPQGPQQMQNQIMQQQG,0.0,train,999
98,KGEPMAITDGHPPPQQSQDGHPVFPPIPGIKKGGYRLQFYISPDPEQVTPKPDSIGMPTISLKRSGPQMVTHHPMELPLTPMDIGAAPMMAGTNPMYPGPVGQGPMMPGAAHGAPTGEGTKSTTLLQPATDIQIMSLHPRPDKNYGRQMTMSPSNTQTLEIGAFMPGLDLQAKIETVGSQAIKPQLGDSHASEYPPYMPSGPPEGPQKRPPMPARSQLVVARGIPEAPFDPPYDSKVMHSRGGRMTAAGVDFPRNAVMPSMKQRMRQETNPGGIPHPLTVRGGQTGLALGLITQSEASTVHLPPFSRPAAPIPQGIGQAQTPSVMNDGAPPPTVFIQGSMDPLMPTRPKPTLTNAHPGVQSTAQTGLASTKTMAPPPPSDMPGLPQEHSPALST,1.0,train,999
81,LDKNVSLIKHHGGLFLQDKSKKQNTGSKIPVDKGEIGSPGSERVMNCGDLKQVKVVENDTKDPKNPIQGHNNLGGSISIVPQQGQSKGTGTVVVIVSNPDSGPVGLSSHKIGKKAKGYKPKKVLCH,0.0,train,999
130,RQTGFKPYACSVAATRQRPGPKGPMSSQQYAGVTDVDLTYSAGQSSETSPTMGGPGSFGQVEVYGPCYRGNPDKGNSLPRSGGMGQQQRGPPMPPQKGGTSGPGLQGDRDPTYAPGEDSPFGQSRKQGFYQGQRYGPTEGAEPGEDMMAGPGSSPAGSGAGGPPNWKPGGTLPTGDPPMTGRVPRRGGQGDDYYPSGDGDTSDSNVPYREGQSPGRSVRQVRHSPPTPTQPPDGGRPGIRYYRGDGSAAYGDQRAGFNGDYQGVQTLGDGLATSQGKQTMYKGLGQRTRYGGQYQPPGPYSHYQPRMAVDGDAQPFRYDDQMTPDGPDFPNKRPAGQAQNSYPRQDFMYRKFGCSYPPGGNPPYPGQQNLSQGMYQTAGTAGPKRYYTYKSGGAPGQGPPSGMMGVSTPAETTGDQSERGTGQMSFQGSGRAKQPGYRGRPGAGADGQGTTPVSWPPPSPSQELGTLGRGPDGMFRYGGGQRSFGYGISSALRPQGAYRESRGGQMPRGQIKGAVQTSGNQGATGQPRQYYKAGYGCEGPKGMGQSGYTRGNTLSTTKGYGFERQASWTDSSPYDARTQDAGNFTPAMGCKTGYGPGGGYGNAMSSTQLGSTSTMFYLVSGHQGSQPNARGPSNGGPESTNSNHRESTAQDSPGGA,1.0,train,999
145,EANMGEFGVGLYGGCYGVGINKKGVGYKSRFGRPRESYTDCGEGGGNQDQSKVRKMEHQAGDGGRMFGRFKGPRRKPFPVGRGYVGGGGKGYTEGHGAVESLRDVFFESYYFVYRDISGYERGMGRPELNGGRGSNHSKYQGGRSGGMYPSVFGYQASDSDERGGAQPEEGGKFPQRSPQEQGKLRKGGTRGGRFDLDKKVTNYGTASITRERGKYDGRSVGRGSSFNGQGTRGGALGGSNEVCTGDRYFEKGGGDDGPGKYGNDGEGCGGSVGSYGSNYGGYGLEHAKGKDVGGGVFTFGTNNPHKDGGGDPPVGDYMWSNGINFRNGGKFPRTYVGPGGGQHDIFGEGDIGGSIHGGGNEMENSGLGRGGFSGTVQ,1.0,train,999
208,QSLNGQNDNKNYPAQYQPGNNNSNKRHSTYENNNYYQGNNLHRPERNNANGAFYSKYYYNSQPNNYNQNGKNKYQAFGDHRNNKN,1.0,train,999
37,LPTPDLAESKDDRADFVTEMYLAGPGADLEMEDYAEEIGHLYGGKDPEKRGTQDYPGKIKGLAAYMDLFYVAPIIRIVVASNLPHELRPEEDRIGMSVRKKTEAISGLIGSTRLTIEEIAKHFRHNKGAEKVDVMLEVDITGEEPDATQLKSIIKGGAHPVNRKQVHRAHTALAGKDVDKQGRGVVFHFLCQRYGVMTMVHKEALPDSSVIHDNVQSQGAVRSGGQVLVKRGTK,0.0,train,999
27,ENAASTSGIGPFASVYQGRLVLSEPEETEAPELVDEQLGELMAQPLAAPKSLFGRSADLVSSGSRFESAIGASGDAHSLSKGKYTEDHDDEIRTNRSEGVTGIAEGRLSEREEDSVQRKPSKKGLARTQSGKFSAFKRKVSGRQRGDQSILAPATPPGSSQVVLYDSTLGNSNFSSFSFSTEFSLGMVTFEGHENVSESVFRRRGDTAEGPLNGREEENEQFPLTRLPATTPVQAFQIRSAVDAVFGPAEPYEGRKLLELSSLESLQKQFTRFDNNAQDIDFAKKQKATPFTGTHQMVLAPSWSTNTITDNLVEGVAVVNWSENIGQSVLSVDYDSVGQSYSGLVAKVIVVVFGRCGISFIQDGEFGGTDNEGNGSGTLAIRGTLSSDLGTKCPEIRISYPWAGTVKASGGQADLRINYTGGGTLLIGLEGPPSIKSKSPVVTQGKGSASWGIFVKPRRFAQKDGQSAWPSLLSSKVAK,0.0,test,1
163,QYRIGNAKIALVQMLFVEAEEQNKRKEGFDLAQQTFVETERDSIAAYVNREAEKGLNFHLKPVKSPLALEPSNQGLESQYKHSREAVFAQYGNPVEAHFFGKMRQEGGKLEQAMAERLGVGYGTPEKLGQLDSKQFVMANRHLQFDFMVFELKFPDVVKATGASALMVNSDLDQSREGQMFISPHNSGNLEMNFIYISGNDTGPAPAALFKNRPNAEATGAGQEYTPYKTSVKEQKSNKGQYDGQEKDLQNRFGPKMINGAAKKNNHLAPGAEDIMADKASYLTLYEEEFAQAQYGKNGGAENLQSAPMMTPAQYNNRNSKSISTDAKPHQTQHDVANIQEEFEVKEKIHMDHGDNTHVEQAKLNGYKFEPDQKALFESTDDPHKYGGSNTFLQYKARPNETQPSKFCPEKADVFVQYRQGAAYHVIKGQPKIIVAAPEPIKGMLVQSSEVPAHHYVKIGRFLFEMEGFLKELS,1.0,test,1
25,DVDAASINENEDLPVLLAELNIAVCQQVEEVLLKVALSDGIWRLSSFDDRVGFKKLVIDTGNNIQKITKDMVVIKYVKLTWSNALGDIQRRSLIELDALSADLNTDLFTNSYKTAGGALAPDFEEEPTQENKQFETAVKVSSSDIDSILIDERLAFILILTAGPLRLSSPSGPATQEMEEPAEGSQNIVVLKRGKGMEINHYPKFDGIPSLDKKVKLQEPLVIVKAEMFEAEPQQVIKDVKPSLLPLAAGLRPSNKNGKTTLFVLSHLLLNMEYAVAVPLFFSEGQAQVRSFEVGMYTHSLFAEIDRCARDSTFEFDWSTEFQASKVVTEKSHASDEPQSGKAAGECAHPNQSKLTPLESDFVKDKAVLLVDLKAAIEQALIQEELIQFYIEDKWSSIAWRQNVDPVPPITKLFSQLAFIVSSTTSKDNDEARAGPESKTANFVGNDKQSQPTKALNTLVEVPAESDTRTSPELIASILNEKKQLEEAAAESPKDTIYSSLGTGFQHSKFVLAIELKSLTAILLSHSVFEKKSQCRGEFAPEAFENVDGFRANRSPFKSLVPPGSAENASGSTAVLERKVAGSKLIVLSSLAESPDTSFVQMIQEEFTMSLASLSEVALA,0.0,test,0
22,VMRLPFMETSPSMPEMSGTAPSPVEAGEQASLILTYEFFSIPPQPGGHLASQEPSSTQGANSTESQMTPSPGLTQMLGDISGHEAVGQVQDEQGAGNSNASTAENPMQKTGLSVLQPVTSPGSRATLLSQSKFRASTRGLAALNMQAINGTQRQNLLQGASDSNRPPGGSMTQDNPPGNMSSSMPVISQRATGRILEPPEWQTPASLPSAKKQVSLAPGIMTYNGPVAQSGMIAILIAAMPTTFQPSDNSNNGTPVRRNMDPIFAAMTTGNLIPPMAQIRVKGNPMSMGQNGLMASTVGNMELGQPMPNAIQNNPQTLQPSNRDDAAPQFVGLTPTANQSESFQPTNTIYMVIMEPPFNKILTQQNIAVKRINMQGAKQQQPQLAGTLNASLMILEQADGSILARSLIQPPPGLTAQQSNQGQKLTTSIASQRSTQPPMVITGIGSLFSSDHQQPSELMELVFANFETLPPTQTNHEASPGAQSSIKSIMGSTPEADRASEKSQSLNAGGTLLGPIPIFNGPQTPPSEFLRPLIFSASLYPANGPTLMQASPPVQSSGQQASIVQPLGAGTLEALN,0.0,test,1
143,QILDTPGGRKEVLEDNREGNVPGPKVIGNEQEAGTSVQGYKYKDVMSYHLGTDLPADGMKVSGNGYQVQIGGNDQLGLGAQKKNGLIVNASGRESLRELSIGGLGMYIRVDYEGGRIRGIGGIKGPLYEDREHPAGRVGGSERTGKMFFRLRAILWADENGAFIPYNDLTFGQVAYMMGNASLSQDSSLNNIKISLGPRGEAGGRERRLALYTAEGFIRGKDRKEDLPLEDGFSGRQRSNLQFPPDGVPRNLILDSGIRSDGLSASNLQQNVGGERVEGALGSEGGNMSKRGGGGYACHIARNEMQDRNTRPMEWRYPGANQSGDQTPIEGAACYSENGDSYSSRPTFCGADTQQGRVSGSNGMHTGADAHNMYGWGSGDVNNNGHGGWQRHDGNITRRPSYGLRLTVAFGFNFAMFAPAFGRRPDGTNGGGKGFGANLYGDAGWGSNNDRYARAGVSRNGESRRGDGLNLDQLNSRVYRVALEEGGQPEEFGDESVGGRGGQRGGQPDVYGNGIEIDRDRVIQWNITEERSAQGRVGRTQRDLSGDLEDSRGRQRDVRLLWSDKSVLGEAQHHTQDSQGNGRVNGRTYGNVGGFDPLFTQGDMIGGEKDGNGYRSDGTLYGNQAGTLNRANGLHSLGIQGKITRGYSGDAASLCFYKDDGRGFYQRKNRISFLLATTDRDGLNSVGYVPGLDERGKPQAYRDIDGGN,1.0,test,1
72,SASSRVLWVRGVHTELQGRAASTAPSLEKLLQVEQRNRLDITLPERTDNSTPSTELALAELHFGVRQNVERRLPSSLNQYRKPAGGDEDASSGETRGYFAGTAVSLSSKCGAIIQRLISHVWSVNHVVVFADSRSQEEEAGRLEKRTAHRLTQSQGGCVSSPPDKSPPPLSIDESAGPSVVLSPLQRVYWISAEVASASLYPVETNRYLAADFDKEGTLTSIQIAYVLSFGGPACAQSSPVSETVHRAQTPLLLQSSGERSERRLSGEASPQRADRLRNAVKQLESSASQRIIRQIFVEISQRSSGYIGNQAAEGCSISLNRQSGNPETSTNYAGVGSRYHQGK,0.0,test,1
193,DGVDRQSRMVQNGSGSTVFVGGNRIHGGGPGGFGGKLGSQMEKVSNAGGFAGGFYSVGVGFKIDHTEGQSLGGEARGSRTGHMYTASIGNIFGFITHARKDNNSSKNLFSFKSRFKPDYEEGGLKDFTKSGVSTSRSASNMGFSKNPYGSNSKDDSSYPKFSVGRNVTYTQSGGPEFGHGRGCSGGFYKYEGKSRFGGATGHEEGEHPRSMGLVDDRNYGERISNGLGRRERGRKPDQQDVGWTPRPRFEVGLCDYEAIGAGGDHKRIRVQYMGNRVQSFDQNENEYGGAGGRFGTKLGSFGVESESKAVD,1.0,test,1
41,GSGWPTAGTDGGDAPDEGYKRDLNYDGTAGQGDGVEQYPPGMADGTFQSSSYTVAGTALGFGGREPAGAGAKSGGYAGPVQPGSGGGGDGAQGSGRGGGSRGSRGVRMSTPWGGFYPGRGGNSRGDPKRVGGDGEQSKTAEQSTYPGPGFIRKRFRTDAGE,0.0,test,0
83,MQKQQQPQPLQNRTQQDYVAPQRQSSTMQNQKTYTSQQYPNSGRKAQGGSPGLQQYQSQGQPHFGHKKLQQEQTQGRHPDNANYGVQQQQPQQVQLQSNAVNFQVQQHQADQVMQQKDGQGMVSGQKQQQPSQQQQHLNQQQQMQQSSGSPLQQVHSSVQPHQQQQAVSIPAQQGSQRAPATQSQPQQKPPPGMSSPQAQGMNTEQQGSNMYMPAALMPPPQPLRQNPGVQHTMGQNSSHQYMQQGPGRVPNDQPQNQPHVMSGGENQTPQRRSIDQQQKHNAHPSTGVVGSPGQQPSPLLSGGQQTYHHHNVLSLQVSLGASQQPQAGHQGQSQGINNHQYQGLGQQQGSPQGQSLNQMQQVLPLNGLQGAGQRNSPSSAAKSQHVGQPPSKLHQQTQG,0.0,test,1
29,MVLTKSIGASILGVFSIKFTNLILSDTIIIISDQPEECGTVADVNPAIPQVVLGTSTNDYTIADSILPTGIQRPEYIGQQLINVVLNALLATQNQATGAVRNQPTLAMPADAVHSKLLVNEVKVVGSNHRKPSDTKIGLACAHDLGVVRKFGVIWSANRKQAMDTAKGDAVLKHEPPLSLYFTISKDKFVDATGGHDISTDELCKWAVPISTLPNSFKRDNFALLILNVLGNAHGPNQISIARLRRWSKQQIIEEAGFVLNSGYQASLNLTAQTLLNELLLLQVSDFASKVTFVFNLGTVASTKLLALNTSVKNANSSLVSESTGTQGQLH,0.0,test,1
53,GNTPKSQINDSSPYAQAMMDLQHEFLVNTGSPDQFSGASDNIQGSQIESQNTSVDQPLGQESSTQQGSVQLQGNVVPPSNTAQRASPKQYLYDKQQPPQHLSQTMQNVPLNTNSQFGVDEEPGTILSSSVSQSRPGEMQHNQVTGAGGTGGLANQKPNESHVGTGHTFTNQQQSLLQSQYLRLLHQRKSASFLNSANPYTEPITYLQLNQQPPPKLHNQPNQQAGQFDNVEAQVGQQIVQNPTGSAPGSQVQPNPSTVSSSGQDNQLVQSSQQLTSLASTQHSPPNQNMGVPAQSNSAGPVSATTSQPQIQTAFTTTIQGNLNRSRIQKSLTQESQSTPGSKELSQHIRAPTEKSNQGAQRTQPASQGQQHGSQQSFNFQPQHSQPQSQSYTIHQSCGNHQITVEGPTQQPTTLPKPGSIDSRQQNSAPDRQNHSSYSDTARSHIGSQLQASHAFSVHSQGRVSPQFLQMGQCNLEKASQGMNLLGNPHLKQNQLAVLHQTLPHSGANHLSPGVAMANPAFSTASIVLNSELQQMLGSSNAQQYSRALATGQLHMAHQLAGLVQLAHSGPSAAASIMRQFLPWNPANLTSHLKIVLAIYVPQTQSMQQWPTFQQPQGHPSNHGNQSHPQAQSMYQPLPST,0.0,test,1
90,DSGGNPRSGGSSGGRGRNNYYGDEGRPGRRENGNAGDGYGSSGNGGGRFGNGDGDYSRRAGRDGAANSNDGGGGGDGRYGASGRNGRRGDNNDGGDGNYGLYGARNNNGDRGGRYGNGNDQDSGQNGASEVGDYDGDRNSGGGNRNRGRGYLGYGGANGRRARGGHG,1.0,test,0
82,VDLQTEASGNPKPSEISLVGIKLKHPSVIKKQSLAVGDDFVKPASIQETKVGTPTKKKISKRSLSDIPHGVGVECLPHVFAQSVMDIPLSLIKAGTSGGEPLHKPNHSQKQKNKVIVKSKSKNQSAVGSVDGVGTEGADHGINTANRSSYSLDLKGLTPHIDDQTHDKVKGNSSVLMYEQGNGVRNGCDLKVNGKKTG,0.0,test,0
213,GAGFRMGGWFGRGGRRSGGGSYRQFRGRGGPGGRGGRDGGDSFSGGGRGRRKRCGRNGAMDQGGRGGGDNNYDNGGEGHEGYNGPYPKGFEMYQGPRGGMTPGRGSRRNGKGDCRRRCAGGHDDGEPGGRCGPGDGDGGQGGKGNGNWPGRRPGGP,1.0,test,1
66,EHSSSETSGNHHASAQTGEHHSQNGGRSHTVVRTSTGQQSQNLMTVNHAHHPHTQTVSEQMSPHNQTSHSVHSQDSTPTRTSRGQRTTSSSVHFSHQFAPHHGHESTTQSSTEGTPTVQWSSSARDTSGLVPSNYGLGVGHSACSQSSAHHDMGASQTSGHPSPSSHNHSMQNSFGQPPNHHVRLRTASAAANPYH,0.0,test,0
156,EKQVGNSASNGEVNERNCSFPLREGIRDIKDSKSSQGSQHSGYLGKLGFGNTFKHKKLIEEALINKSDDAVYIASRLVAFQANTNDTTRYFANITGLLYESKKFQQTAGLDWAKLLACMVDRQDNGAHSNELAGEDKQDHKADAKDLPFKYTLGRFIAKYEYELEADNNGAFHNSYVLLPILAGKPEKDVIEHQLKKGTNGVRTSEITDIESNYDMESVSHYYISIDAEARQSASMQFSVQKSYNHSLTKLPKKARMDGEDHFEVEFEGEEHNIPNQHEDKGGLSAHIATMEHNASKFVSLSKYPLESLIRVKVRHEAVSDVKIGFAELQAYYIHQSLEHG,1.0,test,1
125,RNNGPYGGPGTVEGPQRPPRLSGFGQSDGTGDSTRGEVYQSPGGRGRSSEDLGGSQGFGFGTINQGMKGSRANGYGGYNSSGASKDGGGQSDPYGGFGFFKSGRSKDGSSVGGRIYQQKGSIGDGSASGGRSDGSSLEQHQDGPSVGIGQGKSFPGAAMRPESGGGQPDSGGGQHDKMYGYQSQTPQQTRAGQQGQTSQTSEGIGGGGGGQRYYGDNDGYSGGNSGQKRQGYSYGQGGRCGQTRPNSWTRMSAGYGSYGSMIGRNYGGYGCYSQNDGVGQDCSSGMGPSGDSIGCRQGGGYYGPNQPGYYQQGDPRTGNYGSAGNNQGGGPGGRGYWGRGIGQSGTGGQGGAQTFSGYSNDRAYGKTNGSYGDYSNGGRPGSSGYTEGSTASGPFDKNGYNSQGSGGGQRGGMFGGWQTQYPFYPPESQGQRGSNSSGGQDQGGGSSTNSQPGQRKSSAYPQSSRRYGGSGNRDTGGESQYGQGSDAGRKNKGNFGGQGQ,1.0,test,1
117,SYQSSQQQSGYYYQGGGSGGPSGGSQSSGGDPQGGQGQDSGSSGQNGMGQYSSYQQGYNSTGYSSSPPQQQTTQGYSSYGGSSGDSGGQGPRQGYYSSYPPGYYGYSYSSNSGYSSGGGGTGSAQGGQPGGSYYGQSQSGTSSQQQQSGGQGSSSGQGQTQGGQRRSQNTAANQSQSGYSRGGQGQGNTPGYYGGGNYSTPGGGQQGQQGQSYTSGGNYGQPGADYSSSSGDGSSMY,1.0,test,1
20,GAPGAQPIQAAPNSGAFTSQLFTNVGPQAGPGNMQGDNTGEPNQGIAEGEVIILMFAAGQNPGQPVLEQPPPSAAGQLSEPPGVITRLPSSIVTPSPTAAGLLPTPTTSAITRTFPNGGIIGGQQALPSISPVRLPEI,0.0,test,0
131,VLAGEYPKHFSKTLKRNEICYDQWGKSYKFGLDPYIGILPIPKYACITGATRFALARTAGLAMTAVNTLTAGLDSATAMTTEGTSATNYLMIRNIFDDLEALVCHDDAPNPMEKNLVPFITQQSAGRPCQGGCKMNCGGAIGSNRLGIKTIPLVNIYLPYYRSEHAIEGVTLDHITVSNLDGVNTGLRHGVLGWAAARNKFPFANTSESNTPDDGFGKACLRASNNLIVSLLEIEKKIQVLRIVLMFRPASLPWIVNCIIIALIKSPFKVIDIRAFKSAFVWQSVGRVTLSLGTYISFQSMSLTHESRARSNARYAAKCSALCKPYLTRDQLAEVLTVARVGDPCTFAQVALVADLRRKPLNGRGSFPPLMWWIAPDLLKEILPCLIGPVSGVTCEFSCVEKTGVWLLPVARVSLAAVFLLL,1.0,test,1
122,QGDGTYRGGQSQPQKTFWFGRYSLGTVQSSQFGSGGRPGGGQSDTGGGGSQSWSQGGGDGRIDAGSGYRQNSPSTGYNSQSSYSQQGSYGYSGGYYDSTDRQRGGPNLQPGGNEGYYFDQQQSGRNSQGFENVRDGQGQGHPNKSQSDPKAMYSGPYSYMEGGYSGVSQGGDEGIPTGNYNQQRSYNYGGYMNGGSSNQGQIGRGQVSQGGRYGGGSGTSRPQGGGQGSSQTGTTSGESGSGREYSQYSYKQGGQMAQPGGGGSFTGYPSRMPVQTAQSNGQQGGGSGYPGGYNPSNKGGIGSQYPGGSIKYLSTRDPFSCGIFGCDYPGSGKQTFARDQQQSGDNGKNATPSEYADGSGGNPQGSSKGSEQNGQGGISIAGGGGGPQDRYSGFFGNGYGCPATGGRERGRSMGSWSTSDGGASGTGGSKNKGASSKNDAGRPNKGGCGQQA,1.0,test,1
173,PAPKFGGTFAQFPVYAGQCDWGPHRQWPHQGMTWVPGRKPAPSPPFKGRNTRNFPVSPDDPFFGTPGRAKPGPVHHGQNPMATGDGLAPIKGFMPPAADGDSRTVANVFYNGAGAKDTSYERVKMRQAVKPQCRQSPYKGLSSPGGTKGMSTSPIGPSWNMQSNFSPAPSHFPVFTVAVSSQQGFLGTGGRGTQYQYPLDSYGGQQPPTQPEIPSAGRPGQKALPQPPREKVMGVRPPGESPGISGIPGILVYPHPGVPNSNDTFSYDREPPQPAEPEPVPTGPVPANVPVGQPKKPSSFGGEGDGNACQNREELVTQQGGGYDGARSGPPIMGPDVGSPKWIFGDQFDFAIYGGTFPQEKFGPQFKPWEYQPQGRKAERYGIFGCDPGYADAPFSPGFNDVEVPL,1.0,test,1
16,NGSAGQSGGQGASSGDSGLFQWGNGGGSSAMNSGPASMAPNSFQFLSGGNFAGNGEGNFRGYGGIQNLGGMAQSGSGNQGNGPSGAPMGMFGQQSGRSRMWQFKSASNSMEGAAIRRGGASSGLSSMMGQQNANWNNGGFNNMNAGN,0.0,test,1
68,CDRDARPVCRPEGDSQRDPFRREPKRESEPEDTVRDDNQDNGQKLGRLAAPLSLRPELNYKYVVVNKSSGVPFTHFHPIYALPNARINNVTHVREDHGSEGTQSDIKLEMKPGGDRNLRMSQIRAYTKKERMVEWKQLELPLEDKDNRDAATLERDRIDSVSQDGLLMRTGDIDSVTQKRKPEGRVSRADQSADGLHLVGRTEEVRYNESQSKVSVGRNLKGMDINTGTEGKRLVGPMQIQSQFKCSAETALRQLIIVPGTHPGESAGIEEKFLSQKGFLVVDSLAPGAISVRRSPALAFKTEGMPNSYDGLTPKSVTRWGPVKVRFFFEGRWKYLHGVVARQEHCTARAAHGMHFNLERKFAERTDEFDDFVVDENDGEGGDDIAGDNSVGKVLHFYQVVAVTIDLQNEVPGISPIESVSSNYKGGGYELFTQGAVNNKRAENDEERLAQSNVLSNMANTISNDYERGPDKVSANRLEEINKITEREIYTAARLQSVQVPLSHNTQSFRTIEEKEQGNFSRPEEEWQVPIKVEWGYAGENFIRKDSNKEKTSNHKATSASVRVTKHERDGGRIEKSPDVNIKRCTEMPANRNERHDPYLVLSCDGQKNVKAQVIVHKIKINFGLGPRKQPS,0.0,test,1
80,KGRKGLTPTEETMTAQETPPALHDGADAGDFLEAYYEETGGMDDGTQKEEPGGSPAIGDTDEERGSQIVGEESHQAQPETPDDEQDAAGHEGTPQPTKEPSSDMESATDAVALTEVL,0.0,test,0
164,AANAHMAGPHDGGHEGLGLGSALGGGGDLHQATAKLIHLEPVHTVGLLGGGGGAGHAGAIGAAEFGAAAYGANGLYHVGAGGEGFAFAGYAALNHAAFGLHVGDGGAYAAAGLGHYVLDAFGGFDLHNSVLLVFVFALGHAFACFGGYGSLGHHGVGGGAAGGGVYGYAHQGHHAFHGS,1.0,test,0
171,RLLRAPFKDANMAAPTVRIDNFSEGIQSPSSDLPYVFSALTLWFEQEPPPDNAEGSIIVSGAFSPRITHQENAQGQAPNNEPSGDPVEACFAITSAFRKFSESHIASQLSAPPLKTNPTDRCQMLEFTVPHVGPDLSASADSGEPQMGGSSGMAGSPPENGAVGKKPVELDNLVSTKKGWSQCQSARAAHPQHSGLSKCRVYLANLSVSDVPVFQDSLLRGIGSWQRAYAQPVKDALKDGPIPPSIQETTGRGQAIDTVYIVKSPSIGPPMAQPFPHADLKEAPQPVFLNKLGQPTSPRKPPALLYSTAAIGTQYDMTAQFLLGRTITDRATPYFQITPVPSSIFDALDVQDPVLRFKFRTVNSYSMPESQYELGKESQKEEPSDGNALYSATRMAEKVSGRNSPPKMSLEPNSSQSKRPQKKGTPDQSNVISDPSLPLVRNDDDAEPYLFAMASKDWHLRKVSPPIKRTMEKAYDQVPTPAVRLKISTEASSLPGGVIHFQNGMSSLLKMPFYFCSPHFMHLRAAILLSAAMQRAGGSGAVVFMFLEQTPPAPPAPPLAKYAGKTGPSPPVPRKHQHYQAS,1.0,test,0
189,GDFGGPSQGRNGGRVARRRYANGFSNAGLKDKSFQGSPNGRVTGPSVVSDGKHVFRGKYFSDSTHTQTSARRGSGCKGYNGQEGGIKGKTQVKGGESGIGTHSRSYFFRCYDPQGGAYGFLSHGYEGMSEKNRDGGKFSERRGHFQDNKGEGSPTDPTSEVLAFGGVFNMKGNGIFGQVRGKFGSSNVALFSDGGGRKVTMMSQTPQSFDGFGEGDGFDKVKDQHTRGRACPSDKWGRNPGRDMRADLLIAVGEVSGGYNGIVGYILVFPHEAHSGTMKEGEGEGSYEYLFNDVDEVRYISFNNENSGNEFGSSTGIKST,1.0,test,1
55,DSDARFFQKSVKFLVKEQLHSKLADEEPVSLNMSKNDTCETQDGDEEPQVVEGLEAPLSSGGEDEAPAYKEATVGMPDELRPKLKMASKVVPDIQADNKKEIWKQDPNIEIDSGEDSDKALPVSDATCQPGSFSPSSFVKSQEASDGSEQQGAIMRKDRVALKTDLTMEPEQEAGLNGSYYDDDCSPDRHVDAIKIVIATVGEELDSSMPKKGEEKKNDRTNVDLEHVDGHKAEEGPFSDSPIKRFDSGKMGNKEKSDQYLVLKAPKEMLHLLKDKKWDIKDERTETAGQVKND,0.0,test,0
168,MVSNMGRNLEYDPSGVQAMRVGNNYGRFGYYPPGRGGKPARPGSMFASGRSHSYLAVEVAGKHGNGKMSSESEMFEQQGPGGRIVAAGMLGGRTAGGRYEVNGGYSGDYEKAYIVMGYRYDENYRFDKIGFSVGYESIIPFSFVLNDLCEFLTNMVHMVARLRINSGQSGIGTHGAPSTRRRAYGISGSLMVRDRTDMVMSPSNSYVQGGSCHVAEFEGDGGTRSEFFGVRYENTHLSLEIDDERLGRSPPAGFKRSFSGRMVFGGEQGSGVLELNKAYKSFGGAAKLCGRGDNCAFGEYVMTSFGESLQVAEFEGSKDGRTLSMKEHGYKNVVESQSDPFSRWVRDAGRLDFDDEGEFACPADDPPNNERWHEQPTMIGYTDGQGFGDSDGASNLHGYQTKLFGAGHPSGWKIAGNRGQGYENMQGLKTMQGQAAAIITSYAGYSGGYHTKGTLSEIQGSHARMSYVSLFV,1.0,test,1
62,SSVGGAHFGDDEGVRVDVNLKECERGRCEGVDGVYTRVLADLVVAERVRGIQDQIRQCPVQAERHKSMFARLHCKVVSCLSIELWEDYHFFEELMGAWALLKGSVPSCRRRTACFETAGKSQKSFTTQDRSKCPLRHCR,0.0,test,0
44,SVSNTSSSSAAASLSNRAWSSLRRGPPTSANLAWSAAKAKLASWKSWSLRGTLAETAALSPRSPSSIAASSWPKSSAALELSLPVWSSNAQRAESQAPWAARSSPRRRSSASSKSAAAWERLKDVRVPSSASLKASAAASQAASSSPGASLVKAASKSKTSLSSWPSPARSSANTNQSPPRSEPEPASSDANSSDAAWGPPTSDPKRKSAANSDATSSSARESSDSKRGESEPAAPAPRPSASSPPSRPRASPKAPPPARSASPRASSNRSP,0.0,test,0
21,GGGTTTAMASPASRMSSSTGQQGMPGMAINFNSEDKSIASGEVSLGTYPADGAGMEASAPPMVILSTLSMGSQRPQQLVGSIPIPMNSQPNKQGDFAIEMIGEPLTQIGANRPVLSKRPSAPQMSENSSTSSPLNLQMNAGEIPSTTFQPNSTMPLDLSMGTIFLSGSHSNGGVGPAPNNKASSNPMQVQASFFTSEVPASMPANILQSMLQEPPEMHTLAQAVSQAAPRPKATSTQENYSSLLQPFEQPSNDLLSTLTGTRTLGKQQIAPRVTTVPNLPEPAITNAPIIIQANTSGPFPNAAPALQSPDTENVISPLGTQTNQATFGSGSARAMSSGAGSVTQPQTPQVQPRSNVENNPTQIMMQANLISEIGAGSEGNPGQMARQVIPQHMSPNQGQLNGARMYELTVGVSKTDPPPFNQGQLLRTEALEAGPIPDLGSQAPASDLQRGGQGQGLKKLHISVFLKIIFTAGTGIFRTSLQQTLTAGKSIGFLSPVQIQDPTTERASETNIEPWPI,0.0,test,1
127,KVSDDQNYGPEGWSGSDSSSQGQTERGMDDGPVQRGSPSRRNQPGNQQGTRSSMSGRPTDHNDFSRQGSSNGNQQNYGGQYGNEIFYYGQQGGGDGDRSGKGEIDASGGGYRYNGTGKQGPYGYSITEGPAYGSIQRGSSSKGGGYIPAFGGGRIQQGYYNGGQRGGNGQYDYGMGKDSGDSDSRDGSFGGRATDGQRGYGQSGTRKPGPRGCGQDEQGAGSMSSPAGYQGSYGYTAFNGVGGGSGDYTQQGKGNMGGDNYNSPYRGSQFSRGYGFGGGSRGSGHPYSTKKGPGYFGMSGSTFGSVTSGRGWTSNQPRSMDQDGGGPGTQYQGGRGNPQSLRRGFISQYPGKNYSSQGGSYGEEGPQGRATGSQSGSGFYGSGPDRGGKQEKKNTLGDQKPGGPGGTVSADSGGQSRYNAGGAGPPGCRYYQSRLGTGNQGQGGEMSGGCRESSGDSYAGYGRGGQASGYGGGRGGRGGSSGRGQFGQFSQIDGSGGSNQGGPQRGQRGSNGCGPGSWHQQPGQTN,1.0,test,1
45,EVYVLCRAKDESDSAAKIDLPNTQRFMQNVGAPSFYNDMDMTLLTRPFKVADPPVVEMSSDTEYFVAWTQIESALKKMDFQNPWRARAAEPKNQVQCPARYGMRIKFQFGQYFYAIRPCLNVGIWACWTLMLVVFINVVY,0.0,test,0
30,HKKGNSEDDDDEVNKGESRKENSNFSFLAPTTPGLQNLDHYDKSERLLGKIDENSILGKKNKSSLMKFTVSAKEAHDFEKVPCVFSKSKMPDATIKDNYPSGLYSSKHRMSNRSQVLSIKLSLIDISGSINLFVTAANAVTVKRIPVRLNAPAGSNKEDGSVDSASLSKTKFTNFNLKVQVNPTNKSKKQWEDD,0.0,test,0
43,NRSTHLLVGVEEFGEREEEQETSAAIFKTLRFEQTDFSLNDKENAAKQVLLLNETRISDTAREVTASSINTERNKELTKEMERHNNEQMNKDAKYRIQNPKSEDQTKRQKKQLELDSAGKTRNNEQDSESEHESSHKETMIFLQQTDASTFRLAKTLGQHELANSLLEEEELIHLQDEALVDCCNQDTIDELCEMTKLVITKTEFNEQDTLKMLEQKLSEEDAEVSEEENVKMKFDHEELTKKEETNNKAENDDQIMAKKIAPLKVEEQMVELDGEIKLKDSMQTRTLCATEEHTTEIGRMKQRWESMEKNAHLKMVREIQDGNLLQSVVIEDRQEGWEEEQKEDLELILLYQGLKHYKARVSATEENSEACLEDDEIIEELFETALARSDLYLASESRLIESLKKIIIEVATQLKCHHRSFKRAYKTQAKLDVETAVEEISSDDDRLSGLSYKSELVLFLVLLLDNEQYRANAKIRVTEQIELLKVDTLIERAEHLQQSNLELHQIQKEVEHDLKREDAEENEAQAELMEANDESLKSKLDLLMALIKEAMKDERLIEEHESELRAAAVEEIAASKYKLDVCVLSAELKKCMSTESRQQSNEFLCNHIEAEIMNRELKLQDLCILIQDLTERVNNEQLLVEMEQRAWSMDDDQSMQILDNHIDAAIAETEAKVTKGVLHENRKKSQKGK,0.0,test,1
157,GHLSIFKAYLKNYASDFPILQKVYFNDNFKGLAGMPLEEMLIYQDPVSPKKLGLSHPKKEIAFADGRLKEADDGVMGDMHTEQILISEVGIDVATNDQIGNAKKIMLGHQGGIKKSFIAYRVGFENQFAEERASEQPADMRQEVSQRAIPQNELKAVGYLLQEYGGRTILESTKDVNIANGKGKCEQLNFEAPKHQKETSDFFFNQSYKLYHPLELFETQGANAAFVEGGDHFRYESYMYKRALSVQNELGRNQMHLHMVFDPQKASAKMNTQASSLGKEKEFIQYLFTAFTSRAYGHKVHTQQYNVLVRAYYNLNPRPNPELFLGANALYESMHEEENKESPRSDAEAVPVQGKKPPPPNNANSSTATHSVYFPSQDPAPAVDGSMLTRKQMDGAVNKAADPHEAINNQIIIAIKGPSHAESLTKEGAYSRQQAGSHLGADRGPQQGSMLSVEASGQATDKNEDEDQAIQENHATQKQQQFNGERRSKQYKKAYNEWGVCESGLMFPEDLSQ,1.0,test,1
154,GFSGMGFRGGGGDPGRGFGGGRGGGFGFGGGGGGRRRYGFEGGGGGRGGSRGGPGGRRGPNRRDRGGGRGSGSFGRRFGGGGGGGSRGGGGRGGGDDRDR,1.0,test,1
48,RWHRIFGSGGTRLHLY,0.0,test,0
119,RYFSRSQRGSSTGGDSAMGHYSYGGRRGSQQGGSQFSYGQGQGNGNSSRGDYDGGPNYPSGGGGGNRGGPSCPDGNPQPQGGNHGGSHRGSGASQSKDYSRSGGRGGYGSGQGNQMGRSPGWCGQGSQSQRGYQGRNEGGMDPGYDQQYGGQGTPAGSPRGGGDDSGNGSMSGNQYRTQRSGYGGSGRDQGSPRNQRRGGSPSQGPSKSYSQDGNQSSTMGSNSNRYGGSQGQGGGRGRYSGYFSSRDNDESGGAYQSTGYGQQPGMTGGGSSGKGGKGGGQSGSGRRGSPGAQGQDGREQSYDSGMYGDGGTRQQYGGRYGTFGPGSYTGYGGGEGYRRPYGGQYESYGSGNSCQGGQQPSGNYNPGQYFQGQNDGQGQQPRGSEGGPFSGRYRGKTFQGGRGGSGGPGGGGRDGDYASSDGGYQGSCGGTPAQWGGNGG,1.0,test,1
167,AATSHTGDSGQFGDYAVTDPPKWQQGLAQNSQSPTEAQTPCVIMTRQPVQNAKFGALSVIQGRLYIGPPQAPRFCCHAQEGTSEQSSMGYDQFIESQWMLEWQEIPYNAWPIPGAKSQQKVGIGSRGFCIAVANRFGFQFEYESNLLDGFQGVQGNTGNKQNFGRGPVDDAPNPHKIKAIPDRQGFVKPTGPNITLTVYSQVHVWYVAMAEHFVPPVTISTGRSMQDMDSASYKNKLFRYGREEVMPDVGGRWNERFTLYKNWNFYMVSDVLGGQTHESCPVLSFYWPFTLMTDYAESKTQQKNVVIAPGKDKLWSKGAAMVVRGGYYITIKKNVGNSQEPPAPTCVDHAQLGFGASESNSDQTPRSSVVKHSQMGGDSQVKKAQNFVTSMY,1.0,test,1
42,TMILNFENTNKRVGQLVEEKHDDYAEGPLQRVDVPLSNDSCHRESEVYEFPKWMMFPKKAMQVLTRAGRAQDDTVLSLQMNYNFWEPLNVEKSIKPENYLTDRLGELRVVSVFEGLSKQRRDNFQKVPSIDLHNSETYAESIKKIKEITEKATGNDEPGLNFDGRRAARPKPVYYKVYQNDPMQASPFAECHKILNNIETNKEEAHKQFKEDQDKQVYKDIPGLVVLVSLIPKYLPAFQDESAGNKVILSSTCPKRLARPESQQKNHHTTKRQTLELQTSYEFACSSTFEEYQGGKAAETLEENILVTQHVERKGIVYNTAGTAKSGKFAYATTPIAHQKANAASLRGESFRMGTEAEIKWKSQKFVSTYCRTREPEDEEKHEANCLGEVRKKITEVVSMLYDILILALPVILINGTGRPPTTLTVGVSEIEHRRGSETMYESIPLKEEQEWPKPVVEMTENNLTSNSKENLYTLTQCEGSPFTPLVQSYNRADKIEYFAMRVVLRADDRQKIENLPCNFCDDNVDNANVESEDRKGGTAQIDGTIEMVKEVAKYDVAELVYERRTLAFVLLEITEVPFEQPNSPKDILMEFSLAFLDLAGKDDNQDQETNCVEDENEIRQGKFRQENYIRDCPIVTILSKLEPARLRCQEKLTGDRHGVMAPNLAMTYEQIASKFKKNFQKMLLLSVENSLTKELGKARCE,0.0,test,0
166,ASQPIKYMTQVWPWTDFKIAGYGPLSLKWGPLDLMIARYFTGLGRALGRDFGPFVILETLALDTVGKLTVIVLAIGLAGDLVVAYELTLGGVLFAGSSSYLATQTLFWEMMYAATTGLLGELVYGSVRRLYVAALGVTYGFLADTLIKFGTYLGATNAYAWMLSAAMIVSFGISQIALLADGMAMNTPAGSEVFVAVEFNVLLPEDSFKIIWLDVERTPPSAPSLAITALRAVVLGGSDLIWEMAWEELKTMLGPPIFVVVL,1.0,test,0
151,NALAIWKSSVSNKEPYRISFECEEKASQALEKYELSGTIEEAGQKEGECSVEEENGEFLGQKSIGVKIDSDRKAFHATNSREFGAWLKKMETWVMHKEDNANSLTKEELSEYSNTEIVPEKYKMKPEDFDCESKALKYDKKTMFKSGKKREIRERRLMRKKNWAKRDKDDVDPDSVDKEPDPEMKNKLVLG,1.0,test,0
144,SAGPSYSGKRVSVQAACDGYHCIQPLSGFTMKASRKLQLGPVESLPDHSPAPRHAAHPSLSAFSTSNPSHGRPDPSTNPKTHAESVAQRVYALCWSSPAEQRASQIKLLAPGEDYRSMKSGGLTEIPATKCGRAGLHTSMQPGGNPHHLGPKASTNHHAAHLPTRLTKSPDPPHSSFLRTPLSFHMYAAAARGLKFNNALSTNTAEYPNWKNEPKVGPKCHQNCSVGGGANHKGSASDSGAPNVPPALAPDRAPIALEQGEPPGGKLGDPAGALSGALVSSCANRGWMAVPRPTCSLGWSHSPHIATTLGGGNESKSKLWVELTKPGMGPAPTATALHGFCMGATYSSDYPMVGQACVGHHSSSEPYFCPPSNPALYHMSMLHTHTRCEHHQPFPSDEVAFRKLPMFGSNRRAVAGAKAGYNLGPTRTKPSYDTAMATTPGASHGFPGLLHGMSTVMYLAGNGRVRRQCHHFSPPKGGPE,1.0,test,0
95,GIPEPGGGGGNGGNIGMQGYPAMGGGRHAGGADSSFNIRNGGKERDGVGDSRPKGSSYGKGGGRLISPSPGDGGCQKGDDRRGEGGGGGGGGSNGNERPRGDGGSQRGGGRSKWTGKNGGGENTHNWGRGLYRDGRQIRGNNGGRYDRDFRASRGYYYLGGDTDIVVRFMTGSFRTGYGSGNGRQGDKGGPFRFTDSDGCDPTQGGRSRKGMFGTPVRNGRGGKGGEPEGGCVNGIRWGPDGKGGPFPGMRPTEFRFQHGGGAGGSRKFGGQGANGEAENFDGRKGAGINYKGMRKSDAPDRGQGRGCEDRF,1.0,test,0
8,YYRNGSFNPRRLSRHNPNGSQQNNNVKGISNNNNNSHSKSNQDSNGISINSNRNNNRNYNNQNQSENNPRMSNNHGNYYVNSSIRGQGNNSNFSNQN,0.0,test,1
9,NMQNRPSMTVPNMGNMNQSNNIPPNQGQGRLMMNNMYLSQNQNNSIGMNMNPRNYNGNQYGSPSPRQMRNNNGANGPMNGNQFQP,0.0,test,1
194,RVPGGGSYRRGSSINTGGGTYADFLRQDEKKSGFGYGHRPDRSMGYAVADQKFVNGTFSYYRSSGKAGSEGWGRGERYFPGNPGNVKAVSQISLQGNDKGFRSSFNRRARTKIGFGTKDGVCVFFDVMINSVKAGGGGEGNHDNNGDFISKFHGELHIGDGGPRTFRAVSNKLSNVSDGVYEEGGGSIEQGGRVGTNERTSEGSHMSESSKKHKLRPRGGSGAKPEGPYGGYFLKMQIESKGGGNGGFRGDVFGRTAGVRTQGYACMFHSHSLTEFGSQSGERKQSYDVRDTQNDELVFGSSGFDEENMSP,1.0,test,0
