,Sequence,min_plus,partition,prediction
23,NASCVGGVLWQRRLRRLAEGISEKTEAGSEEDRVRNEYEESQWTGERDTQSSTVSTTEAEPYYRSLRDFSPQLPPTQEEVSYSRGFTGEDEDMAFPGHLYDEVERTYPPSGAWGPLYDEVQMGPWDLHWPEDTYQDPRGIYDQVAGDLDTLEPDSLPFELRGHLV,0.0,train,999
46,SRVLLVIDEPHTDWAKYFKGKKIHGEIDIKVEQAEFSDLNLVAHANGGFSVDMEVLRNGVKVVRSLKPDFVLIRQHAFSMARNGDYRSLVIGLQYAGIPSVNSLHSVYNFCDKPWVFAQMVRLHKKLGTEEFPLIDQTFYPNHKEMLSSTTYPVVVKMGHAHSGMGKVKVDNQHDFQDIASVVALTKTYATAEPFIDAKYDVRVQKIGQNYKAYMRTSVSGNWKTNTGSAMLEQIAMSDRYKLWVDTCSEIFGGLDICAVEALHGKDGRDHIIEVVGSSMPLIGDHQDEDKQLIVELVVNKMAQALPR,0.0,train,999
144,MEVAPEQPRWMAHPAVLNAQHPDSHHPGLAHNYMEPAQLLPPDEVDVFFNHLDSQGNPYYANPAHARARVSYSPAHARLTGGQMCRPHLLHSPGLPWLDGGKAALSAAAAHHHNPWTVSPFSKTPLHPSAAGGPGGPLSVYPGAGGGSGGGSGSSVASLTPTAAHSGSHLFGFPPTPPKEVSPDPSTTGAASPASSSAGGSAARGEDKDGVKYQVSLTESMKMESGSPLRPGLATMGTQPATHHPIPTYPSYVPAAAHDYSSGLFHPGGFLGGPASSFTPKQRSKARSCSEGRECVNCGATATPLWRRDGTGHYLCNACGLYHKMNGQNRPLIKPKRRLSAARRAGTCCANCQTTTTTLWRRNANGDPVCNACGLYYKLHNVNRPLTMKKEGIQTRNRKMSNKSKKSKKGAECFEELSKCMQEKSSPFSAAALAGHMAPVGHLPPFSHSGHILPTPTPIHPSSSLSFGHPHPSSMVTAMG,1.0,train,999
158,MGSSHHHHHHHHASENLYFQSADITDKTAEQLENLNIQDDQKQAATGSESQSVENSSASLYVGDLEPSVSEAHLYDIFSPIGSVSSIRVCRDAITKTSLGYAYVNFNDHEAGRKAIEQLNYTPIKGRLCRIMWSQRDPSLRKKGSGNIFIKNLHPDIDNKALYDTFSVFGDILSSKIATDENGKSKGFGFVHFEEEGAAKEAIDALNGMLLNGQEIYVAPHLSRKERDSQLEETKAHYTNLYVKNINSETTDEQFQELFAKFGPIVSASLEKDADGKLKGFGFVNYEKHEDAVKAVEALNDSELNGEKLYVGRAQKKNERMHVLKKQYEAYRLEKMAKYQGVNLFVKNLDDSVDDEKLEEEFAPYGTITSAKVMRTENGKSKGFGFVCFSTPEEATKAITEKNQQIVAGKPLYVAIAQRKDVRRSQLAQQIQARNQMRQKQRQALGEQLYKKVSAKTSNEEAAGKITGMILDLPPQEVFPLLESDELFEQHYKEASAAYESFKKEQEQQTEQA,1.0,train,999
96,GRGRGGYDKDGRGPMTGSSGGDRGGFKNFGGHRDYGPRTDADSESDNSDNNTIFVQGLGEGVSTDQVGEFFKQIGIIKTNKKTGKPMINLYTDKDTGKPKGEATVSFDDPPSAKAAIDWFDGKEFHGNIIKVSFATRRPEFMRGGGSGGGRRGRGGYRGRGGFQGRGGDPKSGDWVCPNPSCGNMNFARRNSCNQCNEPRPEDSRPSGGDFRGRGYGGERGYRGRGGRGGDRGGYGGDRSGGGYGGDRSSGGGYSGDRSGGGYGGDRSGGGYGGDRGGGYGGDRGGGYGGDRGGGYGGDRGGYGGDRGGGYGGDRGGYGGDRGGYGGDRGGYGGDRGGYGGDRSRGGYGGDRGGGSGYGGDRSGGYGGDRSGGGYGGDRGGGYGGDRGGYGGKMGGRNDYRNDQRNRPY,1.0,train,999
68,MEELVVEVRGSNGAFYKAFVKDVHEDSITVAFENNWQPDRQIPFHDVRFPPPVGYNKDINESDEVEVYSRANEKEPCCWWLAKVRMIKGEFYVIEYAACDATYNEIVTIERLRSVNPNKPATKDTFHKIKLDVPEDLRQMCAKEAAHKDFKKAVGAFSVTYDPENYQLVILSINEVTSKRAHMLIDMHFRSLRTKLSLIMRNEEASKQLESSRQLASRFHEQFIVREDLMGLAIGTHGANIQQARKVPGVTAIDLDEDTCTFHIYGEDQDAVKKARSFLEFAEDVIQVPRNLVGKVIGKNGKLIQEIVDKSGVVRVRIEAENEKNVPQEEEIMPPNSLPSNNSRVGPNAPEEKKHLDIKENSTHFSQPNSTKVQRVLVASSVVAGESQKPELKAWQGMVPFVFVGTKDSIANATVLLDYHLNYLKEVDQLRLERLQIDEQLRQIGASSRPPPNRTDKEKSYVTDDGQGMGRGSRPYRNRGHGRRGPGYTSGTNSEASNASETESDHRDELSDWSLAPTEEERESFLRRGDGRRRGGGGRGQGGRGRGGGFKGNDDHSRTDNRPRNPREAKGRTTDGSLQIRVDCNNERSVHTKTLQNTSSEGSRLRTGKDRNQKKEKPDSVDGQQPLVNGVP,0.0,train,999
64,MRIPVAGGDKAASSKPEEIKMRIKVHAAADKHNSVEDSVTKSREHKEKHKTHPSNHHHHHNHHSHKHSHSQLPVGTGNKRPGDPKHSSQTSNLAHKTYSLSSSFSSSSSTRKRGPSEETGGAVFDHPAKIAKSTKSSSLNFSFPSLPTMGQMPGHSSDTSGLSFSQPSCKTRVPHSKLDKGPTGANGHNTTQT,0.0,train,999
124,MASNDYTQQATQSYGAYPTQPGQGYSQQSSQPYGQQSYSGYSQSTDTSGYGQSSYSSYGQSQNTGYGTQSTPQGYGSTGGYGSSQSSQSSYGQQSSYPGYGQQPAPSSTSGSYGSSSQSSSYGQPQSGSYSQQPSYGGQQQSYGQQQSYNPPQGYGQQNQYNSSSGGGGGGGGGGNYGQDQSSMSSGGGSGGGYGNQDQSGGGGSGGYGQQDRGGRGRGGSGGGGGGGGGGYNRSSGGYEPRGRGGGRGGRGGMGGSDRGGFNKFGGPRDQGSRHDSEQDNSDNNTIFVQGLGENVTIESVADYFKQIGIIKTNKKTGQPMINLYTDRETGKLKGEATVSFDDPPSAKAAIDWFDGKEFSGNPIKVSFATRRADFNRGGGNGRGGRGRGGPMGRGGYGGGGSGGGGRGGFPSGGGGGGGQQRAGDWKCPNPTCENMNFSWRNECNQCKAPKPDGPGGGPGGSHMGGNYGDDRRGGRGGYDRGGYRGRGGDRGGF,1.0,train,999
78,FPGFGVGVGGIPGVAGVPGVGGVPGVGGVPGVGISP,0.0,train,999
58,MEENDPKPGEAAAAVEGQRQPESSPGGGSGGGGGSSPGEADTGRRRALMLPAVLQAPGNHQHPHRITNFFIDNILRPEFGRRKDAGTCCAGAGGGRGGGAGGEGGASGAEGGGGAGGSEQLLGSGSREPRQNPPCAPGAGGPLPAAGSDSPGDGEGGSKTLSLHGGAKKGGDPGGPLDGSLKARGLGGGDLSVSSDSDSSQAGANLGAQPMLWPAWVYCTRYSDRPSSGPRSRKPKKKNPNKEDKRPRTAFTAEQLQRLKAEFQTNRYLTEQRRQSLAQELSLNESQIKIWFQNKRAKIKKATGNKNTLAVHLMAQGLYNHSTTAKEGKSDSE,0.0,train,999
69,MEELVVEVRGSNGAFYKAFVKDVHEDSITVAFENNWQPDRQIPFHDVRFPPPVGYNKDINESDEVEVYSRANEKEPCCWWLAKVRMIKGEFYVIEYAACDATYNEIVTIERLRSVNPNKPATKDTFHKIKLDVPEDLRQMCAKEAAHKDFKKAVGAFSVTYDPENYQLVILSINEVTSKRAHMLIDMHFRSLRTKLSLIMRNEEASKQLESSRQLASRFHEQFIVREDLMGLAIGTHGANIQQARKVPGVTAIDLDEDTCTFHIYGEDQDAVKKARSFLEFAEDVIQVPRNLVGKVIGKNGKLIQEIVDKSGVVRVRIEAENEKNVPQEEEIMPPNSLPSNNSRVGPNAPEEKKHLDIKENSTHFSQPNSTKVQRVLVASSVVAGESQKPELKAWQGMVPFVFVGTKDSIANATVLLDYHLNYLKEVDQLRLERLQIDEQLRQIGASSRPPPNRT,0.0,train,999
208,QQANGYKKFPPHDNQYSGANNSQPNNHYNENLYSAREPHNNKQYQSKNGKYGTNKYNNRNNSQGNAQYYNNRFNNGYRLNNNDYN,1.0,train,999
177,MRSLLILVLCFLPLAALGKVFGRCELAAAMKRHGLDNYRGYSLGNWVCAAKFESNFNTQATNRNTDGSTDYGILQINSRWWCNDGRTPGSRNLCNIPCSALLSSDITASVNCAKKIVSDGNGMNAWVAWRNRCKGTDVQAWIRGCRL,1.0,train,999
220,YSPTSPAYEPRSPGGYTPQSPSYSPTSPSYSPTSPSYSPTSPNYSPTSPSYSPTSPSYSPTSPSYSPTSPSYSPTSPSYSPTSPSYSPTSPSYSPTSPSYSPTSPSYSPTSPSYSPTSPSYSPTSPSYSPTSPSYSPTSPSYSPTSPSYSPTSPNYSPTSPNYTPTSPSYSPTSPSYSPTSPNYTPTSPNYSPTSPSYSPTSPSYSPTSPSYSPSSPRYTPQSPTYTPSSPSYSPSSPSYSPASPKYTPTSPSYSPSSPEYTPTSPKYSPTSPKYSPTSPKYSPTSPTYSPTTPKYSPTSPTYSPTSPVYTPTSPKYSPTSPTYSPTSPKYSPTSPTYSPTSPKGSTYSPTSPGYSPTSPTYSLTSPAISPDDSDEEN,1.0,train,999
30,MSVADFYGSNVEVLLNNDSKARGVITNFDSSNSILQLRLANDSTKSIVTKDIKDLRILPKNEIMPKNGTKSPSTNSTKLKSAETYSSKNKWSMDCDEEFDFAANLEKFDKKQVFAEFREKDKKDPAKLLVSHNKSPNRNYHHKQNVLGPSVKDEFVDLPSAGSQINGIDAVLSSSSNGHVTPGSKKGSRETLKK,0.0,train,999
132,MDWVMKHNGPNDASDGTVRLRGLPFGCSKEEIVQFFQGLEIVPNGITLTMDYQGRSTGEAFVQFASKEIAENALGKHKERIGHRYIEIFRSSRSEIKGFYDPPRRLLGQRPGPYDRPIGGRGGYYGAGRGSMYDRMRRGGDGYDGGYGGFDDYGGYNNYGYGNDGFDDRMRDGRGMGGHGYGGAGDASSGFHGGHFVHMRGLPFRATENDIANFFSPLNPIRVHIDIGADGRATGEADVEFVTHEDAVAAMSKDKNNMQHRYIELFLNSTPGGGSGMGGSGMGGYGRDGMDNQGGYGSVGRMGMGNNYSGGYGTPDGLGGYGRGGGGSGGYYGQGGMSGGGWRGMY,1.0,train,999
28,SKDHVNRIIESLEKSSSSEPSATAKQTTTSNGPTTVSTAAQVVTVEKMPFSRQTIPCEGTDLANVLNSAKIIGESVTVAAHDVIPEKLNAEKNDNTPSTASPVQFSSDGWDSPTKSVALPPKISTLEEEQEEDTTITKVSPQPQERTGTAWGSGDATPVPLATPVNEYKVSGFGAAPVASGFGQFASSNGTSGRGSYGGGRGGDRGGRGAYGGDRGRGGSGDGSRGYRGGDRGGRGSYGEGSRGYQGGRAGFFGGSRGGS,0.0,train,999
66,NSVSTSPAMEQSQSSGTTSSTSSSSGGSSGTSNSGRARSDPTHQHRHSGGHFTAAVQAMDCETHSPQVRQQFPAPLGWSGTEAPTQVTVETHPVQETTFHVAPQQNALHHHHGNSSHHHHHHHHHHHHHGQQALGNRTRPRVYNSPTNSSSTQDSMEVGHSHHSMTSLSSSTTSSSTSSSSTGNQGNQAYQNRPVA,0.0,train,999
159,MGSSHHHHHHHHASENLYFQSADITDKTAEQLENLNIQDDQKQAATGSESQSVENSSASLYVGDLEPSVSEAHLYDIFSPIGSVSSIRVCRDAITKTSLGYAYVNFNDHEAGRKAIEQLNYTPIKGRLCRIMWSQRDPSLRKKGSGNIFIKNLHPDIDNKALYDTFSVFGDILSSKIATDENGKSKGFGFVHFEEEGAAKEAIDALNGMLLNGQEIYVAPHLSRKERDSQLEETKAHYTNLYVKNINSETTDEQFQELFAKFGPIVSASLEKDADGKLKGFGFVNYEKHEDAVKAVEALNDSELNGEKLYVGRAQKKNERMHVLKKQYEAYRLEKMAKYQGVNLFVKNLDDSVDDEKLEEEFAPYGTITSAKVMRTENGKSKGFGFVCFSTPEEATKAITEKNQQIVAGKPLYVAIAQRKDVRRSQLAQQIQARNQMRYQQATAAAAAAAAGMPGQFMPPMFYGVMPPRGVPFNGPNPQQMNPMGGMPKNGMPPQFRNGPVYGVPPQGGFPRNANDNNQFYQ,1.0,train,999
160,MGSSHHHHHHHHASENLYFQSADITDKTAEQLENLNIQDDQKQAATGSESQSVENSSASLYVGDLEPSVSEAHLYDIFSPIGSVSSIRVCRDAITKTSLGYAYVNFNDHEAGRKAIEQLNYTPIKGRLCRIMWSQRDPSLRKKGSGNIFIKNLHPDIDNKALYDTFSVFGDILSSKIATDENGKSKGFGFVHFEEEGAAKEAIDALNGMLLNGQEIYVAPHLSRKERDSQLEETKAHYTNLYVKNINSETTDEQFQELFAKFGPIVSASLEKDADGKLKGFGFVNYEKHEDAVKAVEALNDSELNGEKLYVGRAQKKNERMHVLKKQYEAYRLEKMAKYQGVNLFVKNLDDSVDDEKLEEEFAPYGTITSAKVMRTENGKSKGFGFVCFSTPEEATKAITEKNQQIVAGKPLYVAIAQRKDVRRSQLAQQIQARNQMRYQQATAAAAAAAAGMPGQFMPPMFYGVMPPRGVPFNGPNPQQMNPMGGMPKNGMPPQFRNGPVYGVPPQGGFPRNANDNNQFYQQKQRQALGEQLYKKVSAKTSNEEAAGKITGMILDLPPQEVFPLLESDELFEQHYKEASAAYESFKKEQEQQTEQA,1.0,train,999
173,MNNSGADEIGKLFVGGLDWSTTQETLRSYFSQYGEVVDCVIMKDKTTNQSRGFGFVKFKDPNCVGTVLASRPHTLDGRNIDPKPCTPRGMQPERTRPKEGWKGPRSDNSKSNKIFVGGIPHNCGETELREYFKKFGVVTEVVMIYDAEKQRPRGFGFITFEDEQSVDQAVNMHFHDIMGKKVEVKRAEPRDSKSQAPGQPGASQWGSRVVPNAANGWAGQPPPTWQQGYGPQGMWVPAGQAIGGYGPPPAGRGAPPPPPPFTSYIVSTPPGGFPPPQGFPQGYGAPPQFSFGYGPPPPPPDQFAPPGVPPPPATPGAAPLAFPPPPSQAAPDMSKPPTAQPDFPYGQYAGYGQDLSGFGQGFSDPSQQPPSYGGPSVPGSGGPPAGGSGFGRGQNHNVQGFHPYRR,1.0,train,999
3,DRRGGRGGYDRGGYRGRGGDRGGFRGGRGGGDRGGFGPGK,0.0,train,999
9,NNNNNNYQQRRNYGNNNRGGFRQYNSNNNNNMNMGMNMNMNMNMNNSRGMPPSSMGMPIGAMPLPSQGQPQQSQTIGLPPQVNPQ,0.0,train,999
29,MSVADFYGSNVEVLLNNDSKARGVITNFDSSNSILQLRLANDSTKSIVTKDIKDLRILPKNEIMPKNGTKSKPFVDENIPAELHTTTGDILKPITPEQLSQGIALAIAKTSTDIVVENAAQLLSQFVFSVLGGHKRLSSRNHNSQPLVCILVGSHDHASAAVAAGRRLCAIGIKVVLRLLTPFNVDNRQLLMFQAAGGYIPTENFDQFLNKLTSPIELVVDVLTGFHPSIDKNSHALIQWANDLNVLILSVDIPSGYTVQKKNTAILPKWTLALGAVTTTLAQAALVKQAAGVSVFVGNLGTGSQTWAELGILESQVTGQYLAQISCTSTN,0.0,train,999
18,RRGDGRRRGGGGRGQGGRGRGGGFKGNDDHSRTDNRPRNP,0.0,train,999
33,MASTDYSTYSQAAAQQGYSAYTAQPTQGYAQTTQAYGQQSYGTYGQPTDVSYTQAQTTATYGQTAYATSYGQPPTGYTTPTAPQAYSQPVQGYGTGAYDTTTATVTTTQASYAAQSAYGTQPAYPAYGQQPAATAPTRPQDGNKPTETSQPQSSTGGYNQPSLGYGQSNYSYPQVPGSYPMQPVTAPPSYPPTSYSSTQPTSYDQSSYSQQNTYGQPSSYGQQSSYGQQSSYGQQPPTSYPPQTGSYSQAPSQYSQQSSSYGQQSSFRQDHPSSMGVYGQESGG,0.0,train,999
101,LQTAPVPMPDLKNVKSKIGSTENLKHQPGGGKVQIINKKLDLSNVQSKCGSKDNIKHVPGGGSVQIVYKPVDLSKVTSKCGSLGNIHHKPGGGQVEVKSEKLDFKDRVQSKIGSLDNITHVPGGGNKKIE,1.0,train,999
43,MSANRTVTVFSSSAEDQEPIELAEDSLQNLDKMLAEEKEEHQLLKDEVVLLRKENVEAKTYSTLLEIMLDEAEEKASSAQETTSEENNLKILNRDLVAENLELKEMKEELRKIWLSDSKKFQEALTRISDENTKLQKDCHELESIRQCAQFALDNCNEELEKTQTENEEHESRIETLEREVCEKDIAMKDIVERKDEISLQLELQTKEFTSALNDLMYGREDTLKQIHQMKENWKVKQNEFEVEITKLKSQNDYFDSERLQLTDRIRALLNELSDVRLELGSTRLAMKEKAEVTEAVTSFNKDLRDKLEDEIARLGECLQFRKDEHEQDEAVIAHLEEQLKLGSDKAAAFSSEHSDTIELLRESETELMELRMENYDLKEDFKILKEEKEDVNRTCECLREQLSTTIQERDIEKGQMQSEMDAKMVAVHQQYAKQIDNMKYNHMLAINQELIKGQMALESGKKKHANEILTVRNELEQSNAAHQSLRDQCSLLLSSEDDLRTAHLALESKMTLVSEECIALRVSRANAQKEIGNLTEHHKLEVALLEDAKSGIQQRLHYATIEIEQLKKINEVTQAQFKKETDEKNAEINEFQAAMVSMKQQYNVLGNHCRVLTSQGISDRTTIDKLQETIREHTELAIETKRIHDAEIVQLNDAHKKLVDNLGVEELDEEPKASTESEEKAEWEMVDEE,0.0,train,999
195,MSLVNSHSSASVENAAYNLHRAFSSSTENVGHMTPSNSSPLHHSTVVAMGAESQGGGASNNNNNPANPGSTANNNSNNVNMNSIGGGASLGAGSGATGSISGTKGMNNSHSPLHIATMLNTLSMNSNPPSQQQSNVQGPYLVRLQNVPKDTTLRECHALFALAHGVLSIELSSFQQYAERSQTSGQESTNYIVAKFDSLHLACQYATILDEKAQIFGPSFPFKTYVEVVDELTQQQIPFQTQMQMHQGSPPAPTHVTAYQQPLLSASGVVSPPQSASSVKRPSLLVQRSRFSFTDPFSSEQTNMGSQQPDLITTPLKGHQDTGKSFLLMESDEINDSIWGNGTGIPSSISGLTTSQPPTPHLEWGTTGRRQSSTFYPSQSNTEIPPMHLTGQVQSSQLATGLQQPLPQPQRQSLSYNLVTPLSSDMNLPPQSSQGGILPHQAPAQTQPQSQALQHHQHLHHQQQQLQQQQHHLQQQQHQQQQQSLSQQPQQQQSQQSQAHSQQHQQQHQQQQQQQQPQQQQPQQHPPQQPQQQNSQQAIVGQSQQQVTSGQQKGSSRNSISKTLQVNGPKNAAAALQNTNGISQVDLSLLAKVPPPANPADQNPPCNTLYVGNLPPDATEQELRQLFSSQKGFRRLSFRNKNNNGNGHGPMCFVEFEDVAHATRALAELYGSQLARTSGTHNNKGGIRLSFSKNPLGVRGPNSRRGGATNNTSNAGTTNYSYAAAFGKS,1.0,train,999
97,GSMEDSMDMDMSPLRPQNYLFGCELKADKDYHFKVDNDENEHQLSLRTVSLGAGAKDELHIVEAEAMNYEGSPIKVTLATLKMSVQPTVSLGGFEITPPVVLRLKCGSGPVHISGQHLVAVEEDAESEDEEEEDVKLLSISGKRSAPGGGSKVPQKKVKLAADEDDDDDDEEDDDEDDDDDDFDDEEAEEKAPVKKSIRDTPAKNAQKSNQNGKDSKPSSTPRSKGQESFKKQEKTPKTPKGPSSVEDIKAKMQASIEKGGSLPKVEAKFINYVKNCFRMTDQEAIQDLWQWRKSL,1.0,train,999
49,DAEFRHDSGYEVHHQKL,0.0,train,999
81,QTAPVPMPDLKNVKSKIGSTENLKHQPGGGKVQIINKKLDLSNVQSKCGSKDNIKHVPGGGSVQIVYKPVDLSKVTSKCGSLGNIHHKPGGGQVEVKSEKLDFKDRVQSKIGSLDNITHVPGGGNK,0.0,train,999
0,GQNTRWNNLDAPPSRGTSKWENRGARDERIEQELFSGQLSGINFDKYEEIPVEATGDDVPQPISLFSDLSLHEWIEENIKTAGYDRPTPVQKYSIPALQGGRDLMSCAQTGSGKTAAFLVPLVNAILQDGPDAVHRSVTSSGGRKKQYPSALVLSPTRELSLQIFNESRKFAYRTPITSALLYGGRENYKDQIHKLRLGCHILIATPGRLIDVMDQGLIGMEGCRYLVLDEADRMLDMGFEPQIRQIVECNRMPSKEERITAMFSATFPKEIQLLAQDFLKENYVFLAVGRVGSTSENIMQKIVWVEEDEKRSYLMDLLDATGDSSLTLVFVETKRGASDLAYYLNRQNYEVVTIHGDLKQFEREKHLDLFRTGTAPILVATAVAARGLDIPNVKHVINYDLPSDVDEYVHRIGRTGRVGNVGLATSFFNDKNRNIARELMDLIVEANQELPDWLEGMSGDMRSGGGYRGRGGRGNGQRFGGRDHRYQGGSGNGGGGNGGGGGFGGGGQRSGGGGGFQSGGGGGRQQQQQQRAQPQQDWWS,0.0,train,999
192,MSKSESPKEPEQLRKLFIGGLSFETTDESLRSHFEQWGTLTDCVVMRDPNTKRSRGFGFVTYATVEEVDAAMNARPHKVDGRVVEPKRAVSREDSQRPGAHLTVKKIFVGGIKEDTEEHHLRDYFEQYGKIEVIEIMTDRGSGKKRGFAFVTFDDHDSVDKIVIQKYHTVNGHNCEVRKALSKQEMASASSSQRGRSGSGNFGGGRGGGFGGNDNFGRGGNFSGRGGFGGSRGGGGYGGSGDGYNGFGNDGSNFGGGGSNNQSSNFGPMKGGNFGGRSSGPYGGGGQYFAKPRNQGGYGGSSSSSSYGSGRRF,1.0,train,999
128,MASNQPNNGEQDEQLAKQTSKLSMSAKAPTFTPKAAPFIPSFQRPGFVPVNNIAGGYPYAQYTGQGQNSNSPHPTKSYQQYYQKPTGNTVDEDKSRVPDFSKKKSFVPPKPAIPKGKVLSLGGNTSAPKSTKPISISLGGTKAPTTTKPAAPAAQSKTETPAPKVTSESTKKETAAPPPQETPTKSADAELAKTPSAPAAALKKAAEAAEPATVTEDATDLQNEVDQELLKDMYGKEHVNIVFIGHVDAGKSTLGGNILFLTGMVDKRTMEKIEREAKEAGKESWYLSWALDSTSEEREKGKTVEVGRAYFETEHRRFSLLDAPGHKGYVTNMINGASQADIGVLVISARRGEFEAGFERGGQTREHAVLARTQGINHLVVVINKMDEPSVQWSEERYKECVDKLSMFLRRVAGYNSKTDVKYMPVSAYTGQNVKDRVDSSVCPWYQGPSLLEYLDSMTHLERKVNAPFIMPIASKYKDLGTILEGKIEAGSIKKNSNVLVMPINQTLEVTAIYDEADEEISSSICGDQVRLRVRGDDSDVQTGYVLTSTKNPVHATTRFIAQIAILELPSILTTGYSCVMHIHTAVEEVSFAKLLHKLDKTNRKSKKPPMFATKGMKIIAELETQTPVCMERFEDYQYMGRFTLRDQGTTVAVGKVVKILD,1.0,train,999
98,KETIDAVPNAIPGRTDIELEIYGMEGIPEKDMEERRRILEQKTQVDGQKKKTNQDDSDYDDDDDTAPSTSFQQMQTQQAFMPTMGQPGIPGLPGAPGMPPGITSLMPAVPPLISGIPHVMAGMHPHGMMSMGGMMHPHRPGIPPMMAGLPPGVPPPGLRPGIPPVTQAQPALSQAVVSRLPVPSTSAPALQSVPKPLFPSAGQAQAHISGPVGTDFKPLNNIPATTAEHPKPTFPAYTQSTMSTTSTTNSTASKPSTSITSKPATLTTTSATSKLVHPDEDISLEEKRAQLPKYQRNLPRPGQAPISNMGSTAVGPLGAMMAPRPGLPPQQHGMRHPLPPHGQYGAPLQGMAGYHPGTMPPFGQGPPMVPPFQGGPPRPLMGIRPPVMSQGGRY,1.0,train,999
7,MSKSESPKEPEQLRKLFIGGLSFETTDESLRSHFEQWGTLTDCVVMRDPNTKRSRGFGFVTYATVEEVDAAMNARPHKVDGRVVEPKRAVSREDSQRPGAHLTVKKIFVGGIKEDTEEHHLRDYFEQYGKIEVIEIMTDRGSGKKRGFAFVTFDDHDSVDKIVIQKYHTVNGHNCEVRKALSKQE,0.0,train,999
108,MAEPRQEFEVMEDHAGTYGLGDRKDQGGYTMHQDQEGDTDAGLKEEAGIGDTPSLEDEAAGHVTQARMVSKSKDGTGSDDKKAKGADGKTKIATPRGAAPPGQKGQANATRIPAKTPPAPKTPPSSGEPPKSGDRSGYSSPGSPGTPGSRSRTPSLPTPPTREPKKVAVVRTPPKSPSSAKSRLQTAPVPMPDLKNVKSKIGSTENLKHQPGGGKVQIINKKLDLSNVQSKCGSKDNIKHVPGGGSVQIVYKPVDLSKVTSKCGSLGNIHHKPGGGQVEVKSEKLDFKDRVQSKIGSLDNITHVPGGGNKKIETHKLTFRENAKAKTDHGAEIVYKSPVVSGDTSPRHLSNVSSTGSIDMVDSPQLATLADEVSASLAKQGL,1.0,train,999
120,MASNDYTQQATQSYGAYPTQPGQGYSQQSSQPYGQQSYSGYSQSTDTSGYGQSSYSSYGQSQNTGYGTQSTPQGYGSTGGYGSSQSSQSSYGQQSSYPGYGQQPAPSSTSGSYGSSSQSSSYGQPQSGSYSQQPSYGGQQQSYGQQQSYNPPQGYGQQNQYNSSSGGGGGGGGGGNYGQDQSSMSSGGGSGGGYGNQDQSGGGGSGGYGQQDRGGRGRGGSGGGGGGGGGGYNRSSGGYEPRGRGGGRGGRGGMGGSDRGGFNKFGGPRDQGSRHDSEQDNSDNNTIFVQGLGENVTIESVADYFKQIGIIKTNKKTGQPMINLYTDRETGKLKGEATVSFDDPPSAKAAIDWFDGKEFSGNPIKVSFAT,1.0,train,999
50,MGDEDWEAEINPHMSSYVPIFEKDRYSGENGDNFNRTPASSSEMDDGPSRRDHFMKSGFASGRNFGNRDAGECNKRDNTSTMGGFGVGKSFGNRGFSNSRFEDGDSSGFWRESSNDCEDNPTRNRGFSKRGGYRDGNNSEASGPYRRGGRGSFRGCRGGFGLGSPNNDLDPDECMQRTGGLFGSRRPVLSGTGNGDTSQSRSGSGSERGGYKGLNEEVITGSGKNSWKSEAEGGES,0.0,train,999
83,DGSMMMQSGGGSGQGGSTQSTAALMLAGGLKGVGPAPSANASADSSSKYSGGSMVKRKTVPQGGKVMRNNVPTGGSNVSVSQGGNGNSVGQNKGGYQPSMGMPSQYSYQGNSQIMHGSSQYRNQSHMGGANKLNGDSNANTNKPLPQRQMRQYQGSQSNSSLNYGGEPQSLGKPVHGSHGGHPGQNSNSPPLQTAGPQQQQQQQQQQQQQQQQQQPPQQQQHQNIQPQGQNTQPARQVRTRDNQMQELRQFGQDFQLAPSNTSPPQQQQQQQQQQQQHQVQQQQQRALQQSASPPQQQQQQQQQQQHVVLHQVPQTHLHQAALSQPHYVPQQQPQQAPLPQQQHVPHHMQQKAQQQQLVETQHQHVQKQHQSQPQVQQPPPQLLQDPSQQPLPIYHTMPP,0.0,train,999
109,MAEPRQEFEVMEDHAGTYGLGDRKDQGGYTMHQDQEGDTDAGLKESPLQTPTEDGSEEPGSETSDAKSTPTAEDVTAPLVDEGAPGKQAAAQPHTEIPEGTTAEEAGIGDTPSLEDEAAGHVTQARMVSKSKDGTGSDDKKAKGADGKTKIATPRGAAPPGQKGQANATRIPAKTPPAPKTPPSSGEPPKSGDRSGYSSPGSPGTPGSRSRTPSLPTPPTREPKKVAVVRTPPKSPSSAKSRLKIETHKLTFRENAKAKTDHGAEIVYKSPVVSGDTSPRHLSNVSSTGSIDMVDSPQLATLADEVSASLAKQGL,1.0,train,999
219,YGGKFGVEQDRMDRSAVGHEYQSKLSKHCSQVDSVRGFGGKFGVQMDRVDQSAVGFEYQGKTEKHASQKDYSSGFGGKYGVQADRVDKSAVGFDYQGKTEKHESQKDYSKGFGGKYGIDKDKVDKSAVGFEYQGKTEKHESQKDYVKGFGGKFGVQTDRQDKCALGWDHQEKLQLHESQKDYKTGFGGKFGVQSERQDSSAVGFDYKERLAKHESQQDYAKGFGGKYGVQKDRMDKNASTFEEVVQV,1.0,train,999
181,MSDSNQGNNQQNYQQYSQNGNQQQGNNRYQGYQAYNAQAQPAGGYYQNYQGYSGYQQGGYQQYNPDAGYQQQYNPQGGYQQYNPQGGYQQQFNPQGGRGNYKNFNYNNNLQGYQAGFQPQSQGMSLNDFQKQQKQAAPKPKKTLKLVSSSGIKLANATKKVGTKPAESDKKEEEKSAETKEPTKEPTKVEEPVKKEEKPVQTEEKTEEKSELPKVEDLKISESTHNTNNANVTSADALIKEQEEEVDDEVVNDMFGGKDHVSLIFMGHVDAGKSTMGGNLLYLTGSVDKRTIEKYEREAKDAGRQGWYLSWVMDTNKEERNDGKTIEVGKAYFETEKRRYTILDAPGHKMYVSEMIGGASQADVGVLVISARKGEYETGFERGGQTREHALLAKTQGVNKMVVVVNKMDDPTVNWSKERYDQCVSNVSNFLRAIGYNIKTDVVFMPVSGYSGANLKDHVDPKECPWYTGPTLLEYLDTMNHVDRHINAPFMLPIAAKMKDLGTIVEGKIESGHIKKGQSTLLMPNKTAVEIQNIYNETENEVDMAMCGEQVKLRIKGVEEEDISPGFVLTSPKNPIKSVTKFVAQIAIVELKSIIAAGFSCVMHVHTAIEEVHIVKLLHKLEKGTNRKSKKPPAFAKKGMKVIAVLETEAPVCVETYQDYPQLGRFTLRDQGTTIAIGKIVKIAE,1.0,train,999
183,MSEEQFGGDGAAAAATAAVGGSAGEQEGAMVAATQGAAAAAGSGAGTGGGTASGGTEGGSAESEGAKIDASKNEEDEGHSNSSPRHSEAATAQREEWKMFIGGLSWDTTKKDLKDYFSKFGEVVDCTLKLDPITGRSRGFGFVLFKESESVDKVMDQKEHKLNGKVIDPKRAKAMKTKEPVKKIFVGGLSPDTPEEKIREYFGGFGEVESIELPMDNKTNKRRGFCFITFKEEEPVKKIMEKKYHNVGLSKCEIKVAMSKEQYQQQQQWGSRGGFAGRARGRGGGPSQNWNQGYSNYWNQGYGNYGYNSQGYGGYGGYDYTGYNNYYGYGDYSNQQSGYGKVSRRGGHQNSYKPY,1.0,train,999
205,NRQLERSGRFGGNPGGFGNQGGFGNSRGGGAGLGNNQGSNMGGGMNFGAFSINPAMMAAAQAALQSSWGMMGMLASQQNQSGPSGNNQNQGNMQREPNQAFGSGNNSYSGSNSGAAIGWGSASNAGSGSGFNGGFGSSMDSKSSGWGM,1.0,train,999
4,MASNDYTQQATQSYGAYPTQPGQGYSQQSSQPYGQQSYSGYSQSTDTSGYGQSSYSSYGQSQNTGYGTQSTPQGYGSTGGYGSSQSSQSSYGQQSSYPGYGQQPAPSSTSGSYGSSSQSSSYGQPQSGSYSQQPSYGGQQQSYGQQQSYNPPQGYGQQNQYNS,0.0,train,999
15,NRQLERSGRFGGNPGGFGNQGGFGNSRGGGAGLGNNQGSNMGGGMNFGAFSINPQNQSGPSGNNQNQGNMQREPNQAFGSGNNSYSGSNSGAAIGWGSASNAGSGSGFNGGFGSSMDSKSSGWGM,0.0,train,999
75,MSTAREQPIFSTRAHVFQIDPATKRNWIPAGKHALTVSYFYDATRNVYRIISIGGAKAIINSTVTPNMTFTKTSQKFGQWADSRANTVYGLGFASEQHLTQFAEKFQEVKEAARLAREKSQDGGELTSPALGLASHQVPPSPLVSANGPGEEKLFRSQSADAPGPTERERLKKMLSEGSVGEVQWEAEFFALQDSNNKLAGALREANAAAAQWRQQLEAQRAEAERLRQRVAELEAQAASEVTPTGEKEGLGQGQSLEQLEALVQTKDQEIQTLKSQTGGPREALEAAEREETQQKVQDLETRNAELEHQLRAMERSLEEARAERERARAEVGRAAQLLDVSLFELSELREGLARLAEAAP,0.0,train,999
135,MEDDAPMNLCNEQFEEIEDSPIDDNDNESFYNADGDVELEEEEVHETPKNFKNGGRFKTNMTNPKVNDLTTIEEKNEDLRSAASSRSASRPASVMSDKSFSSQFEFQSGGENAIEEYTNQVFADENKADLLFPETSKFMNGASPPKDKHHSWEPSIHHYDKQPPPDIQTNSPVFGNLNHRKNKLIPQARAKPGANDNEIVERDNDENVPTTSDKSAFITSPMNSTNHDEKTSTPKRPTNRKIGQYQGPNFDLSSIYVGSPQHQNTSISTGQQMPTSSYSHAHSETMMTNQTINESMVRRVLNGNNKNQDLFAALEEARKRRAAQPSKPDFRINTTRTRVPIKPTSARHSGNVVSSTSNDNTTAASSKDLTTSRKAMETFRQNASMADATNSNTASMTSILSTISTARTDISRSSRNHGGGFSNTSVSTVIPANNGNVSLSHGRDGRDSVSSVRTMSRASSTSTVYAGSTFSGVSKPLRIHAKRVAFGCVAVGETLRVEVEVENISDRQCLVRASTDSTTPVYQILDNKLTMVDPKKSIKFQVSFSPSSVGRYQVIMSIEVPAQNFIHKIPMWGNGGIAKFVPTSPDLQQTINQSEYAMCTSCAKRISFKISNSAGTRDGFAMIKVFDSAMRQLPDGCVAFFPAPGFIVKKKSDKRVDIRIDSSYIDLHDENNFRTSSSLSTASTTSSFQRRILPGAKFFVHVVWGEETMRTRLRLLEVRTGQHQLIDGHDFTSFQFSDEEVLRAVPVGFPAIKPEDRDLFAASYRSFFINFFTSTTEFRAATSRKKKEICSNDDSTLLETTAFRNQTFVNDVTIVPNTRFSNRK,1.0,train,999
5,DRGGRGRGGSGGGGGGGGGGYNRSSGGYEPRGRGGGRGGRGGMGGSDRGGFNKFGGPRDQGSRHDSEQDNSDNNTIFVQGLGENVTIESVADYFKQIGIIKTNKKTGQPMINLYTDRETGKLKGEATVSFDDPPSAKAAIDWFDGKEFSGNPIKVSFATRRADFNRGGGNGRGGRGRGGPMGRGGYGGGGSGGGGRGGFPSGGGGGGGQQRAGDWKCPNPTCENMNFSWRNECNQCKAPKPDGPGGGPGGSHMGGNYGDDRRGGRGGYDRGGYRGRGGDRGGFRGGRGGGDRGGFGPGKMDSRGEHRQDRRERPY,0.0,train,999
37,MGSSHHHHHHSSGLVPRGSHMRIILLGAPGAGKGTQAQFIMEKYGIPQISTGDMLRAAVKSGSELGKQAKDIMDAGKLVTDELVIALVKERIAQEDCRNGFLLDGFPRTIPQADAMKEAGINVDYVLEFDVPDELIVDRIVGRRVHAPSGRVYHVKFNPPKVEGKDDVTGEELTTRKDDQEETVRKRLVEYHQMTAPLIGYYSKEAEAGNTKYAKVDGTKPVAEVRADLEKILG,0.0,train,999
136,MEDEMPKTLYVGNLSRDVTEALILQLFSQIGPCKNCKMIMDTAGNDPYCFVEFHEHRHAAAALAAMNGRKIMGKEVKVNWATTPSSQKKDTSSSTVVSTQRSQDHFHVFVGDLSPEITTEDIKAAFAPFGRISDARVVKDMATGKSKGYGFVSFFNKWDAENAIQQMGGQWLGGRQIRTNWATRKPPAPKSTYESNTKQLSYDEVVNQSSPSNCTVYCGGVTSGLTEQLMRQTFSPFGQIMEIRVFPDKGYSFVRFNSHESAAHAIVSVNGTTIEGHVVKCYWGKETLDMINPVQQQNQIGYPQPYGQWGQWYGNAQQIGQYMPNGWQVPAYGMYGQAWNQQGFNQTQSSAPWMGPNYGVQPPQGQNGSMLPNQPSGYRVAGYETQ,1.0,train,999
8,QQINSNNNSNSNGPGHKRYYNNRDSNNNRGNYNRRNNNNGNSNRRPYSQNRQYNNSNSSNINNSINSINSNNQNMNNGLGGSVQHHFNSSSPQKVEF,0.0,train,999
170,MMLSTEGREGFVVKVRGLPWSCSADEVMRFFSDCKIQNGTSGIRFIYTREGRPSGEAFVELESEEEVKLALKKDRETMGHRYVEVFKSNSVEMDWVLKHTGPNSPDTANDGFVRLRGLPFGCSKEEIVQFFSGLEIVPNGMTLPVDFQGRSTGEAFVQFASQEIAEKALKKHKERIGHRYIEIFKSSRAEVRTHYDPPRKLMAMQRPGPYDRPGAGRGYNSIGRGAGFERMRRGAYGGGYGGYDDYGGYNDGYGFGSDRFGRDLNYCFSGMSDHRYGDGGSSFQSTTGHCVHMRGLPYRATENDIYNFFSPLNPMRVHIEIGPDGRVTGEADVEFATHEDAVAAMAKDKANMQHRYVELFLNSTAGTSGGAYDHSYVELFLNSTAGASGGAYGSQMMGGMGLSNQSSYGGPASQQLSGGYGGGYGGQSSMSGYDQVLQENSSDYQSNLA,1.0,train,999
13,ASERTVAWVSNMPHLSADIESAHIEREEYKLKEYSKSMDESRLDRVKEYEEEIHSLKERLHMSNRKLEEYERRLLSQEEQTSKILMQYQARLEQSEKRLRQQQVEKDSQIKSIIGRLMLVEEELRRDHPAMAEPLPEPKKRLLDAQELGRGSFPPWVQQTRV,0.0,train,999
35,MSDSGSYGQSGGEQQSYSTYGNPGSQGYGQASQSYSGYGQTTDSSYGQNYSGYSSYGQSYSQSYGGYENQKQSSYSQQPYNNQGQQQNMESSGSQGGRAPSYDQPDYGQQDSYDQQSGYDQHQGSYDEQSNYDQQHDSYSQNQQSYHSQRENYSHHTQDDRRDVSRYGEDNRGYGGSQGG,0.0,train,999
40,MEANKREIVDFGGLRSYFFPNLAHYITKNDEELFNNTSQANKLAAFVLGASKDAPGDEDILEMILPNDANAAVIAAGMDVCLLLGDKFRPKFDAAAEKLSGLGHAHDLVSVIDDDKKLGMLARKAKLKKTEDAKILQALLKVIAIDDAAEKFVELTELVSQLDLDFDVYVLTKILGLISEETSDEVDIIRDNVVNAFDSCKPLLKQLMLDGPKSE,0.0,train,999
17,MSEYIRVTEDENDEPIEIPSEDDGTVLLSTVTAQFPGACGLRYRNPVSQCMRGVRLVEGILHAPDAGWGNLVYVVQKTSDLIVLGLPWKTTEQDLKEYFSTFGEVLMVQVKKDLKTGHSKGFGFVRFTEYETQVKVMSQRHMIDGRWCDCKLPNSKQSQDEPLRSRKVFVGRCTEDMTEDELREFFSQYGDVMDVFIPKPFRAFAFVTFADDQIAQSLCGEDLIIKGISVHISNAEPKHNSNRQLERSGRFGGNPGGFGNQGGFGNSRGGGAGLGNNQGSNMGGGMNFGAFSINPAMMAAAQAALQSSWGMMGMLASQQNQSGPSGNNQNQGNMQREPNQAFGSGNNSYSGSNSGAAIGWGSASNAGSGSGFNGGFGSSMDSKSSGWGM,0.0,train,999
139,MEELSSVGEQVFAAECILSKRLRKGKLEYLVKWRGWSSKHNSWEPEENILDPRLLLAFQKKEHEKEVQNRKRGKRPRGRPRKLTAMSSCSRRSKLKEPDAPSKSKSSSSSSSSTSSSSSSDEEDDSDLDAKRGPRGRETHPVPQKKAQILVAKPELKDPIRKKRGRKPLPPEQKATRRPVSLAKVLKTARKDLGAPASKLPPPLSAPVAGLAALKAHAKEACGGPSAMATPENLASLMKGMASSPGRGGISWQSSIVHYMNRMTQSQAQAASRLALKAQATNKCGLGLDLKVRTQKGELGMSPPGSKIPKAPSGGAVEQKVGNTGGPPHTHGASRVPAGCPGPQPAPTQELSLQVLDLQSVKNGMPGVGLLARHATATKGVPATNPAPGKGTGSGLIGASGATMPTDTSKSEKLASRAVAPPTPASKRDCVKGSATPSGQESRTAPGEARKAATLPEMSAGEESSSSDSDPDSASPPSTGQNPSVSVQTSQDWKPTRSLIEHVFVTDVTANLITVTVKESPTSVGFFNLRHY,1.0,train,999
95,GRGRGGSGGGGGGGGGGYNRSSGGYEPRGRGGGRGGRGGMGGSDRGGFNKFGGPRDQGSRHDSEQDNSDNNTIFVQGLGENVTIESVADYFKQIGIIKTNKKTGQPMINLYTDRETGKLKGEATVSFDDPPSAKAAIDWFDGKEFSGNPIKVSFATRRADFNRGGGNGRGGRGRGGPMGRGGYGGGGSGGGGRGGFPSGGGGGGGQQRAGDWKCPNPTCENMNFSWRNECNQCKAPKPDGPGGGPGGSHMGGNYGDDRRGGRGGYDRGGYRGRGGDRGGFRGGRGGGDRGGFGPGKMDSRGEHRQDRRERPY,1.0,train,999
45,MMVWTPVNNKMFETFSYLPPLTDEQIAAQVDYIVANGWIPCLEFAEADKAYVSNESAIRFGSVSCLYYDNRYWTMWKLPMFGCRDPMQVLREIVACTKAFPDAYVRLVAFDNQKQVQIMGFLVQRPKTARDFQPANKRSV,0.0,train,999
6,MASNDYTQQATQSYGAYPTQPGQGYSQQSSQPYGQQSYSGYSQSTDTSGYGQSSYSSYGQSQNTGYGTQSTPQGYGSTGGYGSSQSSQSSYGQQSSYPGYGQQPAPSSTSGSYGSSSQSSSYGQPQSGSYSQQPSYGGQQQSYGQQQSYNPPQGYGQQNQYNSSSGGGGGGGGGGNYGQDQSSMSSGGGSGGGYGNQDQSGGGGSGGYGQQDRG,0.0,train,999
31,MASLTVKAYLLGKEDAAREIRRFSFCCSPEPEAEAEAAAGPGPCERLLSRVAALFPALRPGGFQAHYRDEDGDLVAFSSDEELTMAMSYVKDDIFRIYIKEKKECRRDHRPPCAQEAPRNMVHPNVICDGCNGPVVGTRYKCSVCPDYDLCSVCEGKGLHRGHTKLAFPSPFGHLSEGFSHSRWLRKVKHGHFGWPGWEMGPPGNWSPRPPRAGEARPGPTAESASGPSEDPSVNFLKNVGESVAAALSPLGIEVDIDVEHGGKRSRLTPVSPESSSTEEKSSSQPSSCCSDPSKPGGNVEGATQSLAEQMRKIALESEGRPEEQMESDNCSGGDDDWTHLSSKEVDPSTGELQSLQMPESEGPSSLDPSQEGPTGLKEAALYPHLPPEADPRLIESLSQMLSMGFSDEGGWLTRLLQTKNYDIGAALDTIQYSKHPPPL,0.0,train,999
52,MSLVNSHSSASVENAAYNLHRAFSSSTENVGHMTPSNSSPLHHSTVVAMGAESQGGGASNNNNNPANPGSTANNNSNNVNMNSIGGGASLGAGSGATGSISGTKGMNNSHSPLHIATMLNTLSMNSNPPSQQQSNVQGPYLVRLQNVPKDTTLRECHALFALAHGVLSIELSSFQQYAERSQTSGQESTNYIVAKFDSLHLACQYATILDEKAQIFGPSFPFKTYVEVVDELTQQQIPFQTQMQMHQGSPPAPTHVTAYQQPLLSASGVVSPPQSASSVKRPSLLVQRSRFSFTDPFSSEQTNMGSQQPDLITTPLKGHQDTGKSFLLMESDEINDSIWGNGTGIPSSISGLTTSQPPTPHLEWGTTGRRQSSTFYPSQSNTEIPPMHLTGQVQSSQLATGLQQPLPQPQRQSLSYNLVTPLSSDMNLPPQSSQGGILPHQAPAQTQPQSQALQHHQHLHGSSRNSISKTLQVNGPKNAAAALQNTNGISQVDLSLLAKVPPPANPADQNPPCNTLYVGNLPPDATEQELRQLFSSQKGFRRLSFRNKNNNGNGHGPMCFVEFEDVAHATRALAELYGSQLARTSGTHNNKGGIRLSFSKNPLGVRGPNSRRGGATNNTSNAGTTNYSYAAAFGKS,0.0,train,999
180,MSDSNQGNNQQNYQQYSQNGNQQQGNNRYQGYQAYNAQAQPAGGYYQNYQGYSGYQQGGYQQYNPDAGYQQQYNPQGGYQQYNPQGGYQQQFNPQGGRGNYKNFNYNNNLQGYQAGFQPQSQGMSLNDFQKQQKQAAPKPKKTLKLVSSSGIKLANATKKVGTKPAESDKKEEEKSAETKEPTKEPTKVEEPVKKEEKPVQTEEKTEEKSELPKVEDLKISESTHNTNNANVTSADALIKEQEEEVDDEVVNDM,1.0,train,999
162,MGSSHHHHHHHHASENLYFQSADITDKTAEQLENLNIQDDQKQAATGSESQSVENSSASLYVGDLEPSVSEAHLYDIFSPIGSVSSIRVCRDAITKTSLGYAYVNFNDHEAGRKAIEQLNYTPIKGRLCRIMWSQRDPSLRKKGSRKERDSQLEETKAHYTNLYVKNINSETTDEQFQELFAKFGPIVSASLEKDADGKLKGFGFVNYEKHEDAVKAVEALNDSELNGEKLYVGRAQKKNERMHVLKKQYEAYRLEKMAKYQGVNLFVKNLDDSVDDEKLEEEFAPYGTITSAKVMRTENGKSKGFGFVCFSTPEEATKAITEKNQQIVAGKPLYVAIAQRKDVRRSQLAQQIQARNQMRYQQATAAAAAAAAGMPGQFMPPMFYGVMPPRGVPFNGPNPQQMNPMGGMPKNGMPPQFRNGPVYGVPPQGGFPRNANDNNQFYQQKQRQALGEQLYKKVSAKTSNEEAAGKITGMILDLPPQEVFPLLESDELFEQHYKEASAAYESFKKEQEQQTEQA,1.0,train,999
143,MESNQSNNGGSGNAALNRGGRYVPPHLRGGDGGAAAAASAGGDDRRGGAGGGGYRRGGGNSGGGGGGGYDRGYNDNRDDRDNRGGSGGYGRDRNYEDRGYNGGGGGGGNRGYNNNRGGGGGGYNRQDRGDGGSSNFSRGGYNNRDEGSDNRGSGRSYNNDRRDNGGDGQNTRWNNLDAPPSRGTSKWENRGARDERIEQELFSGQLSGINFDKYEEIPVEATGDDVPQPISLFSDLSLHEWIEENIKTAGYDRPTPVQKYSIPALQGGRDLMSCAQTGSGKTAAFLVPLVNAILQDGPDAVHRSVTSSGGRKKQYPSALVLSPTRELSLQIFNESRKFAYRTPITSALLYGGRENYKDQIHKLRLGCHILIATPGRLIDVMDQGLIGMEGCRYLVLDEADRMLDMGFEPQIRQIVECNRMPSKEERITAMFSATFPKEIQLLAQDFLKENYVFLAVGRVGSTSENIMQKIVWVEEDEKRSYLMDLLDATGDSSLTLVFVETKRGASDLAYYLNRQNYEVVTIHGDLKQFEREKHLDLFRTGTAPILVATAVAARGLDIPNVKHVINYDLPSDVDEYVHRIGRTGRVGNVGLATSFFNDKNRNIARELMDLIVEANQELPDWLEGMSGDMRSGGGYRGRGGRGNGQRFGGRDHRYQGGSGNGGGGNGGGGGFGGGGQRSGGGGGFQSGGGGGRQQQQQQRAQPQQDWWS,1.0,train,999
55,MEDSMDMDMSPLRPQNYLFGCELKADKDYHFKVDNDENEHQLSLRTVSLGAGAKDELHIVEAEAMNYEGSPIKVTLATLKMSVQPTVSLGGFEITPPVVLRLKCGSGPVHISGQHLVAVEEDAESEDEEEEDVKLLSISGKRSAPGGGSKVPQKKVKLAADEDDDDDDEEDDDEDDDDDDFDDEEAEEKAPVKKSIRDTPAKNAQKSNQNGKDSKPSSTPRSKGQESFKKQEKTPKTPKGPSSVEDIKAKMQASIEKGGSLPKVEAKFINYVKNCFRMTDQEAIQDLWQWRKSL,0.0,train,999
22,MAENGESSGPPRPSRGPAAAQGSAAAPAEPKIIKVTVKTPKEKEEFAVPENSSVQQFKEAISKRFKSQTDQLVLIFAGKILKDQDTLIQHGIHDGLTVHLVIKSQNRPQGQSTQPSNAAGTNTTSASTPRSNSTPISTNSNPFGLGSLGGLAGLSSLGLSSTNFSELQSQMQQQLMASPEMMIQIMENPFVQSMLSNPDLMRQLIMANPQMQQLIQRNPEISHLLNNPDIMRQTLEIARNPAMMQEMMRNQDLALSNLESIPGGYNALRRMYTDIQEPMLNAAQEQFGGNPFASVGSSSSSGEGTQPSRTENRDPLPNPWAPPPATQSSATTSTTTSTGSGSGNSSSNATGNTVAAANYVASIFSTPGMQSLLQQITENPQLIQNMLSAPYMRSMMQSLSQNPDLAAQMMLNSPLFTANPQLQEQMRPQLPAFLQQMQNPDTLSAMSNPRAMQALMQIQQGLQTLATEAPGLIPSFTPGVGVGVLGTAIGPVGPVTPIGPIGPIVPFTPIGPIGPIGPTGPAAPPGSTGSGGPTGPTVSSAAPSETTSPTSESGPNQQFIQQMVQALAGANAPQLP,0.0,train,999
187,MSEYQPSLFALNPMGFSPLDGSKSTNENVSASTSTAKPMVGQLIFDKFIKTEEDPIIKQDTPSNLDFDFALPQTATAPDAKTVLPIPELDDAVVESFFSSSTDSTPMFEYENLEDNSKEWTSLFDNDIPVTTDDVSLADKAIESTEEVSLVPSNLEVSTTSFLPTPVLEDAKLTQTRKVKKPNSVVKKSHHVGKDDESRLDHLGVVAYNRKQRSIPLSPIVPESSDPAALKRARNTEAARRSRARKLQRMKQLEDKVEELLSKNYHLENEVARLKKLVGER,1.0,train,999
171,MMNFLRRRLSDSSFIANLPNGYMTDLQRPEPQQPPPPPPPGPGAASASAAPPTASPGPERRPPPASAPAPQPAPTPSVGSSFFSSLSQAVKQTAASAGLVDAPAPAPAAARKAKVLLVVDEPHADWAKCFRGKKVLGDYDIKVEQAEFSELNLVAHADGTYAVDMQVLRNGTKVVRSFRPDFVLIRQHAFGMAENEDFRHLIIGMQYAGLPSINSLESIYNFCDKPWVFAQLVAIYKTLGGEKFPLIEQTYYPNHKEMLTLPTFPVVVKIGHAHSGMGKVKVENHYDFQDIASVVALTQTYATAEPFIDSKYDIRVQKIGNNYKAYMRTSISGNWKTNTGSAMLEQIAMSDRYKLWVDTCSEMFGGLDICAVKAVHGKDGKDYIFEVMDCSMPLIGEHQVEDRQLITELVISKMNQLLSRTPALSPQRPLTTQQPQSGTLKDPDSSKTPPQRPPPQGGPGQPQGMQPPGKVLPPRRLPPGPSLPPSSSSSSSSSSSAPQRPGGPTTHGDAPSSSSSLAEAQPPLAAPPQKPQPHPQLNKSQSLTNAFSFSESSFFRSSANEDEAKAETIRSLRKSFASLFSD,1.0,train,999
138,MEDNSVLNEDSNLEHVEGQPRRSMSQPVLNVEGDKRTSSTSATQQQVLSGAFSSADVRSIPIIQTWEENKALKTKITILRGELQMYQRRYSEAKEASQKRVKEVMDDYVDLKLGQENVQEKMEQYKLMEEDLLAMQSRIETSEDNFARQMKEFEAQKHAMEERIKELELSATDANNTTVGSFRGTLDDILKKNDPDFTLTSGYEERKINDLEAKLLSEIDKVAELEDHIQQLRQELDDQSARLADSENVRAQLEAATGQGILGAAGNAMVPNSTFMIGNGRESQTRDQLNYIDDLETKLADAKKENDKARQALVEYMNKCSKLEHEIRTMVKNSTFDSSSMLLGGQTSDELKIQIGKVNGELNVLRAENRELRIRCDQLTGGDGNLSISLGQSRLMAGIATNDVDSIGQGNETGGTSMRILPRESQLDDLEESKLPLMDTSSAVRNQQQFASMWEDFESVKDSLQNNHNDTLEGSFNSSMPPPGRDATQSFLSQKSFKNSPIVMQKPKSLHLHLKSHQSEGAGEQIQNNSFSTKTASPHVSQSHIPILHDMQQILDSSAMFLEGQHDVAVNVEQMQEKMSQIREALARLFERLKSSAALFEEILERMGSSDPNADKIKKMKLAFETSINDKLNVSAILEAAEKDLHNMSLNFSILEKSIVSQAAEASRRFTIAPDAEDVASSSLLNASYSPLFKFTSNSDIVEKLQNEVSELKNELEMARTRDMRSPLNGSSGRLSDVQINTNRMFEDLEVSEATLQKAKEENSTLKSQFAELEANLHQVNSKLGEVRCELNEALARVDGEQETRVKAENALEEARQLISSLKHEENELKKTITDMGMRLNEAKKSDEFLKSELSTALEEEKKSQNLADELSEELNGWRMRTKEAENKVEHASSEKSEMLERIVHLETEMEKLSTSEIAADYCSTKMTERKKEIELAKYREDFENAAIVGLERISKEISELTKKTLKAKIIPSNISSIQLVCDELCRRLSREREQQHEYAKVMRDVNEKIEKLQLEKDALEHELKMMSSNNENVPPVGTSVSGMPTKTSNQKCAQPHYTSPTRQLLHESTMAVDAIVQKLKKTHNMSGMGPELKETIGNVINESRVLRDFLHQKLILFKGIDMSNWKNETVDQLITDLGQLHQDNLMLEEQIKKYKKELKLTKSAIPTLGVEFQDRIKTEIGKIATDMGGAVKEIRKK,1.0,train,999
90,ESNQSNNGGSGNAALNRGGRYVPPHLRGGDGGAAAAASAGGDDRRGGAGGGGYRRGGGNSGGGGGGGYDRGYNDNRDDRDNRGGSGGYGRDRNYEDRGYNGGGGGGGNRGYNNNRGGGGGGYNRQDRGDGGSSNFSRGGYNNRDEGSDNRGSGRSYNNDRRDNGGDG,1.0,train,999
149,MFRKLAAECFGTFWLVFGGCGSAVLAAGFPELGIGFAGVALAFGLTVLTMAFAVGHISGGHFNPAVTIGLWAGGRFPAKEVVGYVIAQVVGGIVAAALLYLIASGKTGFDAAASGFASNGYGEHSPGGYSMLSALVVELVLSAGFLLVIHGATDKFAPAGFAPIAIGLALTLIHLISIPVTNTSVNPARSTAVAIFQGGWALEQLWFFWVVPIVGGIIGGLIYRTLLEKRD,1.0,train,999
212,RETSDRVLYVGNLDKAITEDILKQYFQVGGPIANIKIMIDKNNKNVNYAFVEYHQSHDANIALQTLNGKQIENNIVKINWAFQDTFNLFVGDLNVNVDDETLRNAFKDFPSYLSGHVMWDMQTGSSRGYGFVSFTSQDDAQNAMDSMQGQDLNGRPLRINWAAKRDNTAYIGNIPHFATEADLIPLFQNFGFILDFKHYPEKGCCFIKYDTHEQAAVCIVALANFPFQGRNLRTGWGKERSNFMPQ,1.0,test,0
156,MGSSHHHHHHHHASENLYFQSADITDKTAEQLENLNIQDDQKQAATGSESQSVENSSASLYVGDLEPSVSEAHLYDIFSPIGSVSSIRVCRDAITKTSLGYAYVNFNDHEAGRKAIEQLNYTPIKGRLCRIMWSQRDPSLRKKGSGNIFIKNLHPDIDNKALYDTFSVFGDILSSKIATDENGKSKGFGFVHFEEEGAAKEAIDALNGMLLNGQEIYVAPHLSRKERDSQLEETKAHYTNLYVKNINSETTDEQFQELFAKFGPIVSASLEKDADGKLKGFGFVNYEKHEDAVKAVEALNDSELNGEKLYVGRAQKKNERMHVLKKQYEAYRLEKMAKYQG,1.0,test,1
53,MSLVNSHSSASVENAAYNLHRAFSSSTENVGHMTPSNSSPLHHSTVVAMGAESQGGGASNNNNNPANPGSTANNNSNNVNMNSIGGGASLGAGSGATGSISGTKGMNNSHSPLHIATMLNTLSMNSNPPSQQQSNVQGPYLVRLQNVPKDTTLRECHALFALAHGVLSIELSSFQQYAERSQTSGQESTNYIVAKFDSLHLACQYATILDEKAQIFGPSFPFKTYVEVVDELTQQQIPFQTQMQMHQGSPPAPTHVTAYQQPLLSASGVVSPPQSASSVKRPSLLVQRSRFSFTDPFSSEQTNMGSQQPDLITTPLKGHQDTGKSFLLMESDEINDSIWGNGTGIPSSISGLTTSQPPTPHLEWGTTGRRQSSTFYPSQSNTEIPPMHLTGQVQSSQLATGLQQPLPQPQRQSLSYNLVTPLSSDMNLPPQSSQGGILPHQAPAQTQPQSQALQHHQHLHHQQQQLQQQQHHLQQQQHQQQQQSLSQQPQQQQSQQSQAHSQQHQQQHQQQQQQQQPQQQQPQQHPPQQPQQQNSQQAIVGQSQQQVTSGQQKGSSRNSISKTLQVNGPKNAAAALQNTNGISQVDLSLLAKVPPPANPADQNPPPLGVRGPNSRRGGATNNTSNAGTTNYSYAAAFGKS,0.0,test,1
25,MEANKRQIVEVDGIKSYFFPHLAHYLASNDELLVNNIAQANKLAAFVLGATDKRPSNEEIAEMILPNDSSAYVLAAGMDVCLILGDDFRPKFDSGAEKLSQLGQAHDLAPIIDDEKKISMLARKTKLKKSNDAKILQVLLKVLGAEEAEEKFVELSELSSALDLDFDVYVLAKLLGFASEELQEEIEIIRDNVTDAFEACKPLLKKLMIEGPKIDSVDPFTQLLLTPQEESIEKAVSHIVARFEEASAVEDDESLVLKSQLGYQLIFLVVRSLADGKRDASRTIQSLMPSSVRAEVFPGLQRSVFKSAVFLASHIIQVFLGSMKSFEDWAFVGLAEDLESTWRRRAIAELLKKFRISVLEQCFSQPIPLLPQSELNNETVIENVNNALQFALWITEFYGSESEKKSLNQLQFLSPKSKNLLVDSFKKFAQGLDSKDHVNRIIESLEKSSSSEPSATAKQTTTSNGPTTVSTAAQVVTVEKMPFSRQTIPCEGTDLANVLNSAKIIGESVTVAAHDVIPEKLNAEKNDNTPSTASPVQFSSDGWDSPTKSVALPPKISTLEEEQEEDTTITKVSPQPQERTGTAWGSGDATPVPLATPVNEYKVSGFGAAPVASGFGQFAS,0.0,test,0
71,MSHVAVENALGLDQQFAGLDLNSSDNQSGGSTASKGRYIPPHLRNREATKGFYDKDSSGWSSSKDKDAYSSFGSRSDSRGKSSFFSDRGSGSRGRFDDRGRSDYDGIGSRGDRSGFGKFERGGNSRWCDKSDEDDWSKPLPPSERLEQELFSGGNTGINFEKYDDIPV,0.0,test,0
59,MAGHLASDFAFSPPPGGGGDGPGGPEPGWVDPRTWLSFQGPPGGPGIGPGVGPGSEVWGIPPCPPPYEFCGGMAYCGPQVGVGLVPQGGLETSQPEGEAGVGVESNSDGASPEPCTVTPGAVKLEKEKLEQNPEESQDIKALQKELEQFAKLLKQKRITLGYTQADVGLTLGVLFGKVFSQTTICRFEALQLSFKNMCKLRPLLQKWVEEADNNENLQEICKAETLVQARKRKRTSIENRVRGNLENLFLQCPKPTLQQISHIAQQLGLEKDVVRVWFCNRRQKGKRSSSDYAQREDFEAAGSPFSGGPVSFPLAPGPHFGTPGYGSPHFTALYSSVPFPEGEAFPPVSVTTLGSPMHSN,0.0,test,1
105,MAENGESSGPPRPSRGPAAAQGSAAAPAEPKIIKVTVKTPKEKEEFAVPENSSVQQFKEAISKRFKSQTDQLVLIFAGKILKDQDTLIQHGIHDGLTVHLVIKSQNRPQGQSTQPSNAAGTNTTSASTPRSNSTPISTNSNPFGLGSLGGLAGLSSLGLSSTNFSELQSQMQQQLMASPEMMIQIMENPFVQSMLSNPDLMRQLIMANPQMQQLIQRNPEISHLLNNPDIMRQTLEIARNPAMMQEMMRNQDLALSNLESIPGGYNALRRMYTDIQEPMLNAAQEQFGGNPFASVGSSSSSGEGTQPSRTENRDPLPNPWAPPPATQSSATTSTTTSTGSGSGNSSSNATGNTVAAANYVASIFSTPGMQSLLQQITENPQLIQNMLSAPYMRSMMQSLSQNPDLAAQMMLNSPLFTANPQLQEQMRPQLPAFLQQMQNPDTLSAMSNPRAMQALMQIQQGLQTLATEAPGLIPSFTPGVGVGVLGTAIGPVGPVTPIGPIGPIVPFTPIGPIGPIGPTGPAAPPGSTGSGGPTGPTVSSAAPSETTSPTSESGPNQQFIQQMVQALAGANAPQL,1.0,test,1
48,GTGRRIHSYRGHLWLF,0.0,test,0
44,SSATNRVSPTRSVLPANWRQELESLRNGNGSSSAASSAPAPARSSSASWRDAAPASSAPARSSSASKKAVTPSRSALPSNWKQELESLRSSSPAPASSAPAPARSSSASWRDAAPASSAPARSSSSKKAVTPSRSALPSNWKQELESLRSSSPAPASSAPAPARSSSASWRDAAPASSAPARSSSASKKAVTPSRSALPSNWKQELESLRSNSPAPASSAPAPARSSSASWRDAPASSSSSSADKAGTNPWTGKSKPEIKRTALPADWRKGL,0.0,test,1
107,MAENGESSGPPRPSRGPAAAQGSAAAPAEPKIIKVTVKTPKEKEEFAVPENSSVQQFKEAISKRFKSQTDQLVLIFAGKILKDQDTLIQHGIHDGLTVHLVIKSQNRPQGQSTQPSNAAGTNTTSASTPRSNSTPISTNSNPFGLGSLGGLAGLSSLGLSSTNFSELQSQMQQQLMASPEMMIQIMENPFVQSMLSNPDLMRQLIMANPQMQQLIQRNPEISHLLNNPDIMRQTLEIARNPAMMQEMMRNQDLALSNLESIPGGYNALRRMYTDIQEPMLNAAQEQFGGNPFASVGSSSSSGEGTQPSRTENRDPLPNPWAPPPATQSSATTSTTTSTGSGSGNSSSNATGNTVAAANYVASIFSTPGMQSLLQQITENPQLIQNMLSAPYMRSMMQSLSQNPDLAAQMMLNSPLFTANPQLQEQMRPQLPAFLQQMQNPDTLSAMSNPRAMQALMQIQQGLQTLATEAPGLIPSFTPGVGVGVLGTGPTVSSAAPSETTSPTSESGPNQQFIQQMVQALAGANAPQLPNPEVRFQQQLEQLNAMGFLNREANLQALIATGGDINAAIERLLG,1.0,test,0
209,QRQRDASPGRGSHGQTPSPGALPLGRQTSQQPAGPPAQQRPPPQGGPPQPGPGPQRQGPPLQQRPPPQGQQHLSGLGPPAGSPLPQRLPSPTSAPQQPASQAAPPTQGQGRQSRPVAGGPGAPPAARPPASPSPQRQAGPPQATRQTSVSGPAPPKASGAPPGGQQRQGPPQKPPGPAGPTRQASQAGPVPRTGPPTTQQPRPSGPGPAGRPKPQLAQKPSQDVPPPATAAAGGPPHPQLNKSQSLTNAFNLPEPAPPRPSLSQDEVKAETIRSLRKSFASLFSD,1.0,test,1
36,MGSINNNFNTNNNSNTDLDRDWKTALNIPKKDTRPQTDDVLNTKGNTFEDFYLKRELLMGIFEAGFEKPSPIQEEAIPVAITGRDILARAKNGTGKTAAFVIPTLEKVKPKLNKIQALIMVPTRELALQTSQVVRTLGKHCGISCMVTTGGTNLRDDILRLNETVHILVGTPGRVLDLASRKVADLSDCSLFIMDEADKMLSRDFKTIIEQILSFLPPTHQSLLFSATFPLTVKEFMVKHLHKPYEINLMEELTLKGITQYYAFVEERQKLHCLNTLFSKLQINQAIIFCNSTNRVELLAKKITDLGYSCYYSHARMKQQERNKVFHEFRQGKVRTLVCSDLLTRGIDIQAVNVVINFDFPKTAETYLHRIGRSGRFGHLGLAINLINWNDRFNLYKIEQELGTEIAAIPATIDKSLYVAENDETVPVPFPIEQQSYHQQAIPQQQLPSQQQFAIPPQQHHPQFMVPPSHQQQQAYPPPQMPSQQGYPPQQEHFMAMPPGQSQPQY,0.0,test,1
131,MDVLSPGQGNNTTSPPAPFETGGNTTGISDVTVSYQVITSLLLGTLIFCAVLGNACVVAAIALERSLQNVANYLIGSLAVTDLMVSVLVLPMAALYQVLNKWTLGQVTCDLFIALDVLCCTSSILHLCAIALDRYWAITDPIDYVNKRTPRRAAALISLTWLIGFLISIPPMLGWRTPEDRSDPDACTISKDHGYTIYSTFGAFYIPLLLMLVLYGRIFRAARFRIRKTVKKVEKTGADTRHGASPAPQPKKSVNGESGSRNWRLGVESKAGGALCANGAVRQGDDGAALEVIEVHRVGNSKEHLPLPSEAGPTPCAPASFERKNERNAEAKRKMALARERKTVKTLGIIMGTFILCWLPFFIVALVLPFCESSCHMPTLLGAIINWLGYSNSLLNPVIYAYFNKDFQNAFKKIIKCKFCRQ,1.0,test,1
172,MNKFSVTVLLALVLIGFFAVQSDAGYGYDLGYNAPWPYNNGYYGYNGYNGYHGRYGWNKGWNNGPWGGY,1.0,test,0
47,MGKKQNKKKVEEVLEEEEEEYVVEKVLDRRVVKGKVEYLLKWKGFSDEDNTWEPEENLDCPDLIAEFLQSQKTAHETDKSEGGKRKADSDSEDKGEESKPKKKKEESEKPRGFARGLEPERIIGATDSSGELMFLMKWKNSDEADLVPAKEANVKCPQVVISFYEERLTWHSYPSEDDDKKDDKN,0.0,test,0
27,DSVDPFTQLLLTPQEESIEKAVSHIVARFEEASAVEDDESLVLKSQLGYQLIFLVVRSLADGKRDASRTIQSLMPSSVRAEVFPGLQRSVFKSAVFLASHIIQVFLGSMKSFEDWAFVGLAEDLESTWRRRAIAELLKKFRISVLEQCFSQPIPLLPQSELNNETVIENVNNALQFALWITEFYGSESEKKSLNQLQFLSPKSKNLLVDSFKKFAQGLDSKDHVNRIIESLEKSSSSEPSATAKQTTTSNGPTTVSTAAQVVTVEKMPFSRQTIPCEGTDLANVLNSAKIIGESVTVAAHDVIPEKLNAEKNDNTPSTASPVQFSSDGWDSPTKSVALPPKISTLEEEQEEDTTITKVSPQPQERTGTAWGSGDATPVPLATPVNEYKVSGFGAAPVASGFGQFASSNGTSGRGSYGGGRGGDRGGRGAYGGDRGRGGSGDGSRGYRGGDRGGRGSYGEGSRGYQGGRAGFFGGSRGGS,0.0,test,1
176,MQFFGAGPFNTAHHSAVSDAAAAHHDAAGEYAQNAATGLLDTHHNENHDMTHDLANGYGLHEHDEQHHGLADGLHQEYAARAAQGANAVHNDAAQSHSALAAANTFGHGHAPYAAYGHGVYGHGPYGHGPYGHGLYGHGLYGHGPYGHGLYGHGAFGHGLNAYAPLVGHGLRGYL,1.0,test,1
19,MGKKTKRTADSSSSEDEEEYVVEKVLDRRVVKGQVEYLLKWKGFSEEHNTWEPEKNLDCPELISEFMKKYKKMKEGENNKPREKSESNKRKSNFSNSADDIKSKKKREQSNDIARGFERGLEPEKIIGATDSCGDLMFLMKWKDTDEADLVLAKEANVKCPQIVIAFYEERLTWHAYPEDAENKEKETAKS,0.0,test,0
207,QNPILTSLLQITGNGGSTIGSSPTPPHHTPPPVSSMAGNTKNHPMLMNLLKDNPAQDFSTLYGSSPLERQNSSSGSPRMEICSGSNKTKKKKSSRLPPEKPKHQTEDDFQRELFSMDVDSQNPIFDVNMTADTLDTPHITPAPSQCSTPPTTYPQPVPHPQPSIQRMVRLSSSDSIGPDVTDILSDIAEEASKLPSTSDDCPAIGTPLRDSSSSGHSQSTLFDSDVFQTNNNENPYTDPADLIADAAGSPSSDSPTNHFFHDGVDFNPDLLNSQSQSGFGEEYFDESSQSGDNDDFKGFASQALNTLGVPMLGGDNGETKFKGNNQADTVDFSIISVAGKALAPADLMEHHSGSQGPLLTTGDLGKEKTQKRVKEGNGTSNSTLSGPGLDSKPGKRSRTPSNDGKSKDKPPKRKKADTEGKSPSHSSSNRPFTPPTSTGGSKSPGSAGRSQTPPGVATPPIPKITIQIPKGTVMVGKPSSHSQYTSSGSVSSSGSKSHHSHSSSSSSSASTSGKMKSSKSEGSSSSKLSSSMYSSQGSSGSSQSKNSSQSGGKPGSSPITKHGLSSGSSSTKMKPQGKPSSLMNPSLSKPNISPSHSRPPGGSDKLASPMKPVPGTPPSSKAKSPISSGSGGSHMSGTSSSSGMKSSSGLGSSGSLSQKTPPSSNSCTASSSSFSSSGSSMSSSQNQHGSSKGKSPSRNKKPSLTAVIDKLKHGVVTSGPGGEDPLDGQMGVSTNSSSHPMSSKHNMSGGEFQGKREKSDKDKSKVSTSGSSVDSSKKTSESKNVGSTGVAKIIISKHDGGSPSIKAKVTLQKPGESSGEGLRPQMASSKNYGSPLISGSTPKHERGSPSHSKSPAYTPQNLDSESESGSSIAEKSYQNSPSSDDGIRPLPEYSTEKHKKHKKEKKKVKDKDRDRDRDKDRDKKKSHSIKPESWSKSPISSDQSLSMTSNTILSADRPSRLSPDFMIGEEDDDLM,1.0,test,1
79,AAGHVTQARMVSKSKDGTGSDDKKAKGADGKTKIATPRGAAPPGQKGQANATRIPAKTPPAPKTPPSSGEPPKSGDRSGYSSPGSPGTPGSRSRTPSLPTPPTREPKKVAVVRTPPKSPSSAKSRLQTAPVPMPDLKNVKSKIGSTENLKHQPGGGKVQIINKKLDLSNVQSKCGSKDNIKHVPGGGSVQIVYKPVDLSKVTSKCGSLGNIHHKPGGGQVEVKSEKLDFKDRVQSKIGSLDNITHVPGGGNKKIETHKLTFRENAKAKTDHGAEIVYKSPVVSGDTSPRHLSNVSSTGSIDMVDSPQLATLADEVSASLAKQGL,0.0,test,1
147,MEVQLGLGRVYPRPPSKTYRGAFQNLFQSVREVIQNPGPRHPEAASAAPPGASLLLLQQQQQQQQQQQQQQQQQQQQQQQETSPRQQQQQQGEDGSPQAHRRGPTGYLVLDEEQQPSQPQSALECHPERGCVPEPGAAVAASKGLPQQLPAPPDEDDSAAPSTLSLLGPTFPGLSSCSADLKDILSEASTMQLLQQQQQEAVSEGSSSGRAREASGAPTSSKDNYLGGTSTISDNAKELCKAVSVSMGLGVEALEHLSPGEQLRGDCMYAPLLGVPPAVRPTPCAPLAECKGSLLDDSAGKSTEDTAEYSPFKGGYTKGLEGESLGCSGSAAAGSSGTLELPSTLSLYKSGALDEAAAYQSRDYYNFPLALAGPPPPPPPPHPHARIKLENPLDYGSAWAAAAAQCRYGDLASLHGAGAAGPGSGSPSAAASSSWHTLFTAEEGQLYGPCGGGGGGGGGGGGGGGGGGGGGGGEAGAVAPYGYTRPPQGLAGQESDFTAPDVWYPGGMVSRVPYPSPTCVKSEMGPWMDSYSGPYGDMRLETARDHVLPIDYYFPPQKT,1.0,test,1
76,ASERTVAWVSNMPHLSADIESAHIEREEYKLKEYSKSMDESRLDREYEEEIHSLKERLHMSNRKLEEYERRLLSQEEQTSKILMQYQARLEQSEKRLRQQQVEKDSQIKSIIGRLMLVEEELRRDHPAMAEPLPEPKKRLLDAQRGSFPPWVQQTRV,0.0,test,0
122,MASNDYTQQATQSYGAYPTQPGQGYSQQSSQPYGQQSYSGYSQSTDTSGYGQSSYSSYGQSQNTGYGTQSTPQGYGSTGGYGSSQSSQSSYGQQSSYPGYGQQPAPSSTSGSYGSSSQSSSYGQPQSGSYSQQPSYGGQQQSYGQQQSYNPPQGYGQQNQYNSSSGGGGGGGGGGNYGQDQSSMSSGGGSGGGYGNQDQSGGGGSGGYGQQDRGGRGRGGSGGGGGGGGGGYNRSSGGYEPRGRGGGRGGRGGMGGSDRGGFNKFGGPRDQGSRHDSEQDNSDNNTIFVQGLGENVTIESVADYFKQIGIIKTNKKTGQPMINLYTDRETGKLKGEATVSFDDPPSAKAAIDWFDGKEFSGNPIKVSFATRRADFNRGGGNGRGGRGRGGPMGRGGYGGGGSGGGGRGGFPSGGGGGGGQQRAGDWKCPNPTCENMNFSWRNECNQCKAPKP,1.0,test,1
133,MEANKREIVDFGGLRSYFFPNLAHYITKNDEELFNNTSQANKLAAFVLGASKDAPGDEDILEMILPNDANAAVIAAGMDVCLLLGDKFRPKFDAAAEKLSGLGHAHDLVSVIDDDKKLGMLARKAKLKKTEDAKILQALLKVIAIDDAAEKFVELTELVSQLDLDFDVYVLTKILGLISEETSDEVDIIRDNVVNAFDSCKPLLKQLMLDGPKSEPADPFISLLMDPLEESVGKVVNHIAQLFEEASKNEGDESLVLRSQLGYQLFFLIVRSLADGKREVSKKILSGIPTSVRAEVFPGLQRSVYKSAVFLGNHIIQVLLGSKKSFEDWDVVGVAKDLESAWKRRAIAELIKKFQVSILEQCFDKPVPLIPQSPLNNDAVIDNVNKALQFALWLTEFYGSENETEALGELRFLDSTSKNLLVDSFKKFVQGINSKTHVTRIVESLEKCCLSDTPSGRKSNVQPSTSQQQDSAYTKEEMTTVHNTYSVNTKAQVLNGLSDTNSSGLLVDSKDSLSLQEISCDEVDSSTLLSSSRNIGEGVTVKAVDPVPEKVNDAQQQQTVNEIEMASDANQDTSSSASPEVAPSFSTDGWDSPTKSVALPPGMQQIDEEETTVADKDSTPQPQARAETAWGSGDATPMPLPAPTNQYKVSGFGEAKVAKGFGQFAPTSSAYGGGGGRGGYGGGDRGGRGGYGGDRGGRGGYGGGDRGGRGGYGGDRGRGGYGGRGGRGGF,1.0,test,1
126,MASNDYTQQATQSYGAYPTQPGQGYSQQSSQPYGQQSYSGYSQSTDTSGYGQSSYSSYGQSQNTGYGTQSTPQGYGSTGGYGSSQSSQSSYGQQSSYPGYGQQPAPSSTSGSYGSSSQSSSYGQPQSGSYSQQPSYGGQQQSYGQQQSYNPPQGYGQQNQYNSSSGGGGGGGGGGNYGQDQSSMSSGGGSGGGYGNQDQSGGGGSGGYGQQDRGGRGRGGSGGGGGGGGGGYNRSSGGYEPRGRGGGRGGRGGMGGSDRGGFNKFGGPRDQGSRHDSEQDNSDNNTIFVQGLGENVTIESVADYFKQIGIIKTNKKTGQPMINLYTDRETGKLKGEATVSFDDPPSAKAAIDWFDGKEFSGNPIKVSFATRRADFNRGGGNGRGGRGRGGPMGRGGYGGGGSGGGGRGGFPSGGGGGGGQQRAGDWKCPNPTCENMNFSWRNECNQCKAPKPDGPGGGPGGSHMGGNYGDDRRGGRGGYDRGGYRGRGGDRGGFRGGRGGG,1.0,test,1
16,RQLERSGRFGGNPGGFGNQGGFGNSRGGGAGLGNNQGSNMGGGMNFGAFSINPAMMAAAQAALQSSWGMMGMLASQQNQSGPSGNNQNQGNMQREPNQAFGSGNNSYSGSNSGAAIGWGSASNAGSGSGFNGGFGSSMDSKSSGWGM,0.0,test,1
217,SPMSSLQISNEKNLEPGKQISRSSGEQQNKGRIVSPSLLSEEPLAPSSIDAESNGEQPEELTLEEESPVSQLFELEIEALPLDTPSSVETDISSSRKQSEEPFTTVLENGAGMVSSTSFNGGVSPHNWGDSGPPCKKSRKEKKQTGSGPLGNSYVERQRSVHEKNGKKICTLPSPPSPLASLAPVADSSTRVDSPSHGLVTSSLCIPSPARLSQTPHSQPPRPGTCKTSVATQCDPEEIIVLSDSD,1.0,test,0
200,MSVDPACPQSLPCFEASDCKESSPMPVICGPEENYPSLQMSSAEMPHTETVSPLPSSMDLLIQDSPDSSTSPKGKQPTSAEKSVAKKEDKVPVKKQKTRTVFSSTQLCVLNDRFQRQKYLSLQQMQELSNILNLSYKQVKTWFQNQRMKSKRWQKNNWPKNSNGVTQKASAPTYPSLYSSYHQGCLVNPTGNLPMWSNQTWNNSTWSNQTQNIQSWSNHSWNTQTWCTQSWNNQAWNSPFYNCGEESLQSCMQFQPNSPASDLEAALEAAGEGLNVIQQTTRYFSTPQTMDLFLNYSMNMQPEDV,1.0,test,0
10,RGGGFGGNDNFGRGGNFSGRGGFGGSRGGGGYGGSGDGYN,0.0,test,0
38,VSKGEELFTGVVPILVELDGDVNGHKFSVSGEGEGDATYGKLTLKFICTTGKLPVPWPTLVTTLTYGVQCFSRYPDHMKQHDFFKSAMPEGYVQERTIFFKDDGNYKTRAEVKFEGDTLVNRIELKGIDFKEDGNILGHKLEYNYNSHNVYIMADKQKNGIKVNFKIRHNIEDGSVQLADHYQQNTPIGDGPVLLPDNHYLSTQSALSKDPNEKRDHMVLLEFVTAAGITLGMDELYK,0.0,test,0
74,QDEWSGYTPRGKDDEIPCRRMRSGSYIKAMGDEDSGDSDTSPKPSPKVAARRESYLKATQPSLTELTTLKISNEHSPKLQIRSHSYLRAVSEVSQMDPLDKKERRAPPPVPKKPAKGPAPLIRERSLESSQRQEARKRLMAAKRAASVRQNSATESAESIEIYIPEAQTRL,0.0,test,0
24,MGSSHHHHHHHHASENLYFQSVNLFVKNLDDSVDDEKLEEEFAPYGTITSAKVMRTENGKSKGFGFVCFSTPEEATKAITEKNQQIVAGKPLYVAIAQRKDVRRSQLAQQIQARNQMRYQQATAAAAAAAAGMPGQFMPPMFYGVMPPRGVPFNGPNPQQMNPMGGMPKNGMPPQFRNGPVYGVPPQGGFPRNANDNNQFYQQKQRQALGEQLYKKVSAKTSNEEAAGKITGMILDLPPQEVFPLLESDELFEQHYKEASAAYESFKKEQEQQTEQA,0.0,test,1
119,MASNDYTQQATQSYGAYPTQPGQGYSQQSSQPYGQQSYSGYSQSTDTSGYGQSSYSSYGQSQNTGYGTQSTPQGYGSTGGYGSSQSSQSSYGQQSSYPGYGQQPAPSSTSGSYGSSSQSSSYGQPQSGSYSQQPSYGGQQQSYGQQQSYNPPQGYGQQNQYNSSSGGGGGGGGGGNYGQDQSSMSSGGGSGGGYGNQDQSGGGGSGGYGQQDRGGRGRGGSGGGGGGGGGGYNRSSGGYEPRGRGGGRGGRGGMGGSDRGGFNKFGGPRDQGSRHDSEQDNSDNNRRADFNRGGGNGRGGRGRGGPMGRGGYGGGGSGGGGRGGFPSGGGGGGGQQRAGDWKCPNPTCENMNFSWRNECNQCKAPKPDGPGGGPGGSHMGGNYGDDRRGGRGGYDRGGYRGRGGDRGGFRGGRGGGDRGGFGPGKMDSRGEHRQDRRERPY,1.0,test,1
203,NNNNNYQQRRNYGNNNRGGFRQYNSNNNNNMNMGMNMNMNMNMNNSRGMPPSSMGMPIGAMPLPSQGQPQQSQTIGLPPQVNPQAVDHIIRS,1.0,test,0
211,RAMQALMQIQQGLQTLATEAPGLIPSFTPGVGVGVLGTAIGPVGPVTPIGPIGPIVPFTPIGPIGPIGPTGPAAPPGSTGSGGPTGPTVSSAAPSETTSPTSESGPNQQFIQQMVQALAGANAPQLPNPEVRFQQQLEQLNAMGFLNREANLQALIATGGDINAAIERLLGSQPS,1.0,test,0
32,MEREKEQFRKLFIGGLSFETTEESLRNYYEQWGKLTDCVVMRDPASKRSRGFGFVTFSSMAEVDAAMAARPHSIDGRVVEPKRAVAREESGKPGAHVTVKKLFVGGIKEDTEEHHLRDYFEEYGKIDTIEIITDRQSGKKRGFGFVTFDDHDPVDKIVLQKYHTINGHNAEVRKALSRQEMQEVQSSRS,0.0,test,0
61,MLETKSIAALAFTETPRKRKRETLYKNAAPPPNPQQQPPEKDAQDAAVASTESCFTNAAFSSTPKKLMVARRRLAKENSQPNPFPGLEVKSIADLAQKQQHQQHHQQQQQQQQKLPTNPFEVLRQPPKKKKREHACFENPGLNLELPEKQFNPYEVVRSATTPAKGFVNPALNLRGSDAPASLNPFEIHRPSEASEAACNPSGVANPALADRDSEEQLPTSLKIGLPF,0.0,test,0
20,TAIGPVGPVTPIGPIGPIVPFTPIGPIGPIGPTGPAAPPGSTGSGGPTGPTVSSAAPSETTSPTSESGPNQQFIQQMVQALAGANAPQLPNPEVRFQQQLEQLNAMGFLNREANLQALIATGGDINAAIERLLGSQPS,0.0,test,0
57,GASSRPPPNRTDKEKSYVTDDGQGMGRGSRPYRNRGHGRRGPGYTSGTNSEASNASETESDHRDELSDWSLAPTEEERESFLRRGDGRRRGGGGRGQGGRGRGGGFKGNDDHSRTDNRPRNPREAKGRTTDGSLQIRVDCNNERSVHTKTLQNTSSEGSRLRTGKDRNQKKEKPDSVDGQQPLVNGVP,0.0,test,0
114,MAGLTVRDPAVDRSLRSVFVGNIPYEATEEQLKDIFSEVGPVVSFRLVYDRETGKPKGYGFCEYQDQETALSAMRNLNGREFSGRALRVDNAASEKNKEELKSLGTGAPVIESPYGETISPEDAPESISKAVASLPPEQMFELMKQMKLCVQNSPQEARNMLLQNPQLAYALLQAQVVMRIVDPEIALKILHRQTNIPTLIAGNPQPVHGAGPGSGSNVSMNQQNPQAPQAQSLGGMHVNGAPPLMQASMQGGVPAPGQMPAAVTGPGPGSLAPGGGMQAQVGMPGSGPVSMERGQVPMQDPRAAMQRGSLPANVPTPRGLLGDAPNDPRGGTLLSVTGEVEPRGYLGPPHQGPPMHHVPGHESRGPPPHELRGGPLPEPRPLMAEPRGPMLDQRGPPLDGRGGRDPRGIDARGMEARAMEARGLDARGLEARAMEARAMEARAMEARAMEARAMEVRGMEARGMDTRGPVPGPRGPIPSGMQGPSPINMGAVVPQGSRQVPVMQGTGMQGASIQGGSQPGGFSPGQNQVTPQDHEKAALIMQVLQLTADQIAMLPPEQRQSILILKEQIQKSTGAP,1.0,test,1
116,MASNDYTQQATQSYGAYPTQPGQGYSQQSSQPYGQQSYSGYSQSTDTSGYGQSSYSSYGQSQNTGYGTQSTPQGYGSTGGYGSSQSSQSSYGQQSSYPGYGQQPAPSSTSGSYGSSSQSSSYGQPQSGSYSQQPSYGGQQQSYGQQQSYNPPQGYGQQNQYNSSSGGGGGGGGGGNYGQDQSSMSSGGGSGGGYGNQDQSGGGGSGGYGQQ,1.0,test,0
216,SNRQLERSGRFGGNPGGFGNQGGFGNSRGGGAGLGNNQGSNMGGGMNFGAFSINPAMMAAAQAALQSSWGMMGMLASQQNQSGPSGNNQNQGNMQREPNQAFGSGNNSYSGSNSGAAIGWGSASNAGSGSGFNGGFGSSMDSKSSGWGM,1.0,test,1
129,MASNSSSCPTPGGGHLNGYPVPPYAFFFPPMLGGLSPPGALTTLQHQLPVSGYSTPSPATIETQSSSSEEIVPSPPSPPPLPRIYKPCFVCQDKSSGYHYGVSACEGCKGFFRRSIQKNMVYTCHRDKNCIINKVTRNRCQYCRLQKCFEVGMSKESVRNDRNKKKKEVPKPECSESYTLTPEVGELIEKVRKAHQETFPALCQLGKYTTNNSSEQRVSLDIDLWDKFSELSTKCIIKTVEFAKQLPGFTTLTIADQITLLKAACLDILILRICTRYTPEQDTMTFSDGLTLNRTQMHNAGFGPLTDLVFAFANQLLPLEMDDAETGLLSAICLICGDRQDLEQPDRVDMLQEPLLEALKVYVRKRRPSRPHMFPKMLMKITDLRSISAKGAERVITLKMEIPGSMPPLIQEMLENSEGLDTLSGQPGGGGRDGGGLAPPPGSCSPSLSPSSNRSSPATHSP,1.0,test,0
161,MGSSHHHHHHHHASENLYFQSADITDKTAEQLENLNIQDDQKQAATGSESQSVENSSASLYVGDLEPSVSEAHLYDIFSPIGSVSSIRVCRDAITKTSLGYAYVNFNDHEAGRKAIEQLNYTPIKGRLCRIMWSQRDPSLRKKGSGNIFIKNLHPDIDNKALYDTFSVFGDILSSKIATDENGKSKGFGFVHFEEEGAAKEAIDALNGMLLNGQEIYVAPHLSRKERDSQLEETKLYVGRAQKKNERMHVLKKQYEAYRLEKMAKYQGVNLFVKNLDDSVDDEKLEEEFAPYGTITSAKVMRTENGKSKGFGFVCFSTPEEATKAITEKNQQIVAGKPLYVAIAQRKDVRRSQLAQQIQARNQMRYQQATAAAAAAAAGMPGQFMPPMFYGVMPPRGVPFNGPNPQQMNPMGGMPKNGMPPQFRNGPVYGVPPQGGFPRNANDNNQFYQQKQRQALGEQLYKKVSAKTSNEEAAGKITGMILDLPPQEVFPLLESDELFEQHYKEASAAYESFKKEQEQQTEQA,1.0,test,1
56,MVSKGEELFTGVVPILVELDGDVNGHKFSVSGEGEGDATYGKLTLKFICTTGKLPVPWPTLVTTLTYGVQCFSRYPDHMKQHDFFKSAMPEGYVQERTIFFKDDGNYKTRAEVKFEGDTLVNRIELKGIDFKEDGNILGHKLEYNYNSHNVYIMADKQKNGIKVNFKIRHNIEDGSVQLADHYQQNTPIGDGPVLLPDNHYLSTQSALSKDPNEKRDHMVLLEFVTAAGITLGMDELYK,0.0,test,0
12,GSMEDSMDMDMSPLRPQNYLFGCELKADKDYHFKVDNDENEHQLSLRTVSLGAGAKDELHIVEAEAMNYEGSPIKVTLATLKMSVQPTVSLGGFEITPPVVLRLKCGSGPVHISGQHLVAVEEDAESEDEEEEDVKLLSISGKRSAPGGGSKVPQKKVKLAADEDDDDDDEEDDDEDDDDDDFDDEEAEE,0.0,test,0
62,KPHQWQADEEAVRSATCSFSVKYLGCVEVFESRGMQVCEEALKVLRQSRRRPVRGLLHVSGDGLRVVDDETKGLIVDQTIEKVSFCAPDRNHERGFSYICRDGTTRRWMCHGFLACKDSGERLSHAVGCAFAVCLERKQ,0.0,test,0
11,MINPVQQQNQIGYPQPYGQWGQWYGNAQQIGQYMPNGWQVPAYGMYGQAWNQQGFNQTQSSAPWMGPNYGVQPPQGQNGSMLPNQPSGYRVAGYETQ,0.0,test,0
188,MSKEVSEEAQAHQHGKDYVDPPPAPFFDLGELKLWSFWRAAIAEFIATLLFLYITVATVIGHSKETVVCGSVGLLGIAWAFGGMIFVLVYCTAGISGGHINPAVTFGLFLARKVSLLRALVYMIAQCLGAICGVGLVKAFMKGPYNQFGGGANSVALGYNKGTALGAEIIGTFVLVYTVFSATDPKRSARDSHVPILAPLPIGFAVFMVHLATIPITGTGINPARSFGAAVIFNSNKVWDDQWIFWVGPFIGAAVAAAYHQYVLRAAAIKALGSFRSNPTN,1.0,test,1
214,RRRILEQKTQVDGQKKKTNQDDSDYDDDDDTAPSTSFQQMQTQQAFMPTMGQPGIPGLPGAPGMPPGITSLMPAVPPLISGIPHVMAGMHPHGMMSMGGMMHPHRPGIPPMMAGLPPGVPPPGLRPGIPPVTQAQPALSQAVVSRLPVPSTSAPALQSVPKPLFPSAGQAQAHISGPVGTDFKPLNNIPATTAEHPKPTFPAYTQSTMSTTSTTNSTASKPSTSITSKPATLTTTSATSKLVHPDEDISLEEKRAQLPKYQRNLPRPGQAPISNMGSTAVGPLGAMMAPRPGLPPQQHGMRHPLPPHGQYGAPLQGMAGYHPGTMPPFGQGPPMVPPFQGGPPRPLMGIRPPVMSQGGRY,1.0,test,1
