,Sequence,pdb_plus,partition,prediction
124,MASNDYTQQATQSYGAYPTQPGQGYSQQSSQPYGQQSYSGYSQSTDTSGYGQSSYSSYGQSQNTGYGTQSTPQGYGSTGGYGSSQSSQSSYGQQSSYPGYGQQPAPSSTSGSYGSSSQSSSYGQPQSGSYSQQPSYGGQQQSYGQQQSYNPPQGYGQQNQYNSSSGGGGGGGGGGNYGQDQSSMSSGGGSGGGYGNQDQSGGGGSGGYGQQDRGGRGRGGSGGGGGGGGGGYNRSSGGYEPRGRGGGRGGRGGMGGSDRGGFNKFGGPRDQGSRHDSEQDNSDNNTIFVQGLGENVTIESVADYFKQIGIIKTNKKTGQPMINLYTDRETGKLKGEATVSFDDPPSAKAAIDWFDGKEFSGNPIKVSFATRRADFNRGGGNGRGGRGRGGPMGRGGYGGGGSGGGGRGGFPSGGGGGGGQQRAGDWKCPNPTCENMNFSWRNECNQCKAPKPDGPGGGPGGSHMGGNYGDDRRGGRGGYDRGGYRGRGGDRGGF,1.0,train,999
140,MEKTLETVPLERKKREKEQFRKLFIGGLSFETTEESLRNYYEQWGKLTDCVVMRDPASKRSRGFGFVTFSSMAEVDAAMAARPHSIDGRVVEPKRAVAREESGKPGAHVTVKKLFVGGIKEDTEEHHLRDYFEEYGKIDTIEIITDRQSGKKRGFGFVTFDDHDPVDKIVLQKYHTINGHNAEVRKALSRQEMQEVQSSRSGRGGNFGFGDSRGGGGNFGPGPGSNFRGGSDGYGSGRGFGDGYNGYGGGPGGGNFGGSPGYGGGRGGYGGGGPGYGNQGGGYGGGYDNYGGGNYGSGNYNDFGNYNQQPSNYGPMKSGNFGGSRNMGGPYGGGNYGPGGSGGSGGYGGRSRY,1.0,train,999
463,MNKGTITQIISAVVDIAFKDELPAIYNALKVKLEDKELVLEVEQHLGNNVVRTVAMDSTDGLKRGMEVIDTGKPITIPVGKAVLGRILNVLGEPVDNQGPLNAETFLPIHREAPEFDDLETETEIFETGIKVIDLLAPYIKGGKIGLFGGAGVGKTVLIMELINNIAKGHGGISVFAGVGERTREGRDLYGEMTESGVITKTALVYGQMNEPPGARLRVALTGLTVAENFRDKDGQDVLLFIDNIFRFTQAGSEVSALLGRIPSAVGYQPNLATEMGALQERITSTKSGSITSVQAVYVPADDLTDPAPATTFSHLDATTVLSRNIASLGIYPAVDPLDSTSKALSEDVVGKEHYEVARKVQEVLQRYKELQDIIAILGMDELSDEDKLTVSRARKIERFFSQPFSVAEQFTGMEGKYVPVKETIRGFREILEGKHDDIPEQAFLYVGTIEEAVAKSKDLAK,0.0,train,999
651,MEEECRVLSIQSHVVRGYVGNRAATFPLQVLGFEVDAVNSVQFSNHTGYSHWKGQVLNSDELQELYDGLKLNHVNQYDYVLTGYTRDKSFLAMVVDIVQELKQQNPRLVYVCDPVMGDQRNGEGAMYVPDDLLPVYREKVVPVADIITPNQFEAELLTGRKIHSQEEALEVMDMLHSMGPDTVVITSSNLLSPRGSDYLMALGSQRTRAPDGSVVTQRIRMEMHKVDAVFVGTGDLFAAMLLAWTHKHPNNLKVACEKTVSAMHHVLQRTIKCAKAKSGEGVKPSPAQLELRMVQSKKDIESPEIVVQATVL,0.0,train,999
117,MASNDYTQQATQSYGAYPTQPGQGYSQQSSQPYGQQSYSGYSQSTDTSGYGQSSYSSYGQSQNTGYGTQSTPQGYGSTGGYGSSQSSQSSYGQQSSYPGYGQQPAPSSTSGSYGSSSQSSSYGQPQSGSYSQQPSYGGQQQSYGQQQSYNPPQGYGQQNQYNSSSGGGGGGGGGGNYGQDQSSMSSGGGSGGGYGNQDQSGGGGSGGYGQQDRGGRGRGGSGGGGGGGGGGYNRSSG,1.0,train,999
215,SMGNAVPGMNPAMGMNMGGMMGFPMGGPSASPNPMMNGFAAGSMGMYMPFQPQPMFYHPSMPQMMPVMGSNGAEEGGGNISPHVPAGFMAAGPGAPMGAFGYPGGIPFQGMMGSGPSGMPANGSAMHSHGHSRNYHQTSHHGHHNSSTSGHK,1.0,train,999
139,MEELSSVGEQVFAAECILSKRLRKGKLEYLVKWRGWSSKHNSWEPEENILDPRLLLAFQKKEHEKEVQNRKRGKRPRGRPRKLTAMSSCSRRSKLKEPDAPSKSKSSSSSSSSTSSSSSSDEEDDSDLDAKRGPRGRETHPVPQKKAQILVAKPELKDPIRKKRGRKPLPPEQKATRRPVSLAKVLKTARKDLGAPASKLPPPLSAPVAGLAALKAHAKEACGGPSAMATPENLASLMKGMASSPGRGGISWQSSIVHYMNRMTQSQAQAASRLALKAQATNKCGLGLDLKVRTQKGELGMSPPGSKIPKAPSGGAVEQKVGNTGGPPHTHGASRVPAGCPGPQPAPTQELSLQVLDLQSVKNGMPGVGLLARHATATKGVPATNPAPGKGTGSGLIGASGATMPTDTSKSEKLASRAVAPPTPASKRDCVKGSATPSGQESRTAPGEARKAATLPEMSAGEESSSSDSDPDSASPPSTGQNPSVSVQTSQDWKPTRSLIEHVFVTDVTANLITVTVKESPTSVGFFNLRHY,1.0,train,999
192,MSKSESPKEPEQLRKLFIGGLSFETTDESLRSHFEQWGTLTDCVVMRDPNTKRSRGFGFVTYATVEEVDAAMNARPHKVDGRVVEPKRAVSREDSQRPGAHLTVKKIFVGGIKEDTEEHHLRDYFEQYGKIEVIEIMTDRGSGKKRGFAFVTFDDHDSVDKIVIQKYHTVNGHNCEVRKALSKQEMASASSSQRGRSGSGNFGGGRGGGFGGNDNFGRGGNFSGRGGFGGSRGGGGYGGSGDGYNGFGNDGSNFGGGGSNNQSSNFGPMKGGNFGGRSSGPYGGGGQYFAKPRNQGGYGGSSSSSSYGSGRRF,1.0,train,999
112,MAEPRQEFEVMEDHAGTYGLGDRKDQGGYTMHQDQEGDTDAGLKESPLQTPTEDGSEEPGSETSDAKSTPTAEDVTAPLVDEGAPGKQAAAQPHTEIPEGTTAEEAGIGDTPSLEDEAAGHVTQARMVSKSKDGTGSDDKKAKGADGKTKIATPRGAAPPGQKGQANATRIPAKTPPAPKTPPSSGEPPKSGDRSGYSSPGSPGTPGSRSRTPSLPTPPTREPKKVAVVRTPPKSPSSAKSRLQTAPVPMPDLKNVKSKIGSTENLKHQPGGGKVQIINKLDLSNVQSKCGSKDNIKHVPGGGSVQIVYKPVDLSKVTSKCGSLGNIHHKPGGGQVEVKSEKLDFKDRVQSKIGSLDNITHVPGGGNKKIETHKLTFRENAKAKTDHGAEIVYKSPVVSGDTSPRHLSNVSSTGSIDMVDSPQLATLADEVSASLAKQGL,1.0,train,999
1281,MSHTILLVQPTKRPEGRTYADYESVNECMEGVCKMYEEHLKRMNPNSPSITYDISQLFDFIDDLADLSCLVYRADTQTYQPYNKDWIKEKIYVLLRRQAQQAGK,0.0,train,999
1424,MPGLVDSNPAPPESQEKKPLKPCCACPETKKARDACIIEKGEEHCGHLIEAHKECMRALGFKI,0.0,train,999
859,MTATLRPYLSAVRATLQAALCLENFSSQVVERHNKPEVEVRSSKELLLQPVTISRNEKEKVLIEGSINSVRVSIAVKQADEIEKILCHKFMRFMMMRAENFFILRRKPVEGYDISFLITNFHTEQMYKHKLVDFVIHFMEEIDKEISEMKLSVNARARIVAEEFLKNF,0.0,train,999
170,MMLSTEGREGFVVKVRGLPWSCSADEVMRFFSDCKIQNGTSGIRFIYTREGRPSGEAFVELESEEEVKLALKKDRETMGHRYVEVFKSNSVEMDWVLKHTGPNSPDTANDGFVRLRGLPFGCSKEEIVQFFSGLEIVPNGMTLPVDFQGRSTGEAFVQFASQEIAEKALKKHKERIGHRYIEIFKSSRAEVRTHYDPPRKLMAMQRPGPYDRPGAGRGYNSIGRGAGFERMRRGAYGGGYGGYDDYGGYNDGYGFGSDRFGRDLNYCFSGMSDHRYGDGGSSFQSTTGHCVHMRGLPYRATENDIYNFFSPLNPMRVHIEIGPDGRVTGEADVEFATHEDAVAAMAKDKANMQHRYVELFLNSTAGTSGGAYDHSYVELFLNSTAGASGGAYGSQMMGGMGLSNQSSYGGPASQQLSGGYGGGYGGQSSMSGYDQVLQENSSDYQSNLA,1.0,train,999
567,MNSVTVSHAPYTITYHDDWEPVMSQLVEFYNEVASWLLRDETSPIPDKFFIQLKQPLRNKRVCVCGIDPYPKDGTGVPFESPNFTKKSIKEIASSISRLTGVIDYKGYNLNIIDGVIPWNYYLSCKLGETKSHAIYWDKISKLLLQHITKHVSVLYCLGKTDYSNIRAKLESPVTTIVGYHPAARDRQFEKDRSFEIINVLLELDNKAPINWAQGFIY,0.0,train,999
809,MKVLTVFGTRPEAIKMAPLVHALAKDPFFEAKVCVTAQHREMLDQVLKLFSIVPDYDLNIMQPGQGLTEITCRILEGLKPILAEFKPDVVLVHGDTTTTLATSLAAFYQRIPVGHVEAGLRTGDLYSPWPEEANRTLTGHLAMYHFSPTETSRQNLLRENVADSRIFITGNTVIDALLWVRDQVMSSDKLRSELAANYPFIDPDKKMILVTGHRRESFGRGFEEICHALADIATTHQDIQIVYPVHLNPNVREPVNRILGHVKNVILIDPQEYLPFVWLMNHAWLILTDSGGIQEEAPSLGKPVLVMRDTTERPEAVTAGTVRLVGTDKQRIVEEVTRLLKDENEYQAMSRAHNPYGDGQACSRILEALKNNRISL,0.0,train,999
1388,MTDLFSSPDHTLDALGLRCPEPVMMVRKTVRNMQPGETLLIIADDPATTRDIPGFCTFMEHELVAKETDGLPYRYLIRKGG,0.0,train,999
177,MRSLLILVLCFLPLAALGKVFGRCELAAAMKRHGLDNYRGYSLGNWVCAAKFESNFNTQATNRNTDGSTDYGILQINSRWWCNDGRTPGSRNLCNIPCSALLSSDITASVNCAKKIVSDGNGMNAWVAWRNRCKGTDVQAWIRGCRL,1.0,train,999
216,SNRQLERSGRFGGNPGGFGNQGGFGNSRGGGAGLGNNQGSNMGGGMNFGAFSINPAMMAAAQAALQSSWGMMGMLASQQNQSGPSGNNQNQGNMQREPNQAFGSGNNSYSGSNSGAAIGWGSASNAGSGSGFNGGFGSSMDSKSSGWGM,1.0,train,999
1296,MEQINIQFPDGNKKAFDKGTTTEDIAQSISPGLRKKAVAGKFNGQLVDLTKPLETDGSIEIVTPGSEEALEVLRHSTAHLMAHAIKRLYGNVKFGVGPVIEGGFYYDFDIDQNISSDDFEQIEKTMKQIVNENMKIERKVVSRDEAKELFSNDEYKLELIDAIPEDENVTLYSQGDFTDLCRGVHVPSTAKIKEFKLLSTAGAYWRGDSNNKMLQRIYGTAFFDKKELKAHLQMLEERKERDHRKIGKELELFTNSQLVGAGLPLWLPNGATIRREIERYIVDKEVSMGYDHVYTPVLANVDLYKTSGHWDHYQEDMFPPMQLDETESMVLRPMNCPHHMMIYANKPHSYRELPIRIAELGTMHRYEASGAVSGLQRVRGMTLNDSHIFVRPDQIKEEFKRVVNMIIDVYKDFGFEDYSFRLSYRDPEDKEKYFDDDDMWNKAENMLKEAADELGLSYEEAIGEAAFYGPKLDVQVKTAMGKEETLSTAQLDFLLPERFDLTYIGQDGEHHRPVVIHRGVVSTMERFVAFLTEETKGAFPTWLAPKQVQIIPVNVDLHYDYARQLQDELKSQGVRVSIDDRNEKMGYKIREAQMQKIPYQIVVGDKEVENNQVNVRQYGSQDQETVEKDEFIWNLVDEIRLKKHR,0.0,train,999
1392,MEKYVAAMVLSAAGDALGYYNGKWEFLQDGEKIHRQLAQLGGLDALDVGRWRVSDDTVMHLATAEALVEAGKAPKLTQLYYLLAKHYQDCMEDMDGRAPGGASVHNAMQLKPGKPNGWRIPFNSHEGGCGAAMRAMCIGLRFPHHSQLDTLIQVSIESGRMTHHHPTGYLGALASALFTAYAVNSRPPLQWGKGLMELLPEAKKYIVQSGYFVEENLQHWSYFQTKWENYLKLRGILDGESAPTFPESFGVKERDQFYTSLSYSGWGGSSGHDAPMIAYDAVLAAGDSWKELAHRAFFHGGDSDSTAAIAGCWWGVMYGFKGVSPSNYEKLEYRNRLEETARALYSLGSKEDTVISL,0.0,train,999
212,RETSDRVLYVGNLDKAITEDILKQYFQVGGPIANIKIMIDKNNKNVNYAFVEYHQSHDANIALQTLNGKQIENNIVKINWAFQDTFNLFVGDLNVNVDDETLRNAFKDFPSYLSGHVMWDMQTGSSRGYGFVSFTSQDDAQNAMDSMQGQDLNGRPLRINWAAKRDNTAYIGNIPHFATEADLIPLFQNFGFILDFKHYPEKGCCFIKYDTHEQAAVCIVALANFPFQGRNLRTGWGKERSNFMPQ,1.0,train,999
156,MGSSHHHHHHHHASENLYFQSADITDKTAEQLENLNIQDDQKQAATGSESQSVENSSASLYVGDLEPSVSEAHLYDIFSPIGSVSSIRVCRDAITKTSLGYAYVNFNDHEAGRKAIEQLNYTPIKGRLCRIMWSQRDPSLRKKGSGNIFIKNLHPDIDNKALYDTFSVFGDILSSKIATDENGKSKGFGFVHFEEEGAAKEAIDALNGMLLNGQEIYVAPHLSRKERDSQLEETKAHYTNLYVKNINSETTDEQFQELFAKFGPIVSASLEKDADGKLKGFGFVNYEKHEDAVKAVEALNDSELNGEKLYVGRAQKKNERMHVLKKQYEAYRLEKMAKYQG,1.0,train,999
131,MDVLSPGQGNNTTSPPAPFETGGNTTGISDVTVSYQVITSLLLGTLIFCAVLGNACVVAAIALERSLQNVANYLIGSLAVTDLMVSVLVLPMAALYQVLNKWTLGQVTCDLFIALDVLCCTSSILHLCAIALDRYWAITDPIDYVNKRTPRRAAALISLTWLIGFLISIPPMLGWRTPEDRSDPDACTISKDHGYTIYSTFGAFYIPLLLMLVLYGRIFRAARFRIRKTVKKVEKTGADTRHGASPAPQPKKSVNGESGSRNWRLGVESKAGGALCANGAVRQGDDGAALEVIEVHRVGNSKEHLPLPSEAGPTPCAPASFERKNERNAEAKRKMALARERKTVKTLGIIMGTFILCWLPFFIVALVLPFCESSCHMPTLLGAIINWLGYSNSLLNPVIYAYFNKDFQNAFKKIIKCKFCRQ,1.0,train,999
127,MASNDYTQQATQSYGAYPTQPGQGYSQQSSQPYGQQSYSGYSQSTDTSGYGQSSYSSYGQSQNTGYGTQSTPQGYGSTGGYGSSQSSQSSYGQQSSYPGYGQQPAPSSTSGSYGSSSQSSSYGQPQSGSYSQQPSYGGQQQSYGQQQSYNPPQGYGQQNQYNSSSGGGGGGGGGGNYGQDQSSMSSGGGSGGGYGNQDQSGGGGSGGYGQQDRGGRGRGGSGGGGGGGGGGYNRSSGGYEPRGRGGGRGGRGGMGGSDRGGFNKFGGPRDQGSRHDSEQDNSDNNTIFVQGLGENVTIESVADYFKQIGIIKTNKKTGQPMINLYTDRETGKLKGEATVSFDDPPSAKAAIDWFDGKEFSGNPIKVSFATRRADFNRGGGNGRGGRGRGGPMGRGGYGGGGSGGGGRGGFPSGGGGGGGQQRAGDWKCPNPTCENMNFSWRNECNQCKAPKPDGPGGGPGGSHMGGNYGDDRRGGRGGYDRGGYRGRGGDRGGFRGGRGGGDRGGFGPGKMDSRGEHRQDRRERPY,1.0,train,999
981,MNPLDLIAKRAYPYETEKRDKTYLALNENPFPFPEDLVDEVFRRLNSDALRIYYDSPDEELIEKILSYLDTDFLSKNNVSVGNGADEIIYVMMLMFDRSVFFPPTYSCYRIFAKAVGAKFLEVPLTKDLRIPEVNVGEGDVVFIPNPNNPTGHVFEREEIERILKTGAFVALDEAYYEFHGESYVDFLKKYENLAVIRTFSKAFSLAAQRVGYVVASEKFIDAYNRVRLPFNVSYVSQMFAKVALDHREIFEERTKFIVEERERMKSALREMGYRITDSRGNFVFVFMEKEEKERLLEHLRTKNVAVRSFREGVRITIGKREENDMILRELEVFK,0.0,train,999
950,MIPPRFEYHAPKSVGEAVALLGQLGSDAKLLAGGHSLLPMMKLRFAQPEHLIDINRIPELRGIREEGSTVVIGAMTVENDLISSPIVQARLPLLAEAAKLIADPQVRNRGTIGGDIAHGHPGNDHPALSIAVEAHFVLEGPNGRRTVPADGFFLGTYMTLLEENEVMVEIRVPAFAQGTGWAYEKLKRKTGDWATAGCAVVMRKSGNTVSHIRIALTNVAPTALRREGGRSRLLGKAFTKEAVQAAADAAIAICEPAEDLRGDADYKTAMAGQMVKRALNAAWARCA,0.0,train,999
1098,MVENSELRKAGLKVTLPRVKILQMLDSAEQRHMSAEDVYKALMEAGEDVGLATVYRVLTQFEAAGLVVRHNFDGGHAVFELADSGHHDHMVCVDTGEVIEFMDAEIEKRQKEIVRERGFELVDHNLVLYVRKKK,0.0,train,999
283,MKKDIHPKYEEITASCSCGNVMKIRSTVGHDLNLDVCSKCHPFFTGKQRDVATGGRVDRFNKRFNIPGSK,0.0,train,999
1568,PIEVNDDCMACEACVEICPDVFEMNEEGDKAVVINPDSDLDCVEEAIDSCPAEAIVRS,0.0,train,999
190,MSKSESPKEPEQLRKLFIGGLSFETTDESLRSHFEQWGTLTDCVVMRDPNTKRSRGFGFVTYATVEEVDAAMNARPHKVDGRVVEPKRAVSREDSQRPGAHLTVKKIFVGGIKEDTEEHHLRDYFEQYGKIEVIEIMTDRGSGKKRGFAFVTFDDHDSVDKIVIQKYHTVNGHNCEVRKALSKQEMASASSSQRGRSGSGNFGGGRGGGFGGNDNFGRGGNFSGRGGFGGSRGGGGYGGSGDGYNGFGNDGGYGGGGPGYSGGSRGYGSGGQGYGNQGSGYGGSGSYDSYNNGGGGGFGGGSGSNFGGGGSYNDFGNYNNQSSNFGPMKGGNFGGRSSGPYGGGGQYFAKPRNQGGYGGSSSSSSYGSGRRF,1.0,train,999
138,MEDNSVLNEDSNLEHVEGQPRRSMSQPVLNVEGDKRTSSTSATQQQVLSGAFSSADVRSIPIIQTWEENKALKTKITILRGELQMYQRRYSEAKEASQKRVKEVMDDYVDLKLGQENVQEKMEQYKLMEEDLLAMQSRIETSEDNFARQMKEFEAQKHAMEERIKELELSATDANNTTVGSFRGTLDDILKKNDPDFTLTSGYEERKINDLEAKLLSEIDKVAELEDHIQQLRQELDDQSARLADSENVRAQLEAATGQGILGAAGNAMVPNSTFMIGNGRESQTRDQLNYIDDLETKLADAKKENDKARQALVEYMNKCSKLEHEIRTMVKNSTFDSSSMLLGGQTSDELKIQIGKVNGELNVLRAENRELRIRCDQLTGGDGNLSISLGQSRLMAGIATNDVDSIGQGNETGGTSMRILPRESQLDDLEESKLPLMDTSSAVRNQQQFASMWEDFESVKDSLQNNHNDTLEGSFNSSMPPPGRDATQSFLSQKSFKNSPIVMQKPKSLHLHLKSHQSEGAGEQIQNNSFSTKTASPHVSQSHIPILHDMQQILDSSAMFLEGQHDVAVNVEQMQEKMSQIREALARLFERLKSSAALFEEILERMGSSDPNADKIKKMKLAFETSINDKLNVSAILEAAEKDLHNMSLNFSILEKSIVSQAAEASRRFTIAPDAEDVASSSLLNASYSPLFKFTSNSDIVEKLQNEVSELKNELEMARTRDMRSPLNGSSGRLSDVQINTNRMFEDLEVSEATLQKAKEENSTLKSQFAELEANLHQVNSKLGEVRCELNEALARVDGEQETRVKAENALEEARQLISSLKHEENELKKTITDMGMRLNEAKKSDEFLKSELSTALEEEKKSQNLADELSEELNGWRMRTKEAENKVEHASSEKSEMLERIVHLETEMEKLSTSEIAADYCSTKMTERKKEIELAKYREDFENAAIVGLERISKEISELTKKTLKAKIIPSNISSIQLVCDELCRRLSREREQQHEYAKVMRDVNEKIEKLQLEKDALEHELKMMSSNNENVPPVGTSVSGMPTKTSNQKCAQPHYTSPTRQLLHESTMAVDAIVQKLKKTHNMSGMGPELKETIGNVINESRVLRDFLHQKLILFKGIDMSNWKNETVDQLITDLGQLHQDNLMLEEQIKKYKKELKLTKSAIPTLGVEFQDRIKTEIGKIATDMGGAVKEIRKK,1.0,train,999
133,MEANKREIVDFGGLRSYFFPNLAHYITKNDEELFNNTSQANKLAAFVLGASKDAPGDEDILEMILPNDANAAVIAAGMDVCLLLGDKFRPKFDAAAEKLSGLGHAHDLVSVIDDDKKLGMLARKAKLKKTEDAKILQALLKVIAIDDAAEKFVELTELVSQLDLDFDVYVLTKILGLISEETSDEVDIIRDNVVNAFDSCKPLLKQLMLDGPKSEPADPFISLLMDPLEESVGKVVNHIAQLFEEASKNEGDESLVLRSQLGYQLFFLIVRSLADGKREVSKKILSGIPTSVRAEVFPGLQRSVYKSAVFLGNHIIQVLLGSKKSFEDWDVVGVAKDLESAWKRRAIAELIKKFQVSILEQCFDKPVPLIPQSPLNNDAVIDNVNKALQFALWLTEFYGSENETEALGELRFLDSTSKNLLVDSFKKFVQGINSKTHVTRIVESLEKCCLSDTPSGRKSNVQPSTSQQQDSAYTKEEMTTVHNTYSVNTKAQVLNGLSDTNSSGLLVDSKDSLSLQEISCDEVDSSTLLSSSRNIGEGVTVKAVDPVPEKVNDAQQQQTVNEIEMASDANQDTSSSASPEVAPSFSTDGWDSPTKSVALPPGMQQIDEEETTVADKDSTPQPQARAETAWGSGDATPMPLPAPTNQYKVSGFGEAKVAKGFGQFAPTSSAYGGGGGRGGYGGGDRGGRGGYGGDRGGRGGYGGGDRGGRGGYGGDRGRGGYGGRGGRGGF,1.0,train,999
108,MAEPRQEFEVMEDHAGTYGLGDRKDQGGYTMHQDQEGDTDAGLKEEAGIGDTPSLEDEAAGHVTQARMVSKSKDGTGSDDKKAKGADGKTKIATPRGAAPPGQKGQANATRIPAKTPPAPKTPPSSGEPPKSGDRSGYSSPGSPGTPGSRSRTPSLPTPPTREPKKVAVVRTPPKSPSSAKSRLQTAPVPMPDLKNVKSKIGSTENLKHQPGGGKVQIINKKLDLSNVQSKCGSKDNIKHVPGGGSVQIVYKPVDLSKVTSKCGSLGNIHHKPGGGQVEVKSEKLDFKDRVQSKIGSLDNITHVPGGGNKKIETHKLTFRENAKAKTDHGAEIVYKSPVVSGDTSPRHLSNVSSTGSIDMVDSPQLATLADEVSASLAKQGL,1.0,train,999
446,MSVSAFNRRWAAVILEALTRHGVRHICIAPGSRSTPLTLAAAENSAFIHHTHFDERGLGHLALGLAKVSKQPVAVIVTSGTAVANLYPALIEAGLTGEKLILLTADRPPELIDCGANQAIRQPGMFASHPTHSISLPRPTQDIPARWLVSTIDHALGTLHAGGVHINCPFAEPLYGEMDDTGLSWQQRLGDWWQDDKPWLREAPRLESEKQRDWFFWRQKRGVVVAGRMSAEEGKKVALWAQTLGWPLIGDVLSQTGQPLPCADLWLGNAKATSELQQAQIVVQLGSSLTGKRLLQWQASCEPEEYWIVDDIEGRLDPAHHRGRRLIANIADWLELHPAEKRQPWCVEIPRLAEQAMQAVIARRDAFGEAQLAHRICDYLPEQGQLFVGNSLVVRLIDALSQLPAGYPVYSNRGASGIDGLLSTAAGVQRASGKPTLAIVGDLSALYDLNALALLRQVSAPLVLIVVNNNGGQIFSLLPTPQSERERFYLMPQNVHFEHAAAMFELKYHRPQNWQELETAFADAWRTPTTTVIEMVVNDTDGAQTLQQLLAQVSHL,0.0,train,999
163,MGSSHHHHHHHHASENLYFQSSGNIFIKNLHPDIDNKALYDTFSVFGDILSSKIATDENGKSKGFGFVHFEEEGAAKEAIDALNGMLLNGQEIYVAPHLSRKERDSQLEETKAHYTNLYVKNINSETTDEQFQELFAKFGPIVSASLEKDADGKLKGFGFVNYEKHEDAVKAVEALNDSELNGEKLYVGRAQKKNERMHVLKKQYEAYRLEKMAKYQGVNLFVKNLDDSVDDEKLEEEFAPYGTITSAKVMRTENGKSKGFGFVCFSTPEEATKAITEKNQQIVAGKPLYVAIAQRKDVRRSQLAQQIQARNQMRYQQATAAAAAAAAGMPGQFMPPMFYGVMPPRGVPFNGPNPQQMNPMGGMPKNGMPPQFRNGPVYGVPPQGGFPRNANDNNQFYQQKQRQALGEQLYKKVSAKTSNEEAAGKITGMILDLPPQEVFPLLESDELFEQHYKEASAAYESFKKEQEQQTEQA,1.0,train,999
129,MASNSSSCPTPGGGHLNGYPVPPYAFFFPPMLGGLSPPGALTTLQHQLPVSGYSTPSPATIETQSSSSEEIVPSPPSPPPLPRIYKPCFVCQDKSSGYHYGVSACEGCKGFFRRSIQKNMVYTCHRDKNCIINKVTRNRCQYCRLQKCFEVGMSKESVRNDRNKKKKEVPKPECSESYTLTPEVGELIEKVRKAHQETFPALCQLGKYTTNNSSEQRVSLDIDLWDKFSELSTKCIIKTVEFAKQLPGFTTLTIADQITLLKAACLDILILRICTRYTPEQDTMTFSDGLTLNRTQMHNAGFGPLTDLVFAFANQLLPLEMDDAETGLLSAICLICGDRQDLEQPDRVDMLQEPLLEALKVYVRKRRPSRPHMFPKMLMKITDLRSISAKGAERVITLKMEIPGSMPPLIQEMLENSEGLDTLSGQPGGGGRDGGGLAPPPGSCSPSLSPSSNRSSPATHSP,1.0,train,999
1419,MSRTIFCTYLQRDAEGQDFQLYPGELGKRIYNEISKDAWAQWQHKQTMLINEKKLNMMNAEHRKLLEQEMVSFLFEGKDVHIEGYTPEDKK,0.0,train,999
158,MGSSHHHHHHHHASENLYFQSADITDKTAEQLENLNIQDDQKQAATGSESQSVENSSASLYVGDLEPSVSEAHLYDIFSPIGSVSSIRVCRDAITKTSLGYAYVNFNDHEAGRKAIEQLNYTPIKGRLCRIMWSQRDPSLRKKGSGNIFIKNLHPDIDNKALYDTFSVFGDILSSKIATDENGKSKGFGFVHFEEEGAAKEAIDALNGMLLNGQEIYVAPHLSRKERDSQLEETKAHYTNLYVKNINSETTDEQFQELFAKFGPIVSASLEKDADGKLKGFGFVNYEKHEDAVKAVEALNDSELNGEKLYVGRAQKKNERMHVLKKQYEAYRLEKMAKYQGVNLFVKNLDDSVDDEKLEEEFAPYGTITSAKVMRTENGKSKGFGFVCFSTPEEATKAITEKNQQIVAGKPLYVAIAQRKDVRRSQLAQQIQARNQMRQKQRQALGEQLYKKVSAKTSNEEAAGKITGMILDLPPQEVFPLLESDELFEQHYKEASAAYESFKKEQEQQTEQA,1.0,train,999
185,MSEYIRVTEDENDEPIEIPSEDDGTVLLSTVTAQFPGACGLRYRNPVSQCMRGVRLVEGILHAPDAGWGNLVYVVNYPKDNKRKMDETDASSAVKVKRAVQKTSDLIVLGLPWKTTEQDLKEYFSTFGEVLMVQVKKDLKTGHSKGFGFVRFTEYETQVKVMSQRHMIDGRWCDCKLPNSKQSQDEPLRSRKVFVGRCTEDMTEDELREFFSQYGDVMDVFIPKPFRAFAFVTFADDQIAQSLCGEDLIIKGISVHISNAEPKHNSNRQLERSG,1.0,train,999
111,MAEPRQEFEVMEDHAGTYGLGDRKDQGGYTMHQDQEGDTDAGLKESPLQTPTEDGSEEPGSETSDAKSTPTAEDVTAPLVDEGAPGKQAAAQPHTEIPEGTTAEEAGIGDTPSLEDEAAGHVTQARMVSKSKDGTGSDDKKAKGADGKTKIATPRGAAPPGQKGQANATRIPAKTPPAPKTPPSSGEPPKSGDRSGYSSPGSPGTPGSRSRTPSLPTPPTREPKKVAVVRTPPKSPSSAKSRLQTAPVPMPDLKNVKSKIGSTENLKHQPGGGKVQIINKKLDLSNVQSKCGSKDNIKHVPGGGSVQIVYKPVDLSKVTSKCGSLGNIHHKPGGGQVEVKSEKLDFKDRVQSKIGSLDNITHVPGGGNKKIETHKLTFRENAKAKTDHGAEIVYKSPVVSGDTSPRHLSNVSSTGSIDMVDSPQLATLADEVSASLAKQGL,1.0,train,999
264,AASGVATNTPTANDEEYITPVTIGGTTLNLNFDTGSADLWVFSTELPASQQSGHSVYNPSATGKELSGYTWSISYGDGSSASGNVFTDSVTVGGVTAHGQAVQAAQQISAQFQQDTNNDGLLGLAFSSINTVQPQSQTTFFDTVKSSLAQPLFAVALKHQQPGVYDFGFIDSSKYTGSLTYTGVDNSQGFWSFNVDSYTAGSQSGDGFSGIADTGTTLLLLDDSVVSQYYSQVSGAQQDSNAGGYVFDCSTNLPDFSVSISGYTATVPGSLINYGPSGDGSTCLGGIQSNSGIGFSIFGDIFLKSQYVVFDSDGPQLGFAPQA,0.0,train,999
1091,MYLGRILAVGRNSNGSFVAYRVSSRSFPNRTTSIQEERVAVVPVEGHERDVFRNPYIAYNCIRIVGDTAVVSNGSHTDTIADKVALGMNLRDAIGLSLLAMDYEKDELNTPRIAAAINGSEAFIGIVTADGLMVSRVPEETPVYISTYEQTEPAATEFKAGSPEEAAEFILKGGEFAAFTHPVTAAAAFNDGEGWNLATREM,0.0,train,999
1200,MRICIFMARGLEGCGVTKFSLEQRDWFIKNGHEVTLVYAKDKSFTRTSSHDHKSFSIPVILAKEYDKALKLVNDCDILIINSVPATSVQEATINNYKKLLDNIKPSIRVVVYQHDHSVLSLRRNLGLEETVRRADVIFSHSDNGDFNKVLMKEWYPETVSLFDDIEEAPTVYNFQPPMDIVKVRSTYWKDVSEINMNINRWIGRTTTWKGFYQMFDFHEKFLKPAGKSTVMEGLERSPAFIAIKEKGIPYEYYGNREIDKMNLAPNQPAQILDCYINSEMLERMSKSGFGYQLSKLNQKYLQRSLEYTHLELGACGTIPVFWKSTGENLKFRVDNTPLTSHDSGIIWFDENDMESTFERIKELSSDRALYDREREKAYEFLYQHQDSSFCFKEQFDIITK,0.0,train,999
199,MSSSKPYPSGLPNSRRKRGGRRSSSRSNQESASNNMEHQITLDELFNPIAKQDSAQSTSREYGAKSGISHHGSVSFNGNTFMNGQQLNHSMTRHGRVFNQSMHAAQGNGSNAFNSIPPTAPVFSADFRRNLQTRNSSSWYERRFPVSTDQDDVQQSNTRRSRSRQNGQHGLSFSDGSNNYGHAGNKSFSVSSVPVGFQKQENNSKKLRQTNVHQQCLGNKSFNAQAGVHGHAFKKGHKDNKNASGKEVINSSLVQKHDAIKSRNLNQSFSGFPTHETSSMKNQQQKSRNDRKKSRGSSNFQDRTYFNTNDDELTDDVFIDDSMDAARGRRSRSVTKKLQQSTYSKQNAGSKQLTEKCKSSEEAAKRNLVSNVFSKDGTELSIEQLLEIVSMKIGQQIHLPSSSHGECSNLNRTLPASDLNCSIGEDFDSSFVDANNQTLPVSLPKKTSLSIKRRGSSRSASRLASLDVTLETVEEDEEPTPSPQPSSPPKISRRKWTGTFDANVEEMRRLLHGDPEMPKSANRASSSKDQINRNNVDVKRTPSSSIIPTPKALIGERCLTSSSKSSKLNKSLGVVDSKATKSPMYSVTVSGKETASGKRIAQKLTPKVVALESSYITGIPVSTDCNGCPTPKRSGINCEIRAAEVYNQAGKWPFEITSDPAPLPCESADRIEYPSQDCTQDPASTSPPPRISESLTAFLEAQQDFNDYIDTNYKEKTQLLKVNLNIHGMSPERWLYLNYFCTETIPRLDGPYADDPRVPPVRNMFRKWFLRFAEACLGNPHQLAVMQEIAATFVQARLDDTSSSTDSTNMLYMLWKECIGQKNIIAIADACLLAHLRKSDPIKYLNVKRDWLESIFDPPRDQ,1.0,train,999
143,MESNQSNNGGSGNAALNRGGRYVPPHLRGGDGGAAAAASAGGDDRRGGAGGGGYRRGGGNSGGGGGGGYDRGYNDNRDDRDNRGGSGGYGRDRNYEDRGYNGGGGGGGNRGYNNNRGGGGGGYNRQDRGDGGSSNFSRGGYNNRDEGSDNRGSGRSYNNDRRDNGGDGQNTRWNNLDAPPSRGTSKWENRGARDERIEQELFSGQLSGINFDKYEEIPVEATGDDVPQPISLFSDLSLHEWIEENIKTAGYDRPTPVQKYSIPALQGGRDLMSCAQTGSGKTAAFLVPLVNAILQDGPDAVHRSVTSSGGRKKQYPSALVLSPTRELSLQIFNESRKFAYRTPITSALLYGGRENYKDQIHKLRLGCHILIATPGRLIDVMDQGLIGMEGCRYLVLDEADRMLDMGFEPQIRQIVECNRMPSKEERITAMFSATFPKEIQLLAQDFLKENYVFLAVGRVGSTSENIMQKIVWVEEDEKRSYLMDLLDATGDSSLTLVFVETKRGASDLAYYLNRQNYEVVTIHGDLKQFEREKHLDLFRTGTAPILVATAVAARGLDIPNVKHVINYDLPSDVDEYVHRIGRTGRVGNVGLATSFFNDKNRNIARELMDLIVEANQELPDWLEGMSGDMRSGGGYRGRGGRGNGQRFGGRDHRYQGGSGNGGGGNGGGGGFGGGGQRSGGGGGFQSGGGGGRQQQQQQRAQPQQDWWS,1.0,train,999
1343,MEIGFTFLDEIVHGVRWDAKYATWDNFTGKPVDGYEVNRIVGTYELAESLLKAKELAATQGYGLLLWDGYRPKRAVNCFMQWAAQPENNLTKESYYPNIDRTEMISKGYVASKSSHSRGSAIDLTLYRLDTGELVPMGSRFDFMDERSHHAANGISCNEAQNRRRLRSIMENSGFEAYSLEWWHYVLRDEPYPNSYFDFPVK,0.0,train,999
147,MEVQLGLGRVYPRPPSKTYRGAFQNLFQSVREVIQNPGPRHPEAASAAPPGASLLLLQQQQQQQQQQQQQQQQQQQQQQQETSPRQQQQQQGEDGSPQAHRRGPTGYLVLDEEQQPSQPQSALECHPERGCVPEPGAAVAASKGLPQQLPAPPDEDDSAAPSTLSLLGPTFPGLSSCSADLKDILSEASTMQLLQQQQQEAVSEGSSSGRAREASGAPTSSKDNYLGGTSTISDNAKELCKAVSVSMGLGVEALEHLSPGEQLRGDCMYAPLLGVPPAVRPTPCAPLAECKGSLLDDSAGKSTEDTAEYSPFKGGYTKGLEGESLGCSGSAAAGSSGTLELPSTLSLYKSGALDEAAAYQSRDYYNFPLALAGPPPPPPPPHPHARIKLENPLDYGSAWAAAAAQCRYGDLASLHGAGAAGPGSGSPSAAASSSWHTLFTAEEGQLYGPCGGGGGGGGGGGGGGGGGGGGGGGEAGAVAPYGYTRPPQGLAGQESDFTAPDVWYPGGMVSRVPYPSPTCVKSEMGPWMDSYSGPYGDMRLETARDHVLPIDYYFPPQKT,1.0,train,999
175,MPLNVSFTNRNYDLDYDSVQPYFYCDEEENFYQQQQQSELQPPAPSEDIWKKFELLPTPPLSPSRRSGLCSPSYVAVTPFSLRGDNDGGGGSFSTADQLEMVTELLGGDMVNQSFICDPDDETFIKNIIIQDCMWSGFSAAAKLVSEKLASYQAARKDSGSPNPARGHSVCSTSSLYLQDLSAAASECIDPSVVFPYPLNDSSSPKSCASQDSSAFSPSSDSLLSSTESSPQGSPEPLVLHEETPPTTSSDSEEEQEDEEEIDVVSVEKRQAPGKRSESGSPSAGGHSKPPHSPLVLKRCHVSTHQHNYAAPPSTRKDYPAAKRVKLDSVRVLRQISNNRKCTSPRSSDTEENVKRRTHNVLERQRRNELKRSFFALRDQIPELENNEKAPKVVILKKATAYILSVQAEEQKLISEEDLLRKRREQLKHKLEQLRNSCA,1.0,train,999
800,MADPSLNNPVVIQATRLDASILPRNVFSKSYLLYVIAQGTDVGAIAGKANEAGQGAYDAQVKNDEQDVELADHEARIKQLRIDVDDHESRITANTKAITALNVRVTTAEGEIASLQTNVSALDGRVTTAENNISALQADYVSKTATTSQSLASPLNVTTSYSVGGKKVLGARQTGWTAATGTANKGVFDADLTFAVSDTYTQSEIQAIANALITERRRTKALEDALRAHGLID,0.0,train,999
137,MEDEMPKTLYVGNLSRDVTEALILQLFSQIGPCKNCKMIMDTAGNDPYCFVEFHEHRHAAAALAAMNGRKIMGKEVKVNWATTPSSQKKDTSSSTVVSTQRSQDHFHVFVGDLSPEITTEDIKAAFAPFGRISDARVVKDMATGKSKGYGFVSFFNKWDAENAIQQMGGQWLGGRQIRTNWATRKPPAPKSTYESNTKQLSYDEVVSQSSPNNCTVYCGGVTSGLTEQLMRQTFSPFGQIMEIRVFPDKGYSFVRFSSHESAAHAIVSVNGTTIEGHVVKCYWGKETLDMINPVQQQNQIGYPPTYGQWGQWYGNAQQIGQYVPNGWQVPAYGVYGQPWSQQGFNQTQSSAPWMGPNYSVPPPQGQNGSMLPSQPAGYRVAGYETQ,1.0,train,999
107,MAENGESSGPPRPSRGPAAAQGSAAAPAEPKIIKVTVKTPKEKEEFAVPENSSVQQFKEAISKRFKSQTDQLVLIFAGKILKDQDTLIQHGIHDGLTVHLVIKSQNRPQGQSTQPSNAAGTNTTSASTPRSNSTPISTNSNPFGLGSLGGLAGLSSLGLSSTNFSELQSQMQQQLMASPEMMIQIMENPFVQSMLSNPDLMRQLIMANPQMQQLIQRNPEISHLLNNPDIMRQTLEIARNPAMMQEMMRNQDLALSNLESIPGGYNALRRMYTDIQEPMLNAAQEQFGGNPFASVGSSSSSGEGTQPSRTENRDPLPNPWAPPPATQSSATTSTTTSTGSGSGNSSSNATGNTVAAANYVASIFSTPGMQSLLQQITENPQLIQNMLSAPYMRSMMQSLSQNPDLAAQMMLNSPLFTANPQLQEQMRPQLPAFLQQMQNPDTLSAMSNPRAMQALMQIQQGLQTLATEAPGLIPSFTPGVGVGVLGTGPTVSSAAPSETTSPTSESGPNQQFIQQMVQALAGANAPQLPNPEVRFQQQLEQLNAMGFLNREANLQALIATGGDINAAIERLLG,1.0,train,999
944,MEDENILRNAVNLQVLKFHYPEIESIIDIASHVAVYQFDVGSQKWLKTSIEGTFFLVKDQRARVGYVILNRNSPENLYLFINHPSNVHLVDRYLIHRTENQHVVGLWMFDPNDMSRIFNIVKESLLR,0.0,train,999
657,MPLILLPAVDVVEGRAVRLVQGKAGSQTEYGSAVDAALGWQRDGAEWIHLVDLDAAFGRGSNHELLAEVVGKLDVQVELSGGIRDDESLAAALATGCARVNVGTAALENPQWCARVIGEHGDQVAVGLDVQIIDGEHRLRGRGWETDGGDLWDVLERLDSEGCSRFVVTDITKDGTLGGPNLDLLAGVADRTDAPVIASGGVSSLDDLRAIATLTHRGVEGAIVGKALYARRFTLPQALAAVRD,0.0,train,999
842,MADEKPKEGVKTENNDHINLKVAGQDGSVVQFKIKRHTPLSKLMKAYCERQGLSMRQIRFRFDGQPINETDTPAQLEMEDEDTIDVFQQQTGGVY,0.0,train,999
329,ARGPKKHLKRINAPKSWMLNKLGGIWATRPSQGPHKLRESLPLSVLLKERLNYALNGRDVTLILNDKEGNVFVDQKVRRDKGYPTGLMDVVRIEKTDQSFRILYDTKGRFVLKSLSKEEAKYKLLKVTAKAIGPNQIPYIVTHDSRTIRFPNPEIKIGDTLKYDLVNNKIENFAHLESGNVCYIQQGNNIGRVGIIQHIEKHQGSFDICHVKDAKGNAFATRLGNIFVLGQGKKLYIELPSGDGVRETILEERKRKFSY,0.0,train,999
1610,MEKTYGKTVLPLSRVKRIIKQDEDVHYCSNASALLISVATELFVEKLATEAYQLAKLQKRKGIRYRDVEDVVRKDDQFEFLSDLFSI,0.0,train,999
443,MHPKIFALLAKFPRVELIPWETPIQYLPNISREIGADVYIKRDDLTGLGIGGNKIRKLEYLLGDALSKGADVVITVGAVHSNHAFVTGLAAKKLGLDAILVLRGKEELKGNYLLDKIMGIETRVYDAKDSFELMKYAEEIAEELKREGRKPYVIPPGGASPIGTLGYVRAVGEIATQSEVKFDSIVVAAGSGGTLAGLSLGLSILNEDIRPVGIAVGRFGEVMTSKLDNLIKEAAELLGVKVEVRPELYDYSFGEYGKITGEVAQIIRKVGTREGIILDPVYTGKAFYGLVDLARKGELGEKILFIHTGGISGTFHYGDKLLSLL,0.0,train,999
619,LAAVSVDCSEYPKPACTMEYRPLCGSDNKTYGNKCNFCNAVVESNGTLTLSHFGKC,0.0,train,999
86,CLRKKRKPQAEKVDVIAGSSKMKGFSSSESESSSESSSSDSEDSETEMAPKSKKKGHPGREQKKHHHHHHQQMQQAPAPVPQQPPPPPQQPPPPPPPQQQQQPPPPPPPPSMPQQAAPAMKSSPPPFIATQVPVLEPQLPGSVFDPIGHFTQPILHLPQPELPPHLPQPPEHSTPPHLNQHAVVSPPALHNALPQQPSRPSNRAAALPPKPARPPAVSPALTQTPLLPQPPMAQPPQVLLEDEEPPAPPLTSMQMQLYLQQLQKVQPPTPLLPSVKVQSQPPPPLPPPPHPSVQQQLQQQPPPPPPPQPQPPPQQQHQPPPRPVHLQPMQFSTHIQQPPPPQGQQPPHPPPGQQPPPPQPAKPQQVIQHHHSPRHHKSDPYSTGHLREAPSPLMIHSPQMSQFQSLTHQSPPQQNVQPKKQELRAASVVQPQPLVVVKEEKIHSPIIRSEPFSPSLRPEPPKHPESIKAPVHLPQRPEMKPVDVGRPVIRPPEQNAPPPGAPDKDKQKQEPKTPVAPKKDLKIKNMGSWASLVQKHPTTPSSTAKSSSDSFEQFRRAAREKEEREKALKAQAEHAEKEKERLRQERMRSREDEDALEQARRAHEEARRRQEQQQQQRQEQQQQQQQQAAAVAAAATPQAQSSQPQSMLDQQRELARKREQERRRREAMAATIDMNFQS,1.0,train,999
206,QDRGGRGRGGSGGGGGGGGGGYNRSSGGYEPRGRGGGRGGRGGMGGSDRGGFNKFGGPRDQGSRHDSEQDNSDNNTIFVQGLGENVTIESVADYFKQIGIIKTNKKTGQPMINLYTDRETGKLKGEATVSFDDPPSAKAAIDWFDGKEFSGNPIKVSFATRRADFNRGGGNGRGGRGRGGPMGRGGYGGGGSGGGGRGGFPSGGGGGGGQQGPGGGPGGSHMGGNYGDDRRGGRGGYDRGGYRGRGGDRGGFRGGRGGGDRGGFGPGKMDSRGEHRQDRRERPY,1.0,train,999
1772,MENNEIQSVLMNALSLQEVHVSGDGSHFQVIAVGELFDGMSRVKKQQTVYGPLMEYIADNRIHAVSIKAYTPAEWARDRKLNGF,0.0,train,999
178,MSDQGPPEEVVLVGVFSHQCQDDIVCNNTSGKIPYFNAPIYFKNKEQVGKIDEIFGSPGENGFSVTLSQGVKASSFEPESQLYIDPGKLLPVDRFLPQAGGGRGRGGRGRGGDRGGRGSDRGGRGGFGRGGGGGFRGGDRGGFGGGRGGFRGGDRGGFRGGRGGDFGGRGRGDFKRSYDGGSFGGQNNKRTKFE,1.0,train,999
88,EHHSGSQGPLLTTGDLGKEKTQKRVKEGNGTSNSTLSGPGLDSKPGKRSRTPSNDGKSKDKPPKRKKADTEGKSPSHSSSNRPFTPPTSTGGSKSPGSAGRSQTPPGVATPPIPKITIQIPKGTVMVGKPSSHSQYTSSGSVSSSGSKSHHSHSSSSSSSASTSGKMKSSKSEGSSSSKLSSSMYSSQGSSGSSQSKNSSQSGGKPGSSPITKHGLSSGSSSTKMKPQGKPSSLMNPSLSKPNISPSHSRPPGGSDKLASPMKPVPGTPPSSKAKSPISSGSGGSHMSGTSSSSGMKSSSGLGSSGSLSQKTPPSSNSCTASSSSFSSSGSSMSSSQNQHGSSKGKSPSRNKKPSLTAVIDKLKHGVVTSGPGGEDPLDGQMGVSTNSSSHPMSSKHNMSGGEFQGKREKSDKDKSKVSTSGSSVDSSKKTSESKNVGSTGVAKIIISKHDGGSPSIKAKVTLQKPGESSGEGLRPQMASSKNYGSPLISGSTPKHERGSPSHSKSPAYTPQNLDSESESGSSIAEKSYQNSPSSDDGIRPLPEYSTEKHKKHKKEKKKVKDKDRDRDRDKDRDKKKSHSIKPESWSKSPISSDQSLSMTSNTILSADRPSRLSPDFMIGEEDDDLM,1.0,train,999
1697,MKATFQVPSITCNHCVDKIEKFVGEIEGVSFIDVSVEKKSVVVEFDAPATQDLIKEALLDAGQEVV,0.0,train,999
198,MSSSKPYPSGLPNSRRKRGGRRSSSRSNQESASNNMEHQITLDELFNPIAKQDSAQSTSREYGAKSGISHHGSVSFNGNTFMNGQQLNHSMTRHGRVFNQSMHAAQGNGSNAFNSIPPTAPVFSADFRRNLQTRNSSSWYERRFPVSTDQDDVQQSNTRRSRSRQNGQHGLSFSDGSNNYGHAGNKSFSVSSVPVGFQKQENNSKKLRQTNVHQQCLGNKSFNAQAGVHGHAFKKGHKDNKNASGKEVINSSLVQKHDAIKSRNLNQSFSGFPTHETSSMKNQQQKSRNDRKKSRGSSNFQDRTYFNTNDDELTDDVFIDDSMDAARGRRSRSVTKKLQQSTYSKQNAGSKQLTEKCKSSEEAAKRNLVSNVFSKDGTELSIEQLLEIVSMKIGQQIHLPSSSHGECSNLNRTLPASDLNCSIGEDFDSSFVDANNQTLPVSLPKKTSLSIKRRGSSRSASRLASLDVTLETVEEDEEPTPSPQPSSPPKISRRKWTGTFDANVEEMRRLLHGDPEMPKSANRASSSKDQINRNNVDVKRTPSS,1.0,train,999
1404,MTPIEYIDRALALVVDRLARYPGYEVLLSAEKQLQYIRSVLLDRSLDRSALHRLTLGSIAVKEFDETDPELSRALKDAYYVGIRTGRGLKVDLP,0.0,train,999
337,MDQENERNISRLWRAFRTVKEMVKDRGYFITQEEVELPLEDFKAKYCDSMGRPQRKMMSFQANPTEESISKFPDMGSLWVEFCDEPSVGVKTMKTFVIHIQEKNFQTGIFVYQNNITPSAMKLVPSIPPATIETFNEAALVVNITHHELVPKHIRLSSDEKRELLKRYRLKESQLPRIQRADPVALYLGLKRGEVVKIIRKSETSGRYASYRICM,0.0,train,999
110,MAEPRQEFEVMEDHAGTYGLGDRKDQGGYTMHQDQEGDTDAGLKESPLQTPTEDGSEEPGSETSDAKSTPTAEDVTAPLVDEGAPGKQAAAQPHTEIPEGTTAEEAGIGDTPSLEDEAAGHVTQARMVSKSKDGTGSDDKKAKGADGKTKIATPRGAAPPGQKGQANATRIPAKTPPAPKTPPSSGEPPKSGDRSGYSSPGSPGTPGSRSRTPSLPTPPTREPKKVAVVRTPPKSPSSAKSRLQTAPVPMPDLKNVKSKIGSTENLKHQPGGGKVQIINKKLDLSNVQSKCGSKDNIKHVPGGGSVQIVYKPVDLSKVTSKCGSLGNIHHKPGGGQVEVKSEKLDFKDRVQSKIGSLDNITHVPGGGNKKIETHKLTFRENAKAKTDHGAEIVYKSPVVSG,1.0,train,999
84,AGFQPQSQGMSLNDFQKQQKQAAPKPKKTLKLVSSSGIKLANATKKVGTKPAESDKKEEEKSAETKEPTKEPTKVEEPVKKEEKPVQTEEKTEEKSELPKVEDLKISESTHNTNNANVTSADALIKEQEEEVDDEVVNDMFGGKDHVSLIFMGHVDAGKSTMGGNLLYLTGSVDKRTIEKYEREAKDAGRQGWYLSWVMDTNKEERNDGKTIEVGKAYFETEKRRYTILDAPGHKMYVSEMIGGASQADVGVLVISARKGEYETGFERGGQTREHALLAKTQGVNKMVVVVNKMDDPTVNWSKERYDQCVSNVSNFLRAIGYNIKTDVVFMPVSGYSGANLKDHVDPKECPWYTGPTLLEYLDTMNHVDRHINAPFMLPIAAKMKDLGTIVEGKIESGHIKKGQSTLLMPNKTAVEIQNIYNETENEVDMAMCGEQVKLRIKGVEEEDISPGFVLTSPKNPIKSVTKFVAQIAIVELKSIIAAGFSCVMHVHTAIEEVHIVKLLHKLEKGTNRKSKKPPAFAKKGMKVIAVLETEAPVCVETYQDYPQLGRFTLRDQGTTIAIGKIVKIAE,1.0,train,999
1078,MDFKQEVLDVLAEVCQDDIVKENPDIEIFEEGLLDSFGTVELLLAIENRFDILVPITEFDRDVWNTPNNIVNQLSELK,0.0,train,999
614,MARGKAKEEGSWKKFIWNSEKKEFLGRTGGSWFKILLFYVIFYGCLAGIFIGTIQVMLLTISEFKPTYQDRVAPPGLTQIPQSQKTEISFRPNDPQSYESYVVSIVRFLEKYKDLAQKDDMIFEDCGNVPSELKERGEYNNERGERKVCRFRLEWLGNCSGLNDETYGYKDGKPCVIIKLNRVLGFKPKPPKNESLETYPVMKYNPYVLPVHCTGKRDEDKEKVGTMEYFGLGGYPGFPLQYYPYYGKLLQPKYLQPLMAVQFTNLTMDTEIRIECKAYGENIGYSEKDRFQGRFDVKIEVKS,0.0,train,999
136,MEDEMPKTLYVGNLSRDVTEALILQLFSQIGPCKNCKMIMDTAGNDPYCFVEFHEHRHAAAALAAMNGRKIMGKEVKVNWATTPSSQKKDTSSSTVVSTQRSQDHFHVFVGDLSPEITTEDIKAAFAPFGRISDARVVKDMATGKSKGYGFVSFFNKWDAENAIQQMGGQWLGGRQIRTNWATRKPPAPKSTYESNTKQLSYDEVVNQSSPSNCTVYCGGVTSGLTEQLMRQTFSPFGQIMEIRVFPDKGYSFVRFNSHESAAHAIVSVNGTTIEGHVVKCYWGKETLDMINPVQQQNQIGYPQPYGQWGQWYGNAQQIGQYMPNGWQVPAYGMYGQAWNQQGFNQTQSSAPWMGPNYGVQPPQGQNGSMLPNQPSGYRVAGYETQ,1.0,train,999
119,MASNDYTQQATQSYGAYPTQPGQGYSQQSSQPYGQQSYSGYSQSTDTSGYGQSSYSSYGQSQNTGYGTQSTPQGYGSTGGYGSSQSSQSSYGQQSSYPGYGQQPAPSSTSGSYGSSSQSSSYGQPQSGSYSQQPSYGGQQQSYGQQQSYNPPQGYGQQNQYNSSSGGGGGGGGGGNYGQDQSSMSSGGGSGGGYGNQDQSGGGGSGGYGQQDRGGRGRGGSGGGGGGGGGGYNRSSGGYEPRGRGGGRGGRGGMGGSDRGGFNKFGGPRDQGSRHDSEQDNSDNNRRADFNRGGGNGRGGRGRGGPMGRGGYGGGGSGGGGRGGFPSGGGGGGGQQRAGDWKCPNPTCENMNFSWRNECNQCKAPKPDGPGGGPGGSHMGGNYGDDRRGGRGGYDRGGYRGRGGDRGGFRGGRGGGDRGGFGPGKMDSRGEHRQDRRERPY,1.0,train,999
1331,MAAKKDYYAILGVPRNATQEEIKRAYKRLARQYHPDVNKSPEAEEKFKEINEAYAVLSDPEKRRIYDTYGTTEAPPPPPPGGYDFSGFDVEDFSEFFQELFGPGLFGGFGRRSRKGRDLRAELPLTLEEAFHGGERVVEVAGRRVSVRIPPGVREGSVIRVPGMGGQGNPPGDLLLVVRLLPHPVFRLEGQDLYATLDVPAPIAVVGGKVRAMTLEGPVEVAVPPRTQAGRKLRLKGKGFPGPAGRGDLYLEVRITIPERLTPEEEALWKKLAEAYYARA,0.0,train,999
247,MDIILGIRVQDSVILASSKAVTRGISVLKDSDDKTRQLSPHTLMSFAGEAGDTVQFAEYIQANIQLYSIREDYELSPQAVSSFVRQELAKSIRSRRPYQVNVLIGGYDKKKNKPELYQIDYLGTKVELPYGAHGYSGFYTFSLLDHHYRPDMTTEEGLDLLKLCVQELEKRMPMDFKGVIVKIVDKDGIRQVDDFQAQ,0.0,train,999
218,VQDKDTLSNAERAKNVNGLLQVLMDINTLNGGSSDTADKIRIHAKNFEAALFAKSSSKKEYMDSMNEKVAVMRNTYNTRKNAVTAAAANNNIKPVEQHHINNLKNSGNSANNMNVNMNLNPQMFLNQQAQARQQVAQQLRNQQQQQQQQQQQQRRQLTPQQQQLVNQMKVAPIPKQLLQRIPNIPPNINTWQQVTALAQQKLLTPQDMEAAKEVYKIHQQLLFKARLQQQQAQAQAQANNNNNGLPQNGNINNNINIPQQQQMQPPNSSANNNPLQQQSSQNTVPNVLNQINQIFSPEEQRSLLQEAIETCKNFEKTQLGSTMTEPVKQSFIRKYINQKALRKIQALRDVKNNNNANNNGSNLQRAQNVPMNIIQQQQQQNTNNNDTIATSATPNAAAFSQQQNASSKLYQMQQQQQAQAQAQAQAQAQAQAQAQAQAAQAAQAQAQAQAQAQAQAQAQAQAQAQAQAQAQAQAQAHAQHQPSQQPQQAQQQPNPLHGLTPTAKDVEVIKQLSLDASKTNLRLTDVTNSLSNEEKEKIKMKLKQGQKLFVQVSNFAPQVYIITKNENFLKEVFQLRIFVKEILEKCAEGIFVVKLDTVDRLIIKYQKYWESMRIQILRRQAILRQQQQMANNNGNPGTTSTGNNNN,1.0,test,1
1346,MKIDITDYNHADEILNPQLWKEIEETLLKMPLHVKASDQASKVGSLIFDPVGTNQYIKDELVPKHWKNNIPIPKRFDFLGTDIDFGKRDTLVEVQFSNYPFLLNNTVRSELFHKSNMDIDEEGMKVAIIITKGHMFPASNSSLYYEQAQNQLNSLAEYNVFDVPIRLVGLIEDFETDIDIVSTTYADKRYSRTITKRDTVKGKVIDTNTPNTRRRKRGTIVTY,0.0,test,0
150,MGDYGFGVLVQNNTGNKSAFPVRFHPHLQPPHHHQNTTPSPAAFINNTAANGSNAGSAWLFPAPAAHNIQDEILGSEKSKSQQQQQQEQQESLEKQQLSPSQSQEAGILPDPEKVKSEENQGDSSSENGKDKIRIESPVLTGFDYQEASGLGSSNQTLTSSASPLTGFSNWSAAIAPSSSTMINEDASFFHQGGVPAASANNGALLFQNFPHHVSPGFGGSFSPQIGPLSQHHPHHPHFQHHHNQHQQQRRSPASPHPPPFTHRNAAFNQLPHLANNLNKPPSPWSSYQSPSPTPSSSWSPGGSGYGGWGGSQGRDHRRGLNGGITPLNSISPLKKNFGNNHIQLQKYGRPNSAFAPKSWMDDSLNRADNIFPFADRTRAFDMHSLESSLIDIMRAENDSLKGQSSLFP,1.0,test,1
181,MSDSNQGNNQQNYQQYSQNGNQQQGNNRYQGYQAYNAQAQPAGGYYQNYQGYSGYQQGGYQQYNPDAGYQQQYNPQGGYQQYNPQGGYQQQFNPQGGRGNYKNFNYNNNLQGYQAGFQPQSQGMSLNDFQKQQKQAAPKPKKTLKLVSSSGIKLANATKKVGTKPAESDKKEEEKSAETKEPTKEPTKVEEPVKKEEKPVQTEEKTEEKSELPKVEDLKISESTHNTNNANVTSADALIKEQEEEVDDEVVNDMFGGKDHVSLIFMGHVDAGKSTMGGNLLYLTGSVDKRTIEKYEREAKDAGRQGWYLSWVMDTNKEERNDGKTIEVGKAYFETEKRRYTILDAPGHKMYVSEMIGGASQADVGVLVISARKGEYETGFERGGQTREHALLAKTQGVNKMVVVVNKMDDPTVNWSKERYDQCVSNVSNFLRAIGYNIKTDVVFMPVSGYSGANLKDHVDPKECPWYTGPTLLEYLDTMNHVDRHINAPFMLPIAAKMKDLGTIVEGKIESGHIKKGQSTLLMPNKTAVEIQNIYNETENEVDMAMCGEQVKLRIKGVEEEDISPGFVLTSPKNPIKSVTKFVAQIAIVELKSIIAAGFSCVMHVHTAIEEVHIVKLLHKLEKGTNRKSKKPPAFAKKGMKVIAVLETEAPVCVETYQDYPQLGRFTLRDQGTTIAIGKIVKIAE,1.0,test,1
197,MSSLAVRDPAMDRSLRSVFVGNIPYEATEEQLKDIFSEVGSVVSFRLVYDRETGKPKGYGFCEYQDQETALSAMRNLNGREFSGRALRVDNAASEKNKEELKSLGPAAPIIDSPYGDPIDPEDAPESITRAVASLPPEQMFELMKQMKLCVQNSHQEARNMLLQNPQLAYALLQAQVVMRIMDPEIALKILHRKIHVTPLIPGKSQSVSVSGPGPGPGPGLCPGPNVLLNQQNPPAPQPQHLARRPVKDIPPLMQTPIQGGIPAPGPIPAAVPGAGPGSLTPGGAMQPQLGMPGVGPVPLERGQVQMSDPRAPIPRGPVTPGGLPPRGLLGDAPNDPRGGTLLSVTGEVEPRGYLGPPHQGPPMHHASGHDTRGPSSHEMRGGPLGDPRLLIGEPRGPMIDQRGLPMDGRGGRDSRAMETRAMETEVLETRVMERRGMETCAMETRGMEARGMDARGLEMRGPVPSSRGPMTGGIQGPGPINIGAGGPPQGPRQVPGISGVGNPGAGMQGTGIQGTGMQGAGIQGGGMQGAGIQGVSIQGGGIQGGGIQGASKQGGSQPSSFSPGQSQVTPQDQEKAALIMQVLQLTADQIAMLPPEQRQSILILKEQIQKSTGAS,1.0,test,1
152,MGKKTKRTADSSSSEDEEEYVVEKVLDRRVVKGQVEYLLKWKGFSEEHNTWEPEKNLDCPELISEFMKKYKKMKEGENNKPREKSESNKRKSNFSNSADDIKSKKKREQSNDIARGFERGLEPEKIIGATDSCGDLMFLMKWKDTDEADLVLAKEANVKCPQIVIAFYEERLTWHAY,1.0,test,0
694,MPKRTDIKSILILGAGPIVIGQACEFDYSGAQACKALREEGYRVILVNSNPATIMTDPEMADATYIEPIHWEVVRKIIEKERPDAVLPTMGGQTALNCALELERQGVLEEFGVTMIGATADAIDKAEDRRRFDVAMKKIGLETARSGIAHTMEEALAVAADVGFPCIIRPSFTMGGSGGGIAYNREEFEEICARGLDLSPTKELLIDESLIGWKEYEMEVVRDKNDNCIIVCSIENFDAMGIHTGDSITVAPAQTLTDKEYQIMRNASMAVLREIGVETGGSNVQFAVNPKNGRLIVIEMNPRVSRSSALASKATGFPIAKVAAKLAVGYTLDELMNDITGGRTPASFEPSIDYVVTKIPRFNFEKFAGANDRLTTQMKSVGEVMAIGRTQQESLQKALRGLEVGATGFDPKVSLDDPEALTKIRRELKDAGADRIWYIADAFRAGLSVDGVFNLTNIDRWFLVQIEELVRLEEKVAEVGITGLNADFLRQLKRKGFADARLAKLAGVREAEIRKLRDQYDLHPVYKRVDTCAAEFATDTAYMYSTYEEECEANPSTDREKIMVLGGGPNRIGQGIEFDYCCVHASLALREDGYETIMVNCNPETVSTDYDTSDRLYFEPVTLEDVLEIVRIEKPKGVIVQYGGQTPLKLARALEAAGVPVIGTSPDAIDRAEDRERFQHAVERLKLKQPANATVTAIEMAVEKAKEIGYPLVVRPSYVLGGRAMEIVYDEADLRRYFQTAVSVSNDAPVLLDHFLDDAVEVDVDAICDGEMVLIGGIMEHIEQAGVHSGDSACSLPAYTLSQEIQDVMRQQVQKLAFELQVRGLMNVQFAVKNNEVYLIEVNPRAARTVPFVSKATGVPLAKVAARVMAGKSLAEQGVTKEVIPPYYSVKEVVLPFNKFPGVDPLLGPEMRSTGEVMGVGRTFAEAFAKAQLGSNSTMKKHGRALLSVREGDKERVVDLAAKLLKQGFELDATHGTAIVLGEAGINPRLVNKVHEGRPHIQDRIKNGEYTYIINTTSGRRAIEDSRVIRRSALQYKVHYDTTLNGGFATAMALNADATEKVISVQEMHAQIK,0.0,test,1
1653,MAAPVLYGGAGGTATGPGDMRRSLMHEKKQVFAELRREAQALRVAKEARGKMSVWDPSTREGARGYREKVVRFGRQIASLLQYFENMHSPALDIIACDKFLLKYQIYGDIDRDPAFGENTMTAEVPVVWDKCEVEVKLYAGPLQKLMSRAKLVGAAREGIPNRNDVAKSTGWNQDQVQKFPDNRMDSLISLLEQMQTGQSKLTRLVKGFLILLEMAERKEVDFHVGNHIHVTYAIAPVCDSYDLPGRCYVFNSKPTSEAHAAVLLAMCREYPPPQFASHVSVPADAEDVCIVSQGRQIQPGSAVTLNPGLVYSSILTYAMDTSCTDLLQEAQIIACSLQENRYFSRIGLPTVVSLYDLMVPAFIAQNSALEGARLSGDLSKAVGRVHQMLGMVAAKDIISATHMQSRTGFDPSHGIRQYLNSNSRLVTQMASKLTGIGLFDATPQMRIFSEMDTADYADMLHLTIFEGLWLVQDASVCTDNGPISFLVNGEKLLSADRAGYDVLVEELTLANIRIEHHKMPTGAFTTRWVAAKRDSALRLTPRSRTAHRVDMVRECDFNPTMNLKAAGPKARLRGSGVKSRRRVSEVPLAHVFRSPPRRESTTTTDDSPRWLTREGPQLTRRVPIIDEPPAYESGRSSSPVTSSISEGTSQHEEEMGLFDAEELPMQQTVIATEARRRLGRGTLERIQEAALEGQVAQGEVTAEKNRRIEAMLSARDPQFTGREQITKMLSDGGLGVREREEWLELVDKTVGVKGLKEVRSIDGIRRHLEEYGEREGFAVVRTLLSGNSKHVRRINQLIRESNPSAFETEASRMRRLRADWDGDAGSAPVNALHFVGNSPGWKRWLENNNIPSDIQVAGKKRMCSYLAEVLSHGNLKLSDATKLGRLVEGTSLDLFPPQLSSEEFSTCSEATLAWRNAPSSLGVRPFAQEDSRWLVMAATCGGGSFGIGKLKSLCKEFSVPKELRDALRVKYGLFGGKDSLE,0.0,test,1
209,QRQRDASPGRGSHGQTPSPGALPLGRQTSQQPAGPPAQQRPPPQGGPPQPGPGPQRQGPPLQQRPPPQGQQHLSGLGPPAGSPLPQRLPSPTSAPQQPASQAAPPTQGQGRQSRPVAGGPGAPPAARPPASPSPQRQAGPPQATRQTSVSGPAPPKASGAPPGGQQRQGPPQKPPGPAGPTRQASQAGPVPRTGPPTTQQPRPSGPGPAGRPKPQLAQKPSQDVPPPATAAAGGPPHPQLNKSQSLTNAFNLPEPAPPRPSLSQDEVKAETIRSLRKSFASLFSD,1.0,test,1
426,MALLVEKTTSGREYKVKDMSQADFGRLEIELAEVEMPGLMASRSEFGPSQPFKGAKITGSLHMTIQTAVLIETLTALGAEVRWCSCNIFSTQDHAAAAIARDSAAVFAWKGETLQEYWWCTERALDWGPGGGPDLIVDDGGDTTLLIHEGVKAEEIYEKSGQFPDPDSTDNAEFKIVLSIIKEGLKTDPKRYHKMKDRVVGVSEETTTGVKRLYQMQANGTLLFPAINVNDSVTKSKFDNLYGCRHSLPDGLMRATDVMIAGKVAVVAGYGDVGKGCAAALKQAGARVIVTEIDPICALQATMEGLQVLTLEDVVSEADIFVTTTGNKDIIMLDHMKKMKNNAIVCNIGHFDNEIDMLGLETHPGVKRITIKPQTDRWVFPETNTGIIILAEGRLMNLGCATGHPSFVMSCSFTNQVIAQLELWNEKSSGKYEKKVYVLPKHLDEKVAALHLEKLGAKLTKLSKDQADYISVPVEGPYKPFHYRY,0.0,test,0
93,GRFGGNPGGFGNQGGFGNSRGGGAGLGNNQGSNMGGGMNFGAFSINPAMMAAAQAALQSSWGMMGMLASQQNQSGPSGNNQNQGNMQREPNQAFGSGNNSYSGSNSGAAIGWGSASNAGSGSGFNGGFGSSMDSKSSGWGM,1.0,test,1
982,MMSTTLFKDFTFEAAHRLPHVPEGHKCGRLHGHSFMVRLEITGEVDPHTGWIIDFAELKAAFKPTYERLDHHYLNDIPGLENPTSEVLAKWIWDQVKPVVPLLSAVMVKETCTAGCIYRGE,0.0,test,0
1660,MSEYRRYYIKGGTWFFTVNLRNRRSQLLTTQYQMLRHAIIKVKRDRPFEINAWVVLPEHMHCIWTLPEGDDDFSSRWREIKKQFTHACGLKNIWQPRFWEHAIRNTKDYRHHVDYIYINPVKHGWVKQVSDWPFSTFHRDVARGLYPIDWAGDVTDFSAGERIIS,0.0,test,0
1478,MDREAFVQTLTACRLCPRLVAWREEVVGRKRAFRGEPYWARPVPGFGDPEARILLFGLAPGAHGSNRTGRPFTGDASGAFLYPLLHEAGLSSKPESLPGDDLRLYGVYLTAAVRCAPPKNKPTPEELRACARWTEVELGLLPEVRVYVALGRIALEALLAHFGLRKSAHPFRHGAHYPLPGGRHLLASYHVSRQNTQTGRLTREMFLEVLMEAKRLAGL,0.0,test,0
220,YSPTSPAYEPRSPGGYTPQSPSYSPTSPSYSPTSPSYSPTSPNYSPTSPSYSPTSPSYSPTSPSYSPTSPSYSPTSPSYSPTSPSYSPTSPSYSPTSPSYSPTSPSYSPTSPSYSPTSPSYSPTSPSYSPTSPSYSPTSPSYSPTSPSYSPTSPNYSPTSPNYTPTSPSYSPTSPSYSPTSPNYTPTSPNYSPTSPSYSPTSPSYSPTSPSYSPSSPRYTPQSPTYTPSSPSYSPSSPSYSPASPKYTPTSPSYSPSSPEYTPTSPKYSPTSPKYSPTSPKYSPTSPTYSPTTPKYSPTSPTYSPTSPVYTPTSPKYSPTSPTYSPTSPKYSPTSPTYSPTSPKGSTYSPTSPGYSPTSPTYSLTSPAISPDDSDEEN,1.0,test,1
467,MRVGIPTETKNNEFRVAITPAGVAELTRRGHEVLIQAGAGEGSAITDADFKAAGAQLVGTADQVWADADLLLKVKEPIAAEYGRLRHGQILFTFLHLAASRACTDALLDSGTTSIAYETVQTADGALPLLAPMSEVAGRLAAQVGAYHLMRTQGGRGVLMGGVPGVEPADVVVIGAGTAGYNAARIANGMGATVTVLDINIDKLRQLDAEFCGRIHTRYSSAYELEGAVKRADLVIGAVLVPGAKAPKLVSNSLVAHMKPGAVLVDIAIDQGGCFEGSRPTTYDHPTFAVHDTLFYCVANMPASVPKTSTYALTNATMPYVLELADHGWRAACRSNPALAKGLSTHEGALLSERVATDLGVPFTEPASVLA,0.0,test,0
85,ASNDYTQQATQSYGAYPTQPGQGYSQQSSQPYGQQSYSGYSQSTDTSGYGQSSYSSYGQSQNTGYGTQSTPQGYGSTGGYGSSQSSQSSYGQQSSYPGYGQQPAPSSTSGSYGSSSQSSSYGQPQSGSYSQQPSYGGQQQSYGQQQSYNPPQGYGQQNQYNSSSGGGGGGGGGGNYGQDQSSMSSGGGSGGGYGNQDQSGGGGSGGYGQQDRG,1.0,test,1
149,MFRKLAAECFGTFWLVFGGCGSAVLAAGFPELGIGFAGVALAFGLTVLTMAFAVGHISGGHFNPAVTIGLWAGGRFPAKEVVGYVIAQVVGGIVAAALLYLIASGKTGFDAAASGFASNGYGEHSPGGYSMLSALVVELVLSAGFLLVIHGATDKFAPAGFAPIAIGLALTLIHLISIPVTNTSVNPARSTAVAIFQGGWALEQLWFFWVVPIVGGIIGGLIYRTLLEKRD,1.0,test,0
211,RAMQALMQIQQGLQTLATEAPGLIPSFTPGVGVGVLGTAIGPVGPVTPIGPIGPIVPFTPIGPIGPIGPTGPAAPPGSTGSGGPTGPTVSSAAPSETTSPTSESGPNQQFIQQMVQALAGANAPQLPNPEVRFQQQLEQLNAMGFLNREANLQALIATGGDINAAIERLLGSQPS,1.0,test,1
168,MMLGTEGGEGFVVKVRGLPWSCSADEVQRFFSDCKIQNGAQGIRFIYTREGRPSGEAFVELESEDEVKLALKKDRETMGHRYVEVFKSNNVEMDWVLKHTGPNSPDTANDGFVRLRGLPFGCSKEEIVQFFSGLEIVPNGITLPVDFQGRSTGEAFVQFASQEIAEKALKKHKERIGHRYIEIFKSSRAEVRTHYDPPRKLMAMQRPGPYDRPGAGRGYNSIGRGAGFERMRRGAYGGGYGGYDDYNGYNDGYGFGSDRFGRDLNYCFSGMSDHRYGDGGSTFQSTTGHCVHMRGLPYRATENDIYNFFSPLNPVRVHIEIGPDGRVTGEADVEFATHEDAVAAMSKDKANMQHRYVELFLNSTAGASGGAYEHRYVELFLNSTAGASGGAYGSQMMGGMGLSNQSSYGGPASQQLSGGYGGGYGGQSSMSGYGNQGAVNSSYYSSGSRASMGVNGMGGLSSMSSMSGGWGM,1.0,test,1
856,MDRENILKAVKEARSLAKPRNFTQSLDLIINLKELDLSRPENRLKEQVVLPNGRGKEPKIAVIAKGDLAAQAEEMGLTVIRQDELEELGKNKKMAKKIANEHDFFIAQADMMPLVGKTLGPVLGPRGKMPQPVPANANLTPLVERLKKTVLINTRDKPLFHVLVGNEKMSDEELAENIEAILNTVSRKYEKGLYHVKSAYTKLTMGPPAQIEK,0.0,test,0
115,MASASSSQRGRSGSGNFGGGRGGGFGGNDNFGRGGNFSGRGGFGGSRGGGGYGGSGDGYNGFGNDGSNFGGGGSYNDFGNYNNQSSNFGPMKGGNFGGRSSGPYGGGGQYFAKPRNQGGYGGSSSSSSYGSGRRF,1.0,test,1
153,MGRKKKKQLKPWCWYCNRDFDDEKILIQHQKAKHFKCHICHKKLYTGPGLAIHCMQVHKETIDAVPNAIPGRTDIELEIYGMEGIPEKDMEERRRILEQKTQVDGQKKKTNQDDSDYDDDDDTAPSTSFQQMQTQQAFMPTMGQPGIPGLPGAPGMPPGITSLMPAVPPLISGIPHVMAGMHPHGMMSMGGMMHPHRPGIPPMMAGLPPGVPPPGLRPGIPPVTQAQPALSQAVVSRLPVPSTSAPALQSVPKPLFPSAGQAQAHISGPVGTDFKPLNNIPATTAEHPKPTFPAYTQSTMSTTSTTNSTASKPSTSITSKPATLTTTSATSKLVHPDEDISLEEKRAQLPKYQRNLPRPGQAPISNMGSTAVGPLGAMMAPRPGLPPQQHGMRHPLPPHGQYGAPLQGMAGYHPGTMPPFGQGPPMVPPFQGGPPRPLMGIRPPVMSQGGRY,1.0,test,1
602,MKTAWVFPGQGSQAVGMGVDLLSTAIAKEKYQQAEEILGWSVVEKCQGDEASLALTQNTQPCLYVIEAILADLLRDKGFQPDYVAGHSLGEYSALYAAGVFDFATGLQLVKQRSEVMASASGGMMAALMKFDQTQLQQALTDNTEVVLANDNSPEQVVISGTVAGVEAILANVKARRAVPLKVSGAFHSSFMAQPSQSFAQTLTACHFNDATVPVLSNVDPSPTQNGDRLKEKLIQQMTGSVRWRETMVNLGEIGATDYWEVGPGKVLTGLCKRTCPDLNLKNIGQLDDLNSL,0.0,test,0
109,MAEPRQEFEVMEDHAGTYGLGDRKDQGGYTMHQDQEGDTDAGLKESPLQTPTEDGSEEPGSETSDAKSTPTAEDVTAPLVDEGAPGKQAAAQPHTEIPEGTTAEEAGIGDTPSLEDEAAGHVTQARMVSKSKDGTGSDDKKAKGADGKTKIATPRGAAPPGQKGQANATRIPAKTPPAPKTPPSSGEPPKSGDRSGYSSPGSPGTPGSRSRTPSLPTPPTREPKKVAVVRTPPKSPSSAKSRLKIETHKLTFRENAKAKTDHGAEIVYKSPVVSGDTSPRHLSNVSSTGSIDMVDSPQLATLADEVSASLAKQGL,1.0,test,1
1515,MSDNNGTPEPQVETTSVFRADLLKEMESSTGTAPASTGAENLPAGSALLVVKRGPNAGARFLLDQPTTTAGRHPESDIFLDDVTVSRRHAEFRINEGEFEVVDVGSLNGTYVNREPRNAQVMQTGDEIQIGKFRLVFLAGPAE,0.0,test,0
180,MSDSNQGNNQQNYQQYSQNGNQQQGNNRYQGYQAYNAQAQPAGGYYQNYQGYSGYQQGGYQQYNPDAGYQQQYNPQGGYQQYNPQGGYQQQFNPQGGRGNYKNFNYNNNLQGYQAGFQPQSQGMSLNDFQKQQKQAAPKPKKTLKLVSSSGIKLANATKKVGTKPAESDKKEEEKSAETKEPTKEPTKVEEPVKKEEKPVQTEEKTEEKSELPKVEDLKISESTHNTNNANVTSADALIKEQEEEVDDEVVNDM,1.0,test,1
1532,GSGPTYCWNEANNPGGPNRCSNNKQCDGARTCSSSGFCQGTSRKPDPGPKGPTYCWDEAKNPGGPNRCSNSKQCDGARTCSSSGFCQGTAGHAAA,0.0,test,1
113,MAGLTAAAPRPGVLLLLLSILHPSRPGGVPGAIPGGVPGGVFYPGAGLGALGGGALGPGGKPLKPVPGGLAGAGLGAGLGAFPAVTFPGALVPGGVADAAAAYKAAKAGAGLGGVPGVGGLGVSAGAVVPQPGAGVKPGKVPGVGLPGVYPGGVLPGARFPGVGVLPGVPTGAGVKPKAPGVGGAFAGIPGVGPFGGPQPGVPLGYPIKAPKLPGGYGLPYTTGKLPYGYGPGGVAGAAGKAGYPTGTGVGPQAAAAAAAKAAAKFGAGAAGVLPGVGGAGVPGVPGAIPGIGGIAGVGTPAAAAAAAAAAKAAKYGAAAGLVPGGPGFGPGVVGVPGAGVPGVGVPGAGIPVVPGAGIPGAAVPGVVSPEAAAKAAAKAAKYGARPGVGVGGIPTYGVGAGGFPGFGVGVGGIPGVAGVPGVGGVPGVGGVPGVGISPEAQAAAAAKAAKYGAAGAGVLGGLVPGAPGAVPGVPGTGGVPGVGTPAAAAAKAAAKAAQFGLVPGVGVAPGVGVAPGVGVAPGVGLAPGVGVAPGVGVAPGVGVAPGIGPGGVAAAAKSAAKVAAKAQLRAAAGLGAGIPGLGVGVGVPGLGVGAGVPGLGVGAGVPGFGAGADEGVRRSLSPELREGDPSSSQHLPSTPSSPRVPGALAAAKAAKYGAAVPGVLGGLGALGGVGIPGGVVGAGPAAAAAAAKAAAKAAQFGLVGAAGLGGLGVGGLGVPGVGGLGGIPPAAAAKAAKYGAAGLGGVLGGAGQFPLGGVAARPGFGLSPIFPGGACLGKACGRKRK,1.0,test,1
985,MDYRQLHRWDLPPEEAIKVQNELRKKIKLTPYEGEPEYVAGVDLSFPGKEEGLAVIVVLEYPSFKILEVVSERGEITFPYIPGLLAFREGPLFLKAWEKLRTKPDVVVFDGQGLAHPRKLGIASHMGLFIEIPTIGVAKSRLYGTFKMPEDKRCSWSYLYDGEEIIGCVIRTKEGSAPIFVSPGHLMDVESSKRLIKAFTLPGRRIPEPTRLAHIYTQRLKKGLF,0.0,test,0
1669,MELELRFFATFREVVGQKSIYWRVDDDATVGDVLRSLEAEYDGLAGRLIEDGEVKPHVNVLKNGREVVHLDGMATALDDGDAVSVFPPVAGG,0.0,test,0
1291,MSVNSNAYDAGIMGLKGKDFADQFFADENQVVHESDTVVLVLKKSDEINTFIEEILLTDYKKNVNPTVNVEDRAGYWWIKANGKIEVDCDEISELLGRQFNVYDFLVDVSSTIGRAYTLGNKFTITSELMGLDRKLEDYHA,0.0,test,0
1498,MSSLVYIAFQDNDNARYVVEAIIQDNPHAVVQHHPAMIRIEAEKRLEIRRETVEENLGRAWDVQEMLVDVITIGGNVDEDDDRFVLEWKN,0.0,test,0
746,MVTFLGNPVSFTGKQLQVGDKALDFSLTTTDLSKKSLADFDGKKKVLSVVPSIDTGICSTQTRRFNEELAGLDNTVVLTVSMDLPFAQKRWCGAEGLDNAIMLSDYFDHSFGRDYALLINEWHLLARAVFVLDTDNTIRYVEYVDNINSEPNFEAAIAAAKAL,0.0,test,0
869,MTPEAAYQNLLEFQRETAYLASLGALAAWDQRTMIPKKGHEHRARQMAALARLLHQRMTDPRIGEWLEKVEGSPLVQDPLSDAAVNVREWRQAYERARAIPERLAVELAQAESEAESFWEEARPRDDWRGFLPYLKRVYALTKEKAEVLFALPPAPGDPPYGELYDALLDGYEPGMRARELLPLFAELKEGLKGLLDRILGSGKRPDTSILHRPYPVEAQRRFALELLSACGYDLEAGRLDPTAHPFEIAIGPGDVRITTRYYEDFFNAGIFGTLHEMGHALYEQGLPKEHWGTPRGDAVSLGVHESQSRTWENLVGRSLGFWERFFPRAREVFASLGDVSLEDFHFAVNAVEPSLIRVEADEVTYNLHILVRLELELALFRGELSPEDLPEAWAEKYRDHLGVAPKDYKDGVMQDVHWAGGLFGYFPTYTLGNLYAAQFFQKAEAELGPLEPRFARGEFQPFLDWTRARIHAEGSRFRPRVLVERVTGEAPSARPFLAYLEKKYAALYG,0.0,test,0
422,MANGYTYEDYQDTAKWLLSHTEQRPQVAVICGSGLGGLVNKLTQAQTFDYSEIPNFPESTVPGHAGRLVFGILNGRACVMMQGRFHMYEGYPFWKVTFPVRVFRLLGVETLVVTNAAGGLNPNFEVGDIMLIRDHINLPGFSGENPLRGPNEERFGVRFPAMSDAYDRDMRQKAHSTWKQMGEQRELQEGTYVMLGGPNFETVAECRLLRNLGADAVGMSTVPEVIVARHCGLRVFGFSLITNKVIMDYESQGKANHEEVLEAGKQAAQKLEQFVSLLMASIPVSGHTG,0.0,test,0
1069,MHEWALADAIVRTVLDYAQREGASRVKAVRVVLGELQDVAEDIVKFAMEQLFAGTIAEGAEIEFVEEEAVFKCRNCNYEWKLKEVKDKFDERIKEDIHFIPEVVHAFLACPKCGSHDFEVVKGRGVYVAGIKIEKEGGS,0.0,test,0
165,MKEQEFSYREAKDVSLDSKGLENSFLSSPNREKTPLFFEGNSNETSGYDQTKNFTHGDGDMSLGNLSELNVATDLLESLDLRSMYMHGYGHLDSSFSSQHSPDNRKRMSSTSVFKRINSEEEGRIPSLTYSAGTMNSTSSSTASLKGADIVADYETFNPDQNLAELSFDRSKSSRKRAVEVAEFSRAKTMSPLEYTVQHPYQSHNELSTNPARARAGSVPNLARIPSDVKPVPPAHLSASSTVGPRILPSLPKDTTEDNPALERVETTASLDMDYKPLEPLAPIQEAPVEDTSEPFSSVPEATLDDSDISTESLRKKVLAKMEAKRISSGSSYASTLRKVYDFSELSLPTNGKDYDELYLQSSRNSEPEISTIINDSLQQENMDEDISATSIPKSQAAYGHGSVTYHEVPRYNLTSASVGYSISSQRGRIKSSSTIDNLSAILSSEDLRHPS,1.0,test,0
142,MEREKEQFRKLFIGGLSFETTEESLRNYYEQWGKLTDCVVMRDPASKRSRGFGFVTFSSMAEVDAAMAARPHSIDGRVVEPKRAVAREESGKPGAHVTVKKLFVGGIKEDTEEHHLRDYFEEYGKIDTIEIITDRQSGKKRGFGFVTFDDHDPVDKIVLQKYHTINGHNAEVRKALSRQEMQEVQSSRSGRGGNFGFGDSRGGGGNFGPGPGSNFRGGSDGYGSGRGFGDGYNGYGGGPGGGNFGGSPGYGGGRGGYGGGGPGYGNQGGGYGGGYDNYGGGNYGSGNYNDFGNYNQQPSNYGPMKSGNFGGSRNMGGPYGGGNYGPGGSGGSGGYGGRSRY,1.0,test,1
214,RRRILEQKTQVDGQKKKTNQDDSDYDDDDDTAPSTSFQQMQTQQAFMPTMGQPGIPGLPGAPGMPPGITSLMPAVPPLISGIPHVMAGMHPHGMMSMGGMMHPHRPGIPPMMAGLPPGVPPPGLRPGIPPVTQAQPALSQAVVSRLPVPSTSAPALQSVPKPLFPSAGQAQAHISGPVGTDFKPLNNIPATTAEHPKPTFPAYTQSTMSTTSTTNSTASKPSTSITSKPATLTTTSATSKLVHPDEDISLEEKRAQLPKYQRNLPRPGQAPISNMGSTAVGPLGAMMAPRPGLPPQQHGMRHPLPPHGQYGAPLQGMAGYHPGTMPPFGQGPPMVPPFQGGPPRPLMGIRPPVMSQGGRY,1.0,test,1
1701,MPTKPPYPREAYIVTIEKGKPGQTVTWYQLRADHPKPDSLISEHPTAQEAMDAKKRYEDPDKE,0.0,test,0
1059,MKTLIVVDMQNDFISPLGSLTVPKGEELINPISDLMQDADRDWHRIVVTRDWHPSRHISFAKNHKDKEPYSTYTYHSPRPGDDSTQEGILWPVHCVKNTWGSQLVDQIMDQVVTKHIKIVDKGFLTDREYYSAFHDIWNFHKTDMNKYLEKHHTDEVYIVGVALEYCVKATAISAAELGYKTTVLLDYTRPISDDPEVINKVKEELKAHNINVVDK,0.0,test,0
188,MSKEVSEEAQAHQHGKDYVDPPPAPFFDLGELKLWSFWRAAIAEFIATLLFLYITVATVIGHSKETVVCGSVGLLGIAWAFGGMIFVLVYCTAGISGGHINPAVTFGLFLARKVSLLRALVYMIAQCLGAICGVGLVKAFMKGPYNQFGGGANSVALGYNKGTALGAEIIGTFVLVYTVFSATDPKRSARDSHVPILAPLPIGFAVFMVHLATIPITGTGINPARSFGAAVIFNSNKVWDDQWIFWVGPFIGAAVAAAYHQYVLRAAAIKALGSFRSNPTN,1.0,test,0
99,KHNSNRQLERSGRFGGNPGGFGNQGGFGNSRGGGAGLGNNQGSNMGGGMNFGAFSINPAMMAAAQAALQSSWGMMGMLASQQNQSGPSGNNQNQGNMQREPNQAFGSGNNSYSGSNSGAAIGWGSASNAGSGSGFNGGFGSSMDSKSSGWGM,1.0,test,1
116,MASNDYTQQATQSYGAYPTQPGQGYSQQSSQPYGQQSYSGYSQSTDTSGYGQSSYSSYGQSQNTGYGTQSTPQGYGSTGGYGSSQSSQSSYGQQSSYPGYGQQPAPSSTSGSYGSSSQSSSYGQPQSGSYSQQPSYGGQQQSYGQQQSYNPPQGYGQQNQYNSSSGGGGGGGGGGNYGQDQSSMSSGGGSGGGYGNQDQSGGGGSGGYGQQ,1.0,test,1
867,MKIAIINMGNNVINFKTVPSSETIYLFKVISEMGLNVDIISLKNGVYTKSFDEVDVNDYDRLIVVNSSINFFGGKPNLAILSAQKFMAKYKSKIYYLFTDIRLPFSQSWPNVKNRPWAYLYTEEELLIKSPIKVISQGINLDIAKAAHKKVDNVIEFEYFPIEQYKIHMNDFQLSKPTKKTLDVIYGGSFRSGQRESKMVEFLFDTGLNIEFFGNAREKQFKNPKYPWTKAPVFTGKIPMNMVSEKNSQAIAALIIGDKNYNDNFITLRVWETMASDAVMLIDEEFDTKHRIINDARFYVNNRAELIDRVNELKHSDVLRKEMLSIQHDILNKTRAKKAEWQDAFKKAIDL,0.0,test,0
208,QQANGYKKFPPHDNQYSGANNSQPNNHYNENLYSAREPHNNKQYQSKNGKYGTNKYNNRNNSQGNAQYYNNRFNNGYRLNNNDYN,1.0,test,0
1595,MSQLFKSFDASEKTQLICFPFAGGYSASFRPLHAFLQGECEMLAAEPPGHGTNQTSAIEDLEELTDLYKQELNLRPDRPFVLFGHSMGGMITFRLAQKLEREGIFPQAVIISAIQPPHIQRKKVSHLPDDQFLDHIIQLGGMPAELVENKEVMSFFLPSFRSDYRALEQFELYDLAQIQSPVHVFNGLDDKKCIRDAEGWKKWAKDITFHQFDGGHMFLLSQTEEVAERIFAILNQHPIIQP,0.0,test,0
183,MSEEQFGGDGAAAAATAAVGGSAGEQEGAMVAATQGAAAAAGSGAGTGGGTASGGTEGGSAESEGAKIDASKNEEDEGHSNSSPRHSEAATAQREEWKMFIGGLSWDTTKKDLKDYFSKFGEVVDCTLKLDPITGRSRGFGFVLFKESESVDKVMDQKEHKLNGKVIDPKRAKAMKTKEPVKKIFVGGLSPDTPEEKIREYFGGFGEVESIELPMDNKTNKRRGFCFITFKEEEPVKKIMEKKYHNVGLSKCEIKVAMSKEQYQQQQQWGSRGGFAGRARGRGGGPSQNWNQGYSNYWNQGYGNYGYNSQGYGGYGGYDYTGYNNYYGYGDYSNQQSGYGKVSRRGGHQNSYKPY,1.0,test,0
1477,MAQNNENALPDITKSITLEAPIQKVWETVSTSEGIAKWFMPNDFQLKEGQEFHLQSPFGPSPCKVLAVQAPTELSFEWDTEGWVVTFQLEDLGEKTGFTLIHSGWKEPNEVIGKANEKSSVVRGKMDGGWTGIVNERLRKAVEE,0.0,test,0
