,total_string,grain_size_bin,partition,prediction
38,"A alloy witht the following paramters; as-cast, homogenized temperature nan, homogenized time nan, solutionized time nan, solutized temperature nan, extrusion temperature nan, extrusion speed nan, extrusion ratio nan, concentrations 0.002 Fe, 0.0007 Cu, 0.0002 Ni, 0.0 Nd, 0.0 Zn, 0.31 Ca, 8.7 Al, 0.0 Sn, 0.0235 Mn, 0.0 Si, 0.0 Gd, 0.0 Y, 0.0 Zr",1,train,999
64,"A alloy witht the following paramters; extruded, homogenized temperature nan, homogenized time nan, solutionized time 8.0, solutized temperature 525.0, extrusion temperature 400.0, extrusion speed 12.5, extrusion ratio 25.0, concentrations 0.0049 Fe, 0.0007 Cu, 0.0013 Ni, 0.0 Nd, 0.0 Zn, 0.0 Ca, 0.0 Al, 0.0 Sn, 0.0 Mn, 0.0 Si, 4.82 Gd, 0.0 Y, 0.0 Zr",0,train,999
66,"A alloy witht the following paramters; extruded, homogenized temperature nan, homogenized time nan, solutionized time 8.0, solutized temperature 525.0, extrusion temperature 400.0, extrusion speed 40.0, extrusion ratio 25.0, concentrations 0.0049 Fe, 0.0007 Cu, 0.0013 Ni, 0.0 Nd, 0.0 Zn, 0.0 Ca, 0.0 Al, 0.0 Sn, 0.0 Mn, 0.0 Si, 4.82 Gd, 0.0 Y, 0.0 Zr",0,train,999
42,"A alloy witht the following paramters; as-cast, homogenized temperature nan, homogenized time nan, solutionized time nan, solutized temperature nan, extrusion temperature nan, extrusion speed nan, extrusion ratio nan, concentrations 0.0 Fe, 0.0 Cu, 0.0 Ni, 0.18 Nd, 1.91 Zn, 0.0 Ca, 0.0 Al, 0.0 Sn, 0.0 Mn, 0.0 Si, 0.0 Gd, 0.0 Y, 0.55 Zr",1,train,999
20,"A alloy witht the following paramters; heat-treated, homogenized temperature nan, homogenized time nan, solutionized time 24.0, solutized temperature 420.0, extrusion temperature nan, extrusion speed nan, extrusion ratio nan, concentrations 0.0 Fe, 0.0 Cu, 0.0 Ni, 0.0 Nd, 3.0 Zn, 0.3 Ca, 0.0 Al, 0.0 Sn, 0.0 Mn, 0.0 Si, 0.0 Gd, 0.0 Y, 0.0 Zr",1,train,999
67,"A alloy witht the following paramters; extruded, homogenized temperature nan, homogenized time nan, solutionized time 8.0, solutized temperature 525.0, extrusion temperature 450.0, extrusion speed 12.5, extrusion ratio 25.0, concentrations 0.0049 Fe, 0.0007 Cu, 0.0013 Ni, 0.0 Nd, 0.0 Zn, 0.0 Ca, 0.0 Al, 0.0 Sn, 0.0 Mn, 0.0 Si, 4.82 Gd, 0.0 Y, 0.0 Zr",0,train,999
49,"A alloy witht the following paramters; as-cast, homogenized temperature nan, homogenized time nan, solutionized time nan, solutized temperature nan, extrusion temperature nan, extrusion speed nan, extrusion ratio nan, concentrations 0.011 Fe, 0.0005 Cu, 0.0004 Ni, 0.0 Nd, 0.0 Zn, 0.0 Ca, 7.3 Al, 0.0 Sn, 0.42 Mn, 0.0 Si, 0.0 Gd, 0.0 Y, 0.0 Zr",1,train,999
32,"A alloy witht the following paramters; extruded, homogenized temperature 325.0, homogenized time 10.0, solutionized time nan, solutized temperature nan, extrusion temperature 390.0, extrusion speed 10.0, extrusion ratio 64.0, concentrations 0.0 Fe, 0.0 Cu, 0.0 Ni, 0.5 Nd, 2.0 Zn, 0.0 Ca, 0.0 Al, 0.0 Sn, 0.0 Mn, 0.0 Si, 0.0 Gd, 0.0 Y, 0.0 Zr",0,train,999
28,"A alloy witht the following paramters; as-cast, homogenized temperature nan, homogenized time nan, solutionized time nan, solutized temperature nan, extrusion temperature nan, extrusion speed nan, extrusion ratio nan, concentrations 0.0023 Fe, 0.0 Cu, 0.0 Ni, 0.0 Nd, 0.0 Zn, 0.8533 Ca, 0.0072 Al, 0.0 Sn, 0.0126 Mn, 0.0158 Si, 0.0 Gd, 0.0 Y, 0.0 Zr",1,train,999
15,"A alloy witht the following paramters; extruded, homogenized temperature 435.0, homogenized time 48.0, solutionized time 5.0, solutized temperature 435.0, extrusion temperature 300.0, extrusion speed 1.0, extrusion ratio 12.0, concentrations 0.0 Fe, 3.0 Cu, 0.0 Ni, 0.0 Nd, 2.0 Zn, 0.0 Ca, 0.0 Al, 0.0 Sn, 0.0 Mn, 0.0 Si, 0.0 Gd, 0.0 Y, 0.0 Zr",0,train,999
46,"A alloy witht the following paramters; as-cast, homogenized temperature nan, homogenized time nan, solutionized time nan, solutized temperature nan, extrusion temperature nan, extrusion speed nan, extrusion ratio nan, concentrations 0.002 Fe, 0.00072 Cu, 0.0002 Ni, 0.0 Nd, 0.0 Zn, 0.31 Ca, 8.7 Al, 0.0 Sn, 0.0235 Mn, 0.0 Si, 0.0 Gd, 0.0 Y, 0.0 Zr",1,test,1
36,"A alloy witht the following paramters; as-cast, homogenized temperature nan, homogenized time nan, solutionized time nan, solutized temperature nan, extrusion temperature nan, extrusion speed nan, extrusion ratio nan, concentrations 0.011 Fe, 0.0005 Cu, 0.0004 Ni, 0.0 Nd, 0.0 Zn, 0.0 Ca, 7.3 Al, 0.0 Sn, 0.424 Mn, 0.0 Si, 0.0 Gd, 0.0 Y, 0.0 Zr",1,test,1
6,"A alloy witht the following paramters; heat-treated, homogenized temperature 435.0, homogenized time 48.0, solutionized time 5.0, solutized temperature 435.0, extrusion temperature nan, extrusion speed nan, extrusion ratio nan, concentrations 0.0 Fe, 0.3 Cu, 0.0 Ni, 0.0 Nd, 2.0 Zn, 0.0 Ca, 0.0 Al, 0.0 Sn, 0.0 Mn, 0.0 Si, 0.0 Gd, 0.0 Y, 0.0 Zr",1,test,1
76,"A alloy witht the following paramters; extruded, homogenized temperature nan, homogenized time nan, solutionized time 8.0, solutized temperature 525.0, extrusion temperature 450.0, extrusion speed 12.5, extrusion ratio 25.0, concentrations 0.0119 Fe, 0.0007 Cu, 0.0013 Ni, 0.0 Nd, 0.0 Zn, 0.0 Ca, 0.0 Al, 0.0 Sn, 0.0 Mn, 0.0 Si, 9.62 Gd, 0.0 Y, 0.0 Zr",0,test,0
44,"A alloy witht the following paramters; as-cast, homogenized temperature nan, homogenized time nan, solutionized time nan, solutized temperature nan, extrusion temperature nan, extrusion speed nan, extrusion ratio nan, concentrations 0.0 Fe, 0.0 Cu, 0.0 Ni, 0.91 Nd, 1.9 Zn, 0.0 Ca, 0.0 Al, 0.0 Sn, 0.0 Mn, 0.0 Si, 0.0 Gd, 0.0 Y, 0.58 Zr",1,test,1
73,"A alloy witht the following paramters; extruded, homogenized temperature nan, homogenized time nan, solutionized time 8.0, solutized temperature 525.0, extrusion temperature 400.0, extrusion speed 12.5, extrusion ratio 25.0, concentrations 0.0119 Fe, 0.0007 Cu, 0.0013 Ni, 0.0 Nd, 0.0 Zn, 0.0 Ca, 0.0 Al, 0.0 Sn, 0.0 Mn, 0.0 Si, 9.62 Gd, 0.0 Y, 0.0 Zr",0,test,0
34,"A alloy witht the following paramters; ECAE, homogenized temperature 325.0, homogenized time 10.0, solutionized time nan, solutized temperature nan, extrusion temperature 390.0, extrusion speed 10.0, extrusion ratio 64.0, concentrations 0.0 Fe, 0.0 Cu, 0.0 Ni, 0.5 Nd, 2.0 Zn, 0.0 Ca, 0.0 Al, 0.0 Sn, 0.0 Mn, 0.0 Si, 0.0 Gd, 0.0 Y, 0.0 Zr",0,test,0
25,"A alloy witht the following paramters; extruded, homogenized temperature 280.0, homogenized time 0.5, solutionized time nan, solutized temperature nan, extrusion temperature 260.0, extrusion speed 5.0, extrusion ratio 10.0, concentrations 0.0 Fe, 0.0 Cu, 0.0 Ni, 0.0 Nd, 0.0 Zn, 0.42 Ca, 2.38 Al, 0.0 Sn, 0.48 Mn, 0.0 Si, 0.0 Gd, 0.0 Y, 0.0 Zr",0,test,0
14,"A alloy witht the following paramters; extruded, homogenized temperature 435.0, homogenized time 48.0, solutionized time 5.0, solutized temperature 435.0, extrusion temperature 300.0, extrusion speed 1.0, extrusion ratio 12.0, concentrations 0.0 Fe, 1.0 Cu, 0.0 Ni, 0.0 Nd, 2.0 Zn, 0.0 Ca, 0.0 Al, 0.0 Sn, 0.0 Mn, 0.0 Si, 0.0 Gd, 0.0 Y, 0.0 Zr",0,test,0
69,"A alloy witht the following paramters; extruded, homogenized temperature nan, homogenized time nan, solutionized time 8.0, solutized temperature 525.0, extrusion temperature 450.0, extrusion speed 40.0, extrusion ratio 25.0, concentrations 0.0049 Fe, 0.0007 Cu, 0.0013 Ni, 0.0 Nd, 0.0 Zn, 0.0 Ca, 0.0 Al, 0.0 Sn, 0.0 Mn, 0.0 Si, 4.82 Gd, 0.0 Y, 0.0 Zr",1,test,0
71,"A alloy witht the following paramters; extruded, homogenized temperature nan, homogenized time nan, solutionized time 8.0, solutized temperature 525.0, extrusion temperature 350.0, extrusion speed 20.0, extrusion ratio 25.0, concentrations 0.0119 Fe, 0.0007 Cu, 0.0013 Ni, 0.0 Nd, 0.0 Zn, 0.0 Ca, 0.0 Al, 0.0 Sn, 0.0 Mn, 0.0 Si, 9.62 Gd, 0.0 Y, 0.0 Zr",0,test,0
56,"A alloy witht the following paramters; extruded, homogenized temperature nan, homogenized time nan, solutionized time 8.0, solutized temperature 525.0, extrusion temperature 400.0, extrusion speed 12.5, extrusion ratio 25.0, concentrations 0.002 Fe, 0.0007 Cu, 0.0013 Ni, 0.0 Nd, 0.0 Zn, 0.0 Ca, 0.0 Al, 0.0 Sn, 0.0 Mn, 0.0 Si, 1.97 Gd, 0.0 Y, 0.0 Zr",0,test,0
51,"A alloy witht the following paramters; as-cast, homogenized temperature nan, homogenized time nan, solutionized time nan, solutized temperature nan, extrusion temperature nan, extrusion speed nan, extrusion ratio nan, concentrations 0.0044 Fe, 0.00219 Cu, 0.0002 Ni, 0.0 Nd, 0.0 Zn, 0.85 Ca, 9.0 Al, 0.0 Sn, 0.4 Mn, 0.0 Si, 0.0 Gd, 0.0 Y, 0.0 Zr",1,test,1
17,"A alloy witht the following paramters; heat-treated, homogenized temperature nan, homogenized time nan, solutionized time 24.0, solutized temperature 310.0, extrusion temperature nan, extrusion speed nan, extrusion ratio nan, concentrations 0.0 Fe, 0.0 Cu, 0.0 Ni, 0.0 Nd, 3.0 Zn, 0.3 Ca, 0.0 Al, 0.0 Sn, 0.0 Mn, 0.0 Si, 0.0 Gd, 0.0 Y, 0.0 Zr",1,test,1
23,"A alloy witht the following paramters; heat-treated, homogenized temperature nan, homogenized time nan, solutionized time 48.0, solutized temperature 450.0, extrusion temperature nan, extrusion speed nan, extrusion ratio nan, concentrations 0.0 Fe, 0.0 Cu, 0.0 Ni, 0.0 Nd, 3.0 Zn, 0.3 Ca, 0.0 Al, 0.0 Sn, 0.0 Mn, 0.0 Si, 0.0 Gd, 0.0 Y, 0.0 Zr",1,test,1
8,"A alloy witht the following paramters; heat-treated, homogenized temperature 435.0, homogenized time 48.0, solutionized time 5.0, solutized temperature 435.0, extrusion temperature nan, extrusion speed nan, extrusion ratio nan, concentrations 0.0 Fe, 1.0 Cu, 0.0 Ni, 0.0 Nd, 2.0 Zn, 0.0 Ca, 0.0 Al, 0.0 Sn, 0.0 Mn, 0.0 Si, 0.0 Gd, 0.0 Y, 0.0 Zr",1,test,0
21,"A alloy witht the following paramters; heat-treated, homogenized temperature nan, homogenized time nan, solutionized time 48.0, solutized temperature 420.0, extrusion temperature nan, extrusion speed nan, extrusion ratio nan, concentrations 0.0 Fe, 0.0 Cu, 0.0 Ni, 0.0 Nd, 3.0 Zn, 0.3 Ca, 0.0 Al, 0.0 Sn, 0.0 Mn, 0.0 Si, 0.0 Gd, 0.0 Y, 0.0 Zr",1,test,1
48,"A alloy witht the following paramters; as-cast, homogenized temperature nan, homogenized time nan, solutionized time nan, solutized temperature nan, extrusion temperature nan, extrusion speed nan, extrusion ratio nan, concentrations 0.013 Fe, 0.00253 Cu, 0.0002 Ni, 0.0 Nd, 0.0 Zn, 1.54 Ca, 8.8 Al, 0.0 Sn, 0.033 Mn, 0.0 Si, 0.0 Gd, 0.0 Y, 0.0 Zr",1,test,1
12,"A alloy witht the following paramters; extruded, homogenized temperature 435.0, homogenized time 48.0, solutionized time 5.0, solutized temperature 435.0, extrusion temperature 300.0, extrusion speed 1.0, extrusion ratio 12.0, concentrations 0.0 Fe, 0.3 Cu, 0.0 Ni, 0.0 Nd, 2.0 Zn, 0.0 Ca, 0.0 Al, 0.0 Sn, 0.0 Mn, 0.0 Si, 0.0 Gd, 0.0 Y, 0.0 Zr",0,test,0
9,"A alloy witht the following paramters; heat-treated, homogenized temperature 435.0, homogenized time 48.0, solutionized time 5.0, solutized temperature 435.0, extrusion temperature nan, extrusion speed nan, extrusion ratio nan, concentrations 0.0 Fe, 3.0 Cu, 0.0 Ni, 0.0 Nd, 2.0 Zn, 0.0 Ca, 0.0 Al, 0.0 Sn, 0.0 Mn, 0.0 Si, 0.0 Gd, 0.0 Y, 0.0 Zr",1,test,1
22,"A alloy witht the following paramters; heat-treated, homogenized temperature nan, homogenized time nan, solutionized time 24.0, solutized temperature 450.0, extrusion temperature nan, extrusion speed nan, extrusion ratio nan, concentrations 0.0 Fe, 0.0 Cu, 0.0 Ni, 0.0 Nd, 3.0 Zn, 0.3 Ca, 0.0 Al, 0.0 Sn, 0.0 Mn, 0.0 Si, 0.0 Gd, 0.0 Y, 0.0 Zr",1,test,1
27,"A alloy witht the following paramters; extruded, homogenized temperature 280.0, homogenized time 0.5, solutionized time nan, solutized temperature nan, extrusion temperature 260.0, extrusion speed 5.0, extrusion ratio 10.0, concentrations 0.0 Fe, 0.0 Cu, 0.0 Ni, 0.0 Nd, 3.9 Zn, 0.44 Ca, 0.0 Al, 0.0 Sn, 0.56 Mn, 0.0 Si, 0.0 Gd, 0.0 Y, 0.0 Zr",0,test,1
18,"A alloy witht the following paramters; heat-treated, homogenized temperature nan, homogenized time nan, solutionized time 24.0, solutized temperature 360.0, extrusion temperature nan, extrusion speed nan, extrusion ratio nan, concentrations 0.0 Fe, 0.0 Cu, 0.0 Ni, 0.0 Nd, 3.0 Zn, 0.3 Ca, 0.0 Al, 0.0 Sn, 0.0 Mn, 0.0 Si, 0.0 Gd, 0.0 Y, 0.0 Zr",1,test,1
57,"A alloy witht the following paramters; extruded, homogenized temperature nan, homogenized time nan, solutionized time 8.0, solutized temperature 525.0, extrusion temperature 400.0, extrusion speed 20.0, extrusion ratio 25.0, concentrations 0.002 Fe, 0.0007 Cu, 0.0013 Ni, 0.0 Nd, 0.0 Zn, 0.0 Ca, 0.0 Al, 0.0 Sn, 0.0 Mn, 0.0 Si, 1.97 Gd, 0.0 Y, 0.0 Zr",0,test,0
70,"A alloy witht the following paramters; extruded, homogenized temperature nan, homogenized time nan, solutionized time 8.0, solutized temperature 525.0, extrusion temperature 350.0, extrusion speed 12.5, extrusion ratio 25.0, concentrations 0.0119 Fe, 0.0007 Cu, 0.0013 Ni, 0.0 Nd, 0.0 Zn, 0.0 Ca, 0.0 Al, 0.0 Sn, 0.0 Mn, 0.0 Si, 9.62 Gd, 0.0 Y, 0.0 Zr",0,test,0
50,"A alloy witht the following paramters; as-cast, homogenized temperature nan, homogenized time nan, solutionized time nan, solutized temperature nan, extrusion temperature nan, extrusion speed nan, extrusion ratio nan, concentrations 0.0028 Fe, 0.00361 Cu, 0.0002 Ni, 0.0 Nd, 0.0 Zn, 0.36 Ca, 8.4 Al, 0.0 Sn, 0.3 Mn, 0.0 Si, 0.0 Gd, 0.0 Y, 0.0 Zr",1,test,1
19,"A alloy witht the following paramters; heat-treated, homogenized temperature nan, homogenized time nan, solutionized time 24.0, solutized temperature 400.0, extrusion temperature nan, extrusion speed nan, extrusion ratio nan, concentrations 0.0 Fe, 0.0 Cu, 0.0 Ni, 0.0 Nd, 3.0 Zn, 0.3 Ca, 0.0 Al, 0.0 Sn, 0.0 Mn, 0.0 Si, 0.0 Gd, 0.0 Y, 0.0 Zr",1,test,1
40,"A alloy witht the following paramters; as-cast, homogenized temperature nan, homogenized time nan, solutionized time nan, solutized temperature nan, extrusion temperature nan, extrusion speed nan, extrusion ratio nan, concentrations 0.0077 Fe, 0.001 Cu, 0.0002 Ni, 0.0 Nd, 0.0 Zn, 0.0 Ca, 8.2 Al, 0.38 Sn, 0.03 Mn, 0.0 Si, 0.0 Gd, 0.0 Y, 0.0 Zr",1,test,1
10,"A alloy witht the following paramters; extruded, homogenized temperature 315.0, homogenized time 48.0, solutionized time 5.0, solutized temperature 315.0, extrusion temperature 300.0, extrusion speed 1.0, extrusion ratio 12.0, concentrations 0.0 Fe, 0.0 Cu, 0.0 Ni, 0.0 Nd, 2.0 Zn, 0.0 Ca, 0.0 Al, 0.0 Sn, 0.0 Mn, 0.0 Si, 0.0 Gd, 0.0 Y, 0.0 Zr",0,test,0
31,"A alloy witht the following paramters; as-cast, homogenized temperature nan, homogenized time nan, solutionized time nan, solutized temperature nan, extrusion temperature nan, extrusion speed nan, extrusion ratio nan, concentrations 0.0085 Fe, 0.0 Cu, 0.0 Ni, 0.0 Nd, 7.5626 Zn, 0.8554 Ca, 0.0065 Al, 0.0 Sn, 0.0128 Mn, 0.0212 Si, 0.0 Gd, 0.0 Y, 0.0 Zr",1,test,1
26,"A alloy witht the following paramters; extruded, homogenized temperature 280.0, homogenized time 0.5, solutionized time nan, solutized temperature nan, extrusion temperature 260.0, extrusion speed 5.0, extrusion ratio 10.0, concentrations 0.0 Fe, 0.0 Cu, 0.0 Ni, 0.0 Nd, 0.0 Zn, 0.49 Ca, 0.0 Al, 9.14 Sn, 0.54 Mn, 0.0 Si, 0.0 Gd, 0.0 Y, 0.0 Zr",0,test,0
62,"A alloy witht the following paramters; extruded, homogenized temperature nan, homogenized time nan, solutionized time 8.0, solutized temperature 525.0, extrusion temperature 350.0, extrusion speed 12.5, extrusion ratio 25.0, concentrations 0.0049 Fe, 0.0007 Cu, 0.0013 Ni, 0.0 Nd, 0.0 Zn, 0.0 Ca, 0.0 Al, 0.0 Sn, 0.0 Mn, 0.0 Si, 4.82 Gd, 0.0 Y, 0.0 Zr",0,test,0
37,"A alloy witht the following paramters; as-cast, homogenized temperature nan, homogenized time nan, solutionized time nan, solutized temperature nan, extrusion temperature nan, extrusion speed nan, extrusion ratio nan, concentrations 0.019 Fe, 0.0014 Cu, 0.0002 Ni, 0.25 Nd, 0.0 Zn, 0.0 Ca, 7.0 Al, 0.0 Sn, 0.003 Mn, 0.0 Si, 0.0 Gd, 0.0 Y, 0.0 Zr",1,test,1
16,"A alloy witht the following paramters; as-cast, homogenized temperature nan, homogenized time nan, solutionized time nan, solutized temperature nan, extrusion temperature nan, extrusion speed nan, extrusion ratio nan, concentrations 0.0 Fe, 0.0 Cu, 0.0 Ni, 0.0 Nd, 3.0 Zn, 0.3 Ca, 0.0 Al, 0.0 Sn, 0.0 Mn, 0.0 Si, 0.0 Gd, 0.0 Y, 0.0 Zr",1,test,1
68,"A alloy witht the following paramters; extruded, homogenized temperature nan, homogenized time nan, solutionized time 8.0, solutized temperature 525.0, extrusion temperature 450.0, extrusion speed 20.0, extrusion ratio 25.0, concentrations 0.0049 Fe, 0.0007 Cu, 0.0013 Ni, 0.0 Nd, 0.0 Zn, 0.0 Ca, 0.0 Al, 0.0 Sn, 0.0 Mn, 0.0 Si, 4.82 Gd, 0.0 Y, 0.0 Zr",0,test,0
2,"A alloy witht the following paramters; extruded, homogenized temperature 440.0, homogenized time 0.5, solutionized time nan, solutized temperature nan, extrusion temperature 450.0, extrusion speed 0.6, extrusion ratio 63.0, concentrations 0.0026 Fe, 0.0021 Cu, 0.0011 Ni, 2.39 Nd, 0.0 Zn, 0.0 Ca, 0.0 Al, 0.0 Sn, 0.0 Mn, 0.0 Si, 0.0 Gd, 0.0 Y, 0.0 Zr",0,test,0
35,"A alloy witht the following paramters; as-cast, homogenized temperature nan, homogenized time nan, solutionized time nan, solutized temperature nan, extrusion temperature nan, extrusion speed nan, extrusion ratio nan, concentrations 0.0155 Fe, 0.0003 Cu, 0.0002 Ni, 0.0 Nd, 0.0 Zn, 0.0 Ca, 12.7 Al, 0.0 Sn, 0.0045 Mn, 0.0 Si, 0.0 Gd, 0.0 Y, 0.0 Zr",1,test,1
59,"A alloy witht the following paramters; extruded, homogenized temperature nan, homogenized time nan, solutionized time 8.0, solutized temperature 525.0, extrusion temperature 450.0, extrusion speed 12.5, extrusion ratio 25.0, concentrations 0.002 Fe, 0.0007 Cu, 0.0013 Ni, 0.0 Nd, 0.0 Zn, 0.0 Ca, 0.0 Al, 0.0 Sn, 0.0 Mn, 0.0 Si, 1.97 Gd, 0.0 Y, 0.0 Zr",0,test,0
13,"A alloy witht the following paramters; extruded, homogenized temperature 435.0, homogenized time 48.0, solutionized time 5.0, solutized temperature 435.0, extrusion temperature 300.0, extrusion speed 1.0, extrusion ratio 12.0, concentrations 0.0 Fe, 0.5 Cu, 0.0 Ni, 0.0 Nd, 2.0 Zn, 0.0 Ca, 0.0 Al, 0.0 Sn, 0.0 Mn, 0.0 Si, 0.0 Gd, 0.0 Y, 0.0 Zr",0,test,0
0,"A alloy witht the following paramters; extruded, homogenized temperature 440.0, homogenized time 0.5, solutionized time nan, solutized temperature nan, extrusion temperature 450.0, extrusion speed 0.6, extrusion ratio 63.0, concentrations 0.0015 Fe, 0.0001 Cu, 0.0002 Ni, 0.0 Nd, 0.0 Zn, 0.0 Ca, 0.0 Al, 0.0 Sn, 0.0 Mn, 0.0 Si, 0.0 Gd, 0.0 Y, 0.0 Zr",1,test,0
24,"A alloy witht the following paramters; extruded, homogenized temperature 280.0, homogenized time 0.5, solutionized time nan, solutized temperature nan, extrusion temperature 260.0, extrusion speed 5.0, extrusion ratio 10.0, concentrations 0.0 Fe, 0.0 Cu, 0.0 Ni, 0.0 Nd, 0.0 Zn, 0.39 Ca, 0.0 Al, 0.0 Sn, 0.52 Mn, 0.0 Si, 0.0 Gd, 0.0 Y, 0.0 Zr",0,test,1
75,"A alloy witht the following paramters; extruded, homogenized temperature nan, homogenized time nan, solutionized time 8.0, solutized temperature 525.0, extrusion temperature 400.0, extrusion speed 40.0, extrusion ratio 25.0, concentrations 0.0119 Fe, 0.0007 Cu, 0.0013 Ni, 0.0 Nd, 0.0 Zn, 0.0 Ca, 0.0 Al, 0.0 Sn, 0.0 Mn, 0.0 Si, 9.62 Gd, 0.0 Y, 0.0 Zr",0,test,0
53,"A alloy witht the following paramters; extruded, homogenized temperature nan, homogenized time nan, solutionized time 8.0, solutized temperature 525.0, extrusion temperature 350.0, extrusion speed 12.5, extrusion ratio 25.0, concentrations 0.002 Fe, 0.0007 Cu, 0.0013 Ni, 0.0 Nd, 0.0 Zn, 0.0 Ca, 0.0 Al, 0.0 Sn, 0.0 Mn, 0.0 Si, 1.97 Gd, 0.0 Y, 0.0 Zr",0,test,0
55,"A alloy witht the following paramters; extruded, homogenized temperature nan, homogenized time nan, solutionized time 8.0, solutized temperature 525.0, extrusion temperature 350.0, extrusion speed 40.0, extrusion ratio 25.0, concentrations 0.002 Fe, 0.0007 Cu, 0.0013 Ni, 0.0 Nd, 0.0 Zn, 0.0 Ca, 0.0 Al, 0.0 Sn, 0.0 Mn, 0.0 Si, 1.97 Gd, 0.0 Y, 0.0 Zr",0,test,0
63,"A alloy witht the following paramters; extruded, homogenized temperature nan, homogenized time nan, solutionized time 8.0, solutized temperature 525.0, extrusion temperature 350.0, extrusion speed 40.0, extrusion ratio 25.0, concentrations 0.0049 Fe, 0.0007 Cu, 0.0013 Ni, 0.0 Nd, 0.0 Zn, 0.0 Ca, 0.0 Al, 0.0 Sn, 0.0 Mn, 0.0 Si, 4.82 Gd, 0.0 Y, 0.0 Zr",0,test,0
72,"A alloy witht the following paramters; extruded, homogenized temperature nan, homogenized time nan, solutionized time 8.0, solutized temperature 525.0, extrusion temperature 350.0, extrusion speed 40.0, extrusion ratio 25.0, concentrations 0.0119 Fe, 0.0007 Cu, 0.0013 Ni, 0.0 Nd, 0.0 Zn, 0.0 Ca, 0.0 Al, 0.0 Sn, 0.0 Mn, 0.0 Si, 9.62 Gd, 0.0 Y, 0.0 Zr",0,test,0
7,"A alloy witht the following paramters; heat-treated, homogenized temperature 435.0, homogenized time 48.0, solutionized time 5.0, solutized temperature 435.0, extrusion temperature nan, extrusion speed nan, extrusion ratio nan, concentrations 0.0 Fe, 0.5 Cu, 0.0 Ni, 0.0 Nd, 2.0 Zn, 0.0 Ca, 0.0 Al, 0.0 Sn, 0.0 Mn, 0.0 Si, 0.0 Gd, 0.0 Y, 0.0 Zr",1,test,1
4,"A alloy witht the following paramters; heat-treated, homogenized temperature 315.0, homogenized time 48.0, solutionized time 5.0, solutized temperature 315.0, extrusion temperature nan, extrusion speed nan, extrusion ratio nan, concentrations 0.0 Fe, 0.0 Cu, 0.0 Ni, 0.0 Nd, 2.0 Zn, 0.0 Ca, 0.0 Al, 0.0 Sn, 0.0 Mn, 0.0 Si, 0.0 Gd, 0.0 Y, 0.0 Zr",1,test,1
65,"A alloy witht the following paramters; extruded, homogenized temperature nan, homogenized time nan, solutionized time 8.0, solutized temperature 525.0, extrusion temperature 400.0, extrusion speed 20.0, extrusion ratio 25.0, concentrations 0.0049 Fe, 0.0007 Cu, 0.0013 Ni, 0.0 Nd, 0.0 Zn, 0.0 Ca, 0.0 Al, 0.0 Sn, 0.0 Mn, 0.0 Si, 4.82 Gd, 0.0 Y, 0.0 Zr",0,test,0
80,"A alloy witht the following paramters; extruded, homogenized temperature nan, homogenized time nan, solutionized time 6.0, solutized temperature 525.0, extrusion temperature 400.0, extrusion speed 0.52, extrusion ratio 84.0, concentrations 0.0 Fe, 0.0 Cu, 0.0 Ni, 0.0 Nd, 0.0 Zn, 0.0 Ca, 0.0 Al, 0.0 Sn, 0.0 Mn, 0.0 Si, 5.0 Gd, 0.0 Y, 0.0 Zr",1,test,1
