,first_20,min_pdb,partition,prediction
749,MAEVEETLKRLQSQKGVQGI,1.0,train,999
1101,MIKVKSPGRVNLIGEHTDYT,1.0,train,999
248,MKTAYDVILAPVLSEKAYAG,1.0,train,999
1649,MSTFNAETADNLEDIEKQFA,1.0,train,999
571,MKAPVRVAVTGAAGQIGYSL,1.0,train,999
15,NRQLERSGRFGGNPGGFGNQ,0.0,train,999
752,MFMINVLTLIIPILLAVAFL,1.0,train,999
414,MTHDNKLQVEAIKRGTVIDH,1.0,train,999
63,MLETKSIAALAFTETPRKRK,0.0,train,999
1116,MRVLGIETSCDETGIAIYDD,1.0,train,999
42,MTPLSALTSNPAPSPPPKFA,0.0,train,999
979,MPVPNPTMPVKGAGTTLWVY,1.0,train,999
565,MSQTITQSRLRIDANFKRFV,1.0,train,999
1484,MKMKTKIFRVKGKFLMGDKL,1.0,train,999
75,MSTAREQPIFSTRAHVFQID,0.0,train,999
37,MGSSHHHHHHSSGLVPRGSH,0.0,train,999
658,MTWHILGAGSLGSLWAARLG,1.0,train,999
1601,MNIQITFTDSVRQGTSAKGN,1.0,train,999
69,MEELVVEVRGSNGAFYKAFV,0.0,train,999
67,NSVSTSPAMEQSQSSGTTSS,0.0,train,999
59,MAGHLASDFAFSPPPGGGGD,0.0,train,999
78,FPGFGVGVGGIPGVAGVPGV,0.0,train,999
66,NSVSTSPAMEQSQSSGTTSS,0.0,train,999
27,DSVDPFTQLLLTPQEESIEK,0.0,train,999
1676,MSKSNTYRMLVLLEDDTKIN,1.0,train,999
1761,MDAQTRRRERRAEKQAQWKA,1.0,train,999
10,RGGGFGGNDNFGRGGNFSGR,0.0,train,999
57,GASSRPPPNRTDKEKSYVTD,0.0,train,999
1424,MPGLVDSNPAPPESQEKKPL,1.0,train,999
1419,MSRTIFCTYLQRDAEGQDFQ,1.0,train,999
1653,MAAPVLYGGAGGTATGPGDM,1.0,train,999
23,NASCVGGVLWQRRLRRLAEG,0.0,train,999
52,MSLVNSHSSASVENAAYNLH,0.0,train,999
25,MEANKRQIVEVDGIKSYFFP,0.0,train,999
22,MAENGESSGPPRPSRGPAAA,0.0,train,999
32,MEREKEQFRKLFIGGLSFET,0.0,train,999
631,MIYEGKAITVTALESGIVEL,1.0,train,999
4,MASNDYTQQATQSYGAYPTQ,0.0,train,999
3,DRRGGRGGYDRGGYRGRGGD,0.0,train,999
861,MKLSKDTIAILKNFASINSG,1.0,train,999
868,MINPNPKRSDEPVFWGLFGA,1.0,train,999
221,RADAAPTVSIFPPSSEQLTS,1.0,train,999
82,QTAPVPMPDLKNVKSKIGST,0.0,train,999
38,VSKGEELFTGVVPILVELDG,0.0,train,999
1638,MECYRCGVSGCHLKITCSAE,1.0,train,999
34,FSGPGENRSMSGPDNRGRGR,0.0,train,999
326,MARMHARKRGKSGSKRPPRT,1.0,train,999
893,MSSGKKPVKVKTPAGKEAEL,1.0,train,999
937,MKIGSGEKLLFIGDSITDCG,1.0,train,999
33,MASTDYSTYSQAAAQQGYSA,0.0,train,999
704,MSEFNITETYLRFLEEDTEM,1.0,train,999
77,GLENSGNARDGPLDFEESYK,0.0,train,999
1130,MRDIDSVMRLAPVMPVLVIE,1.0,train,999
1499,MNLEPPKAEIRSATRVMGGP,1.0,train,999
1088,MQVSVETTQGLGRRVTITIA,1.0,train,999
76,ASERTVAWVSNMPHLSADIE,0.0,train,999
73,MDCLCIVTTKKYRYQDEDTP,0.0,train,999
5,DRGGRGRGGSGGGGGGGGGG,0.0,train,999
49,DAEFRHDSGYEVHHQKL,0.0,train,999
1084,MGSSEQELKAIVKDLGCGPY,1.0,train,999
30,MSVADFYGSNVEVLLNNDSK,0.0,train,999
1283,MITPHNILRHELIGLKVEIV,1.0,train,999
14,REPRRIVIHRGSTGLGFNIV,0.0,train,999
0,GQNTRWNNLDAPPSRGTSKW,0.0,train,999
53,MSLVNSHSSASVENAAYNLH,0.0,train,999
68,MEELVVEVRGSNGAFYKAFV,0.0,train,999
557,MTELSGQPPKFGGSTGGLLS,1.0,train,999
779,MVKVKFKYKGEEKEVDTSKI,1.0,train,999
48,GTGRRIHSYRGHLWLF,0.0,train,999
665,MKKHGILNSHLAKILADLGH,1.0,train,999
28,SKDHVNRIIESLEKSSSSEP,0.0,train,999
1578,DFEYLQLVLTWPASFCYANH,1.0,train,999
1671,MDMFSAPDRIPEQIRIFFKT,1.0,train,999
1121,MQIVQIEQAPKDYISDIKII,1.0,train,999
80,MAEPRQEFEVMEDHAGTYGL,0.0,train,999
41,NQDTSSSASPEVAPSFSTDG,0.0,test,0
542,MEIRTFLERALKEDLGHGDL,1.0,test,0
29,MSVADFYGSNVEVLLNNDSK,0.0,test,0
54,MSKSESPKEPEQLRKLFIGG,0.0,test,1
1706,MSFCSFFGGEVFQNHFEPGV,1.0,test,0
55,MEDSMDMDMSPLRPQNYLFG,0.0,test,1
553,MSYDVVIPAAGQGKRMKAGR,1.0,test,0
61,MLETKSIAALAFTETPRKRK,0.0,test,0
7,MSKSESPKEPEQLRKLFIGG,0.0,test,0
43,MSANRTVTVFSSSAEDQEPI,0.0,test,0
79,AAGHVTQARMVSKSKDGTGS,0.0,test,1
1303,MIEVVCNDRLGKKVRVKCNT,1.0,test,1
62,KPHQWQADEEAVRSATCSFS,0.0,test,0
1157,MTVKKLYFIPAGRCMLDHSS,1.0,test,1
51,MGDEDWEAEINPHMSSYVPI,0.0,test,1
944,MEDENILRNAVNLQVLKFHY,1.0,test,1
1657,KEGYLVSKSTGCKYECLKLG,1.0,test,1
686,MLVLVLGDLHIPHRCNSLPA,1.0,test,1
16,RQLERSGRFGGNPGGFGNQG,0.0,test,0
884,MDGSGEQPRGGGPTSSEQIM,1.0,test,0
1396,MIGYQIYVRSFRDGNLDGVG,1.0,test,0
1764,MVLRQLSRKASVKVSKTWSG,1.0,test,1
11,MINPVQQQNQIGYPQPYGQW,0.0,test,0
65,MRIPVAGGDKAASSKPEETS,0.0,test,1
71,MSHVAVENALGLDQQFAGLD,0.0,test,0
800,MADPSLNNPVVIQATRLDAS,1.0,test,1
601,MENRELTYITNSIAEAQRVM,1.0,test,0
1231,MLDFTEASLKKVLTRYNVAL,1.0,test,1
6,MASNDYTQQATQSYGAYPTQ,0.0,test,0
926,MKVLIVESEFLHQDTWVGNA,1.0,test,1
17,MSEYIRVTEDENDEPIEIPS,0.0,test,1
24,MGSSHHHHHHHHASENLYFQ,0.0,test,0
56,MVSKGEELFTGVVPILVELD,0.0,test,1
1511,MTKTITVAHIQYDFKAVLEE,1.0,test,1
64,MRIPVAGGDKAASSKPEEIK,0.0,test,1
36,MGSINNNFNTNNNSNTDLDR,0.0,test,0
18,RRGDGRRRGGGGRGQGGRGR,0.0,test,0
1460,MATSDVKPKSISRAKKWSEE,1.0,test,1
1696,MSTDTGVSLPSYEEDQGSKL,1.0,test,1
44,SSATNRVSPTRSVLPANWRQ,0.0,test,0
1327,MADITLISGSTLGGAEYVAE,1.0,test,1
717,MMIVIKTAIPDVLILEPKVF,1.0,test,1
45,MMVWTPVNNKMFETFSYLPP,0.0,test,0
1042,MKNKVQLITYADRLGDGTIK,1.0,test,1
297,MPPYTVVYFPVRGRCAALRM,1.0,test,1
374,MKTFEILKHLQADAIVLFMK,1.0,test,1
586,MSKTGTKITFYEDKNFQGRR,1.0,test,1
26,MEANKRQIVEVDGIKSYFFP,0.0,test,0
39,MEANKREIVDFGGLRSYFFP,0.0,test,0
1037,MSDKNSRIAIVSADKCKPKK,1.0,test,1
